-- phpMyAdmin SQL Dump
-- version 2.11.11.3
-- http://www.phpmyadmin.net
--
-- Host: 68.178.142.2
-- Generation Time: Apr 01, 2013 at 06:36 AM
-- Server version: 5.0.96
-- PHP Version: 5.1.6

SET SQL_MODE="NO_AUTO_VALUE_ON_ZERO";


/*!40101 SET @OLD_CHARACTER_SET_CLIENT=@@CHARACTER_SET_CLIENT */;
/*!40101 SET @OLD_CHARACTER_SET_RESULTS=@@CHARACTER_SET_RESULTS */;
/*!40101 SET @OLD_COLLATION_CONNECTION=@@COLLATION_CONNECTION */;
/*!40101 SET NAMES utf8 */;

--
-- Database: `tsdliveinx`
--

-- --------------------------------------------------------

--
-- Table structure for table `cart`
--

CREATE TABLE `cart` (
  `user_id` int(11) NOT NULL default '0',
  `package_subscription_id` int(11) NOT NULL default '0',
  `video_id` varchar(255) default NULL,
  `duration` tinyint(4) NOT NULL COMMENT '1:Monthly 2:Yearly'
) ENGINE=InnoDB DEFAULT CHARSET=utf8;

--
-- Dumping data for table `cart`
--


-- --------------------------------------------------------

--
-- Table structure for table `classes`
--

CREATE TABLE `classes` (
  `id` int(11) NOT NULL auto_increment,
  `name` varchar(255) default NULL,
  `image_url` varchar(255) default NULL,
  `start_time` time default NULL,
  `days_of_week` varchar(255) default NULL,
  `start_date` date default NULL,
  `end_date` date default NULL,
  `token` varchar(255) default NULL,
  `status` tinyint(1) NOT NULL default '1' COMMENT '0-InActive, 1-Active',
  `created_at` datetime default NULL,
  `created_by` int(11) default NULL,
  `updated_at` datetime default NULL,
  `updated_by` int(11) default NULL,
  PRIMARY KEY  (`id`),
  KEY `created_by` (`created_by`),
  KEY `updated_by` (`updated_by`)
) ENGINE=InnoDB DEFAULT CHARSET=utf8 AUTO_INCREMENT=1 ;

--
-- Dumping data for table `classes`
--


-- --------------------------------------------------------

--
-- Table structure for table `class_users`
--

CREATE TABLE `class_users` (
  `class_id` int(11) NOT NULL default '0',
  `user_id` int(11) NOT NULL default '0',
  PRIMARY KEY  (`class_id`,`user_id`),
  KEY `class_id` (`class_id`),
  KEY `user_id` (`user_id`)
) ENGINE=InnoDB DEFAULT CHARSET=utf8;

--
-- Dumping data for table `class_users`
--


-- --------------------------------------------------------

--
-- Table structure for table `class_videos`
--

CREATE TABLE `class_videos` (
  `class_id` int(11) NOT NULL default '0',
  `video_id` int(11) NOT NULL default '0',
  PRIMARY KEY  (`class_id`,`video_id`),
  KEY `class_id` (`class_id`),
  KEY `video_id` (`video_id`)
) ENGINE=InnoDB DEFAULT CHARSET=utf8;

--
-- Dumping data for table `class_videos`
--


-- --------------------------------------------------------

--
-- Table structure for table `country_master`
--

CREATE TABLE `country_master` (
  `id` int(11) NOT NULL auto_increment,
  `country` varchar(64) character set latin1 NOT NULL default '',
  `country_code` char(2) character set latin1 NOT NULL default '',
  `country_code_iso3` char(3) character set latin1 NOT NULL default '',
  `is_publish` tinyint(1) NOT NULL default '1',
  PRIMARY KEY  (`id`),
  KEY `IDX_COUNTRIES_NAME` (`country`)
) ENGINE=InnoDB  DEFAULT CHARSET=utf8 ROW_FORMAT=COMPACT AUTO_INCREMENT=240 ;

--
-- Dumping data for table `country_master`
--

INSERT INTO `country_master` VALUES(1, 'United States', 'US', 'USA', 1);
INSERT INTO `country_master` VALUES(2, 'Canada', 'CA', 'CAN', 1);
INSERT INTO `country_master` VALUES(3, 'United Kingdom', 'GB', 'GBR', 1);
INSERT INTO `country_master` VALUES(4, 'Afghanistan', 'AF', 'AFG', 1);
INSERT INTO `country_master` VALUES(5, 'Albania', 'AL', 'ALB', 1);
INSERT INTO `country_master` VALUES(6, 'Algeria', 'DZ', 'DZA', 1);
INSERT INTO `country_master` VALUES(7, 'American Samoa', 'AS', 'ASM', 1);
INSERT INTO `country_master` VALUES(8, 'Andorra', 'AD', 'AND', 1);
INSERT INTO `country_master` VALUES(9, 'Angola', 'AO', 'AGO', 1);
INSERT INTO `country_master` VALUES(10, 'Anguilla', 'AI', 'AIA', 1);
INSERT INTO `country_master` VALUES(11, 'Antarctica', 'AQ', 'ATA', 1);
INSERT INTO `country_master` VALUES(12, 'Antigua and Barbuda', 'AG', 'ATG', 1);
INSERT INTO `country_master` VALUES(13, 'Argentina', 'AR', 'ARG', 1);
INSERT INTO `country_master` VALUES(14, 'Armenia', 'AM', 'ARM', 1);
INSERT INTO `country_master` VALUES(15, 'Aruba', 'AW', 'ABW', 1);
INSERT INTO `country_master` VALUES(16, 'Australia', 'AU', 'AUS', 1);
INSERT INTO `country_master` VALUES(17, 'Austria', 'AT', 'AUT', 1);
INSERT INTO `country_master` VALUES(18, 'Azerbaijan', 'AZ', 'AZE', 1);
INSERT INTO `country_master` VALUES(19, 'Bahamas', 'BS', 'BHS', 1);
INSERT INTO `country_master` VALUES(20, 'Bahrain', 'BH', 'BHR', 1);
INSERT INTO `country_master` VALUES(21, 'Bangladesh', 'BD', 'BGD', 1);
INSERT INTO `country_master` VALUES(22, 'Barbados', 'BB', 'BRB', 1);
INSERT INTO `country_master` VALUES(23, 'Belarus', 'BY', 'BLR', 1);
INSERT INTO `country_master` VALUES(24, 'Belgium', 'BE', 'BEL', 1);
INSERT INTO `country_master` VALUES(25, 'Belize', 'BZ', 'BLZ', 1);
INSERT INTO `country_master` VALUES(26, 'Benin', 'BJ', 'BEN', 1);
INSERT INTO `country_master` VALUES(27, 'Bermuda', 'BM', 'BMU', 1);
INSERT INTO `country_master` VALUES(28, 'Bhutan', 'BT', 'BTN', 1);
INSERT INTO `country_master` VALUES(29, 'Bolivia', 'BO', 'BOL', 1);
INSERT INTO `country_master` VALUES(30, 'Bosnia and Herzegowina', 'BA', 'BIH', 1);
INSERT INTO `country_master` VALUES(31, 'Botswana', 'BW', 'BWA', 1);
INSERT INTO `country_master` VALUES(32, 'Bouvet Island', 'BV', 'BVT', 1);
INSERT INTO `country_master` VALUES(33, 'Brazil', 'BR', 'BRA', 1);
INSERT INTO `country_master` VALUES(34, 'British Indian Ocean Territory', 'IO', 'IOT', 1);
INSERT INTO `country_master` VALUES(35, 'Brunei Darussalam', 'BN', 'BRN', 1);
INSERT INTO `country_master` VALUES(36, 'Bulgaria', 'BG', 'BGR', 1);
INSERT INTO `country_master` VALUES(37, 'Burkina Faso', 'BF', 'BFA', 1);
INSERT INTO `country_master` VALUES(38, 'Burundi', 'BI', 'BDI', 1);
INSERT INTO `country_master` VALUES(39, 'Cambodia', 'KH', 'KHM', 1);
INSERT INTO `country_master` VALUES(40, 'Cameroon', 'CM', 'CMR', 1);
INSERT INTO `country_master` VALUES(41, 'Cape Verde', 'CV', 'CPV', 1);
INSERT INTO `country_master` VALUES(42, 'Cayman Islands', 'KY', 'CYM', 1);
INSERT INTO `country_master` VALUES(43, 'Central African Republic', 'CF', 'CAF', 1);
INSERT INTO `country_master` VALUES(44, 'Chad', 'TD', 'TCD', 1);
INSERT INTO `country_master` VALUES(45, 'Chile', 'CL', 'CHL', 1);
INSERT INTO `country_master` VALUES(46, 'China', 'CN', 'CHN', 1);
INSERT INTO `country_master` VALUES(47, 'Christmas Island', 'CX', 'CXR', 1);
INSERT INTO `country_master` VALUES(48, 'Cocos (Keeling) Islands', 'CC', 'CCK', 1);
INSERT INTO `country_master` VALUES(49, 'Colombia', 'CO', 'COL', 1);
INSERT INTO `country_master` VALUES(50, 'Comoros', 'KM', 'COM', 1);
INSERT INTO `country_master` VALUES(51, 'Congo', 'CG', 'COG', 1);
INSERT INTO `country_master` VALUES(52, 'Cook Islands', 'CK', 'COK', 1);
INSERT INTO `country_master` VALUES(53, 'Costa Rica', 'CR', 'CRI', 1);
INSERT INTO `country_master` VALUES(54, 'Cote D''Ivoire', 'CI', 'CIV', 1);
INSERT INTO `country_master` VALUES(55, 'Croatia', 'HR', 'HRV', 1);
INSERT INTO `country_master` VALUES(56, 'Cuba', 'CU', 'CUB', 1);
INSERT INTO `country_master` VALUES(57, 'Cyprus', 'CY', 'CYP', 1);
INSERT INTO `country_master` VALUES(58, 'Czech Republic', 'CZ', 'CZE', 1);
INSERT INTO `country_master` VALUES(59, 'Denmark', 'DK', 'DNK', 1);
INSERT INTO `country_master` VALUES(60, 'Djibouti', 'DJ', 'DJI', 1);
INSERT INTO `country_master` VALUES(61, 'Dominica', 'DM', 'DMA', 1);
INSERT INTO `country_master` VALUES(62, 'Dominican Republic', 'DO', 'DOM', 1);
INSERT INTO `country_master` VALUES(63, 'East Timor', 'TP', 'TMP', 1);
INSERT INTO `country_master` VALUES(64, 'Ecuador', 'EC', 'ECU', 1);
INSERT INTO `country_master` VALUES(65, 'Egypt', 'EG', 'EGY', 1);
INSERT INTO `country_master` VALUES(66, 'El Salvador', 'SV', 'SLV', 1);
INSERT INTO `country_master` VALUES(67, 'Equatorial Guinea', 'GQ', 'GNQ', 1);
INSERT INTO `country_master` VALUES(68, 'Eritrea', 'ER', 'ERI', 1);
INSERT INTO `country_master` VALUES(69, 'Estonia', 'EE', 'EST', 1);
INSERT INTO `country_master` VALUES(70, 'Ethiopia', 'ET', 'ETH', 1);
INSERT INTO `country_master` VALUES(71, 'Falkland Islands (Malvinas)', 'FK', 'FLK', 1);
INSERT INTO `country_master` VALUES(72, 'Faroe Islands', 'FO', 'FRO', 1);
INSERT INTO `country_master` VALUES(73, 'Fiji', 'FJ', 'FJI', 1);
INSERT INTO `country_master` VALUES(74, 'Finland', 'FI', 'FIN', 1);
INSERT INTO `country_master` VALUES(75, 'France', 'FR', 'FRA', 1);
INSERT INTO `country_master` VALUES(76, 'France, Metropolitan', 'FX', 'FXX', 1);
INSERT INTO `country_master` VALUES(77, 'French Guiana', 'GF', 'GUF', 1);
INSERT INTO `country_master` VALUES(78, 'French Polynesia', 'PF', 'PYF', 1);
INSERT INTO `country_master` VALUES(79, 'French Southern Territories', 'TF', 'ATF', 1);
INSERT INTO `country_master` VALUES(80, 'Gabon', 'GA', 'GAB', 1);
INSERT INTO `country_master` VALUES(81, 'Gambia', 'GM', 'GMB', 1);
INSERT INTO `country_master` VALUES(82, 'Georgia', 'GE', 'GEO', 1);
INSERT INTO `country_master` VALUES(83, 'Germany', 'DE', 'DEU', 1);
INSERT INTO `country_master` VALUES(84, 'Ghana', 'GH', 'GHA', 1);
INSERT INTO `country_master` VALUES(85, 'Gibraltar', 'GI', 'GIB', 1);
INSERT INTO `country_master` VALUES(86, 'Greece', 'GR', 'GRC', 1);
INSERT INTO `country_master` VALUES(87, 'Greenland', 'GL', 'GRL', 1);
INSERT INTO `country_master` VALUES(88, 'Grenada', 'GD', 'GRD', 1);
INSERT INTO `country_master` VALUES(89, 'Guadeloupe', 'GP', 'GLP', 1);
INSERT INTO `country_master` VALUES(90, 'Guam', 'GU', 'GUM', 1);
INSERT INTO `country_master` VALUES(91, 'Guatemala', 'GT', 'GTM', 1);
INSERT INTO `country_master` VALUES(92, 'Guinea', 'GN', 'GIN', 1);
INSERT INTO `country_master` VALUES(93, 'Guinea-bissau', 'GW', 'GNB', 1);
INSERT INTO `country_master` VALUES(94, 'Guyana', 'GY', 'GUY', 1);
INSERT INTO `country_master` VALUES(95, 'Haiti', 'HT', 'HTI', 1);
INSERT INTO `country_master` VALUES(96, 'Heard and Mc Donald Islands', 'HM', 'HMD', 1);
INSERT INTO `country_master` VALUES(97, 'Honduras', 'HN', 'HND', 1);
INSERT INTO `country_master` VALUES(98, 'Hong Kong', 'HK', 'HKG', 1);
INSERT INTO `country_master` VALUES(99, 'Hungary', 'HU', 'HUN', 1);
INSERT INTO `country_master` VALUES(100, 'Iceland', 'IS', 'ISL', 1);
INSERT INTO `country_master` VALUES(101, 'India', 'IN', 'IND', 1);
INSERT INTO `country_master` VALUES(102, 'Indonesia', 'ID', 'IDN', 1);
INSERT INTO `country_master` VALUES(103, 'Iran (Islamic Republic of)', 'IR', 'IRN', 1);
INSERT INTO `country_master` VALUES(104, 'Iraq', 'IQ', 'IRQ', 1);
INSERT INTO `country_master` VALUES(105, 'Ireland', 'IE', 'IRL', 1);
INSERT INTO `country_master` VALUES(106, 'Israel', 'IL', 'ISR', 1);
INSERT INTO `country_master` VALUES(107, 'Italy', 'IT', 'ITA', 1);
INSERT INTO `country_master` VALUES(108, 'Jamaica', 'JM', 'JAM', 1);
INSERT INTO `country_master` VALUES(109, 'Japan', 'JP', 'JPN', 1);
INSERT INTO `country_master` VALUES(110, 'Jordan', 'JO', 'JOR', 1);
INSERT INTO `country_master` VALUES(111, 'Kazakhstan', 'KZ', 'KAZ', 1);
INSERT INTO `country_master` VALUES(112, 'Kenya', 'KE', 'KEN', 1);
INSERT INTO `country_master` VALUES(113, 'Kiribati', 'KI', 'KIR', 1);
INSERT INTO `country_master` VALUES(114, 'Korea, Democratic People''s Republic of', 'KP', 'PRK', 1);
INSERT INTO `country_master` VALUES(115, 'Korea, Republic of', 'KR', 'KOR', 1);
INSERT INTO `country_master` VALUES(116, 'Kuwait', 'KW', 'KWT', 1);
INSERT INTO `country_master` VALUES(117, 'Kyrgyzstan', 'KG', 'KGZ', 1);
INSERT INTO `country_master` VALUES(118, 'Lao People''s Democratic Republic', 'LA', 'LAO', 1);
INSERT INTO `country_master` VALUES(119, 'Latvia', 'LV', 'LVA', 1);
INSERT INTO `country_master` VALUES(120, 'Lebanon', 'LB', 'LBN', 1);
INSERT INTO `country_master` VALUES(121, 'Lesotho', 'LS', 'LSO', 1);
INSERT INTO `country_master` VALUES(122, 'Liberia', 'LR', 'LBR', 1);
INSERT INTO `country_master` VALUES(123, 'Libyan Arab Jamahiriya', 'LY', 'LBY', 1);
INSERT INTO `country_master` VALUES(124, 'Liechtenstein', 'LI', 'LIE', 1);
INSERT INTO `country_master` VALUES(125, 'Lithuania', 'LT', 'LTU', 1);
INSERT INTO `country_master` VALUES(126, 'Luxembourg', 'LU', 'LUX', 1);
INSERT INTO `country_master` VALUES(127, 'Macau', 'MO', 'MAC', 1);
INSERT INTO `country_master` VALUES(128, 'Macedonia, The Former Yugoslav Republic of', 'MK', 'MKD', 1);
INSERT INTO `country_master` VALUES(129, 'Madagascar', 'MG', 'MDG', 1);
INSERT INTO `country_master` VALUES(130, 'Malawi', 'MW', 'MWI', 1);
INSERT INTO `country_master` VALUES(131, 'Malaysia', 'MY', 'MYS', 1);
INSERT INTO `country_master` VALUES(132, 'Maldives', 'MV', 'MDV', 1);
INSERT INTO `country_master` VALUES(133, 'Mali', 'ML', 'MLI', 1);
INSERT INTO `country_master` VALUES(134, 'Malta', 'MT', 'MLT', 1);
INSERT INTO `country_master` VALUES(135, 'Marshall Islands', 'MH', 'MHL', 1);
INSERT INTO `country_master` VALUES(136, 'Martinique', 'MQ', 'MTQ', 1);
INSERT INTO `country_master` VALUES(137, 'Mauritania', 'MR', 'MRT', 1);
INSERT INTO `country_master` VALUES(138, 'Mauritius', 'MU', 'MUS', 1);
INSERT INTO `country_master` VALUES(139, 'Mayotte', 'YT', 'MYT', 1);
INSERT INTO `country_master` VALUES(140, 'Mexico', 'MX', 'MEX', 1);
INSERT INTO `country_master` VALUES(141, 'Micronesia, Federated States of', 'FM', 'FSM', 1);
INSERT INTO `country_master` VALUES(142, 'Moldova, Republic of', 'MD', 'MDA', 1);
INSERT INTO `country_master` VALUES(143, 'Monaco', 'MC', 'MCO', 1);
INSERT INTO `country_master` VALUES(144, 'Mongolia', 'MN', 'MNG', 1);
INSERT INTO `country_master` VALUES(145, 'Montserrat', 'MS', 'MSR', 1);
INSERT INTO `country_master` VALUES(146, 'Morocco', 'MA', 'MAR', 1);
INSERT INTO `country_master` VALUES(147, 'Mozambique', 'MZ', 'MOZ', 1);
INSERT INTO `country_master` VALUES(148, 'Myanmar', 'MM', 'MMR', 1);
INSERT INTO `country_master` VALUES(149, 'Namibia', 'NA', 'NAM', 1);
INSERT INTO `country_master` VALUES(150, 'Nauru', 'NR', 'NRU', 1);
INSERT INTO `country_master` VALUES(151, 'Nepal', 'NP', 'NPL', 1);
INSERT INTO `country_master` VALUES(152, 'Netherlands', 'NL', 'NLD', 1);
INSERT INTO `country_master` VALUES(153, 'Netherlands Antilles', 'AN', 'ANT', 1);
INSERT INTO `country_master` VALUES(154, 'New Caledonia', 'NC', 'NCL', 1);
INSERT INTO `country_master` VALUES(155, 'New Zealand', 'NZ', 'NZL', 1);
INSERT INTO `country_master` VALUES(156, 'Nicaragua', 'NI', 'NIC', 1);
INSERT INTO `country_master` VALUES(157, 'Niger', 'NE', 'NER', 1);
INSERT INTO `country_master` VALUES(158, 'Nigeria', 'NG', 'NGA', 1);
INSERT INTO `country_master` VALUES(159, 'Niue', 'NU', 'NIU', 1);
INSERT INTO `country_master` VALUES(160, 'Norfolk Island', 'NF', 'NFK', 1);
INSERT INTO `country_master` VALUES(161, 'Northern Mariana Islands', 'MP', 'MNP', 1);
INSERT INTO `country_master` VALUES(162, 'Norway', 'NO', 'NOR', 1);
INSERT INTO `country_master` VALUES(163, 'Oman', 'OM', 'OMN', 1);
INSERT INTO `country_master` VALUES(164, 'Pakistan', 'PK', 'PAK', 1);
INSERT INTO `country_master` VALUES(165, 'Palau', 'PW', 'PLW', 1);
INSERT INTO `country_master` VALUES(166, 'Panama', 'PA', 'PAN', 1);
INSERT INTO `country_master` VALUES(167, 'Papua New Guinea', 'PG', 'PNG', 1);
INSERT INTO `country_master` VALUES(168, 'Paraguay', 'PY', 'PRY', 1);
INSERT INTO `country_master` VALUES(169, 'Peru', 'PE', 'PER', 1);
INSERT INTO `country_master` VALUES(170, 'Philippines', 'PH', 'PHL', 1);
INSERT INTO `country_master` VALUES(171, 'Pitcairn', 'PN', 'PCN', 1);
INSERT INTO `country_master` VALUES(172, 'Poland', 'PL', 'POL', 1);
INSERT INTO `country_master` VALUES(173, 'Portugal', 'PT', 'PRT', 1);
INSERT INTO `country_master` VALUES(174, 'Puerto Rico', 'PR', 'PRI', 1);
INSERT INTO `country_master` VALUES(175, 'Qatar', 'QA', 'QAT', 1);
INSERT INTO `country_master` VALUES(176, 'Reunion', 'RE', 'REU', 1);
INSERT INTO `country_master` VALUES(177, 'Romania', 'RO', 'ROM', 1);
INSERT INTO `country_master` VALUES(178, 'Russian Federation', 'RU', 'RUS', 1);
INSERT INTO `country_master` VALUES(179, 'Rwanda', 'RW', 'RWA', 1);
INSERT INTO `country_master` VALUES(180, 'Saint Kitts and Nevis', 'KN', 'KNA', 1);
INSERT INTO `country_master` VALUES(181, 'Saint Lucia', 'LC', 'LCA', 1);
INSERT INTO `country_master` VALUES(182, 'Saint Vincent and the Grenadines', 'VC', 'VCT', 1);
INSERT INTO `country_master` VALUES(183, 'Samoa', 'WS', 'WSM', 1);
INSERT INTO `country_master` VALUES(184, 'San Marino', 'SM', 'SMR', 1);
INSERT INTO `country_master` VALUES(185, 'Sao Tome and Principe', 'ST', 'STP', 1);
INSERT INTO `country_master` VALUES(186, 'Saudi Arabia', 'SA', 'SAU', 1);
INSERT INTO `country_master` VALUES(187, 'Senegal', 'SN', 'SEN', 1);
INSERT INTO `country_master` VALUES(188, 'Seychelles', 'SC', 'SYC', 1);
INSERT INTO `country_master` VALUES(189, 'Sierra Leone', 'SL', 'SLE', 1);
INSERT INTO `country_master` VALUES(190, 'Singapore', 'SG', 'SGP', 1);
INSERT INTO `country_master` VALUES(191, 'Slovakia (Slovak Republic)', 'SK', 'SVK', 1);
INSERT INTO `country_master` VALUES(192, 'Slovenia', 'SI', 'SVN', 1);
INSERT INTO `country_master` VALUES(193, 'Solomon Islands', 'SB', 'SLB', 1);
INSERT INTO `country_master` VALUES(194, 'Somalia', 'SO', 'SOM', 1);
INSERT INTO `country_master` VALUES(195, 'South Africa', 'ZA', 'ZAF', 1);
INSERT INTO `country_master` VALUES(196, 'South Georgia and the South Sandwich Islands', 'GS', 'SGS', 1);
INSERT INTO `country_master` VALUES(197, 'Spain', 'ES', 'ESP', 1);
INSERT INTO `country_master` VALUES(198, 'Sri Lanka', 'LK', 'LKA', 1);
INSERT INTO `country_master` VALUES(199, 'St. Helena', 'SH', 'SHN', 1);
INSERT INTO `country_master` VALUES(200, 'St. Pierre and Miquelon', 'PM', 'SPM', 1);
INSERT INTO `country_master` VALUES(201, 'Sudan', 'SD', 'SDN', 1);
INSERT INTO `country_master` VALUES(202, 'Suriname', 'SR', 'SUR', 1);
INSERT INTO `country_master` VALUES(203, 'Svalbard and Jan Mayen Islands', 'SJ', 'SJM', 1);
INSERT INTO `country_master` VALUES(204, 'Swaziland', 'SZ', 'SWZ', 1);
INSERT INTO `country_master` VALUES(205, 'Sweden', 'SE', 'SWE', 1);
INSERT INTO `country_master` VALUES(206, 'Switzerland', 'CH', 'CHE', 1);
INSERT INTO `country_master` VALUES(207, 'Syrian Arab Republic', 'SY', 'SYR', 1);
INSERT INTO `country_master` VALUES(208, 'Taiwan', 'TW', 'TWN', 1);
INSERT INTO `country_master` VALUES(209, 'Tajikistan', 'TJ', 'TJK', 1);
INSERT INTO `country_master` VALUES(210, 'Tanzania, United Republic of', 'TZ', 'TZA', 1);
INSERT INTO `country_master` VALUES(211, 'Thailand', 'TH', 'THA', 1);
INSERT INTO `country_master` VALUES(212, 'Togo', 'TG', 'TGO', 1);
INSERT INTO `country_master` VALUES(213, 'Tokelau', 'TK', 'TKL', 1);
INSERT INTO `country_master` VALUES(214, 'Tonga', 'TO', 'TON', 1);
INSERT INTO `country_master` VALUES(215, 'Trinidad and Tobago', 'TT', 'TTO', 1);
INSERT INTO `country_master` VALUES(216, 'Tunisia', 'TN', 'TUN', 1);
INSERT INTO `country_master` VALUES(217, 'Turkey', 'TR', 'TUR', 1);
INSERT INTO `country_master` VALUES(218, 'Turkmenistan', 'TM', 'TKM', 1);
INSERT INTO `country_master` VALUES(219, 'Turks and Caicos Islands', 'TC', 'TCA', 1);
INSERT INTO `country_master` VALUES(220, 'Tuvalu', 'TV', 'TUV', 1);
INSERT INTO `country_master` VALUES(221, 'Uganda', 'UG', 'UGA', 1);
INSERT INTO `country_master` VALUES(222, 'Ukraine', 'UA', 'UKR', 1);
INSERT INTO `country_master` VALUES(223, 'United Arab Emirates', 'AE', 'ARE', 1);
INSERT INTO `country_master` VALUES(224, 'United States Minor Outlying Islands', 'UM', 'UMI', 1);
INSERT INTO `country_master` VALUES(225, 'Uruguay', 'UY', 'URY', 1);
INSERT INTO `country_master` VALUES(226, 'Uzbekistan', 'UZ', 'UZB', 1);
INSERT INTO `country_master` VALUES(227, 'Vanuatu', 'VU', 'VUT', 1);
INSERT INTO `country_master` VALUES(228, 'Vatican City State (Holy See)', 'VA', 'VAT', 1);
INSERT INTO `country_master` VALUES(229, 'Venezuela', 'VE', 'VEN', 1);
INSERT INTO `country_master` VALUES(230, 'Viet Nam', 'VN', 'VNM', 1);
INSERT INTO `country_master` VALUES(231, 'Virgin Islands (British)', 'VG', 'VGB', 1);
INSERT INTO `country_master` VALUES(232, 'Virgin Islands (U.S.)', 'VI', 'VIR', 1);
INSERT INTO `country_master` VALUES(233, 'Wallis and Futuna Islands', 'WF', 'WLF', 1);
INSERT INTO `country_master` VALUES(234, 'Western Sahara', 'EH', 'ESH', 1);
INSERT INTO `country_master` VALUES(235, 'Yemen', 'YE', 'YEM', 1);
INSERT INTO `country_master` VALUES(236, 'Yugoslavia', 'YU', 'YUG', 1);
INSERT INTO `country_master` VALUES(237, 'Zaire', 'ZR', 'ZAR', 1);
INSERT INTO `country_master` VALUES(238, 'Zambia', 'ZM', 'ZMB', 1);
INSERT INTO `country_master` VALUES(239, 'Zimbabwe', 'ZW', 'ZWE', 1);

-- --------------------------------------------------------

--
-- Table structure for table `email_format`
--

CREATE TABLE `email_format` (
  `id` int(11) NOT NULL auto_increment,
  `title` enum('0','1','2') NOT NULL COMMENT '''0-Visitor Login'',''1-Individual'',''2-Group''',
  `subject` varchar(255) NOT NULL,
  `body` text NOT NULL,
  `file_name` varchar(255) NOT NULL,
  `last_updated` datetime NOT NULL,
  `status` enum('0','1') NOT NULL default '1' COMMENT '1-Active,0-Inactive',
  PRIMARY KEY  (`id`)
) ENGINE=InnoDB  DEFAULT CHARSET=latin1 AUTO_INCREMENT=5 ;

--
-- Dumping data for table `email_format`
--

INSERT INTO `email_format` VALUES(1, '0', 'Thank you for Registration', '<table width="98%" cellspacing="0" cellpadding="0" style="border: solid 2px #a6a6a6; font-family:Arial, Helvetica, sans-serif">\r\n    <tbody>\r\n        <tr>\r\n            <td valign="top" align="left" style="background:#cccccc; border-bottom:solid 2px #a6a6a6; font-size:22px; padding:5px 10px; font-family:''Times New Roman'', Times, serif !important"><span style="color:#bf0a22; font-size:22px; ">Twinkle </span>Star <span style="color:#bf0a22; font-size:22px; ">Dance</span></td>\r\n        </tr>\r\n        <tr>\r\n            <td valign="top" align="left">\r\n            <table width="630" height="216" cellspacing="0" cellpadding="10" border="0" align="center">\r\n                <tbody>\r\n                    <tr>\r\n                        <td valign="top" align="left">\r\n                        <p style="font-size:12px; font-family:Arial, Helvetica, sans-serif">Hi <strong>{USERNAME}</strong>,</p>\r\n                        <p style="font-size:12px; font-family:Arial, Helvetica, sans-serif">Your <span style="color:#bf0a22;">twinklestardance</span> account has been created. Your login details as below.</p>\r\n                        <p style="font-size:12px; font-family:Arial, Helvetica, sans-serif">&nbsp;</p>\r\n                        <p style="font-size:12px; font-family:Arial, Helvetica, sans-serif">Username: <strong>{USERNAME}</strong></p>\r\n                        <p style="font-size:12px; font-family:Arial, Helvetica, sans-serif">Password:&nbsp;<strong>{PASSWORD}</strong></p>\r\n                        <p style="font-size:12px; font-family:Arial, Helvetica, sans-serif">&nbsp;</p>\r\n                        <p style="font-size:12px; font-family:Arial, Helvetica, sans-serif">You can now begin building your class and get connected.</p>\r\n                        <p style="font-size:12px; font-family:Arial, Helvetica, sans-serif">Be sure to add us to your safe list so all of your requests from <strong>TwinkleStarDance</strong> arrive directly in your inbox rather than junk mail.</p>\r\n                        <p style="font-size:12px; font-family:Arial, Helvetica, sans-serif">Warm regards,</p>\r\n                        <p style="font-size:12px; font-family:Arial, Helvetica, sans-serif">The TwinkleStarDance Team</p>\r\n                        </td>\r\n                    </tr>\r\n                </tbody>\r\n            </table>\r\n            </td>\r\n        </tr>\r\n    </tbody>\r\n</table>\r\n<p>&nbsp;</p>', 'WELCOME_INSTRUCTOR', '2012-08-08 00:00:00', '1');
INSERT INTO `email_format` VALUES(2, '0', 'Forgot your password?', '<table width="98%" cellspacing="0" cellpadding="0" style="border: solid 2px #a6a6a6; font-family:Arial, Helvetica, sans-serif">\r\n    <tbody>\r\n        <tr>\r\n            <td valign="top" align="left" style="background:#cccccc; border-bottom:solid 2px #a6a6a6; font-size:22px; padding:5px 10px; font-family:''Times New Roman'', Times, serif !important"><span style="color:#bf0a22; font-size:22px; ">Twinkle </span>Star <span style="color:#bf0a22; font-size:22px; ">Dance</span></td>\r\n        </tr>\r\n        <tr>\r\n            <td valign="top" align="left">\r\n            <table width="630" height="216" cellspacing="0" cellpadding="10" border="0" align="center">\r\n                <tbody>\r\n                    <tr>\r\n                        <td valign="top" align="left">\r\n                        <p style="font-size:12px; font-family:Arial, Helvetica, sans-serif">Hi <strong>{USERNAME}</strong>,</p>\r\n                        <p style="font-size:12px; font-family:Arial, Helvetica, sans-serif">&nbsp;</p>\r\n                        <p style="font-size:12px; font-family:Arial, Helvetica, sans-serif">Your <span style="color:#bf0a22;">twinklestardance</span> account login details as below.</p>\r\n                        <p style="font-size:12px; font-family:Arial, Helvetica, sans-serif">&nbsp;</p>\r\n                        <p style="font-size:12px; font-family:Arial, Helvetica, sans-serif">Username: <strong>{USERNAME}</strong></p>\r\n                        <p style="font-size:12px; font-family:Arial, Helvetica, sans-serif">Password:&nbsp;<strong>{PASSWORD}</strong></p>\r\n                        <p style="font-size:12px; font-family:Arial, Helvetica, sans-serif">&nbsp;</p>\r\n                        <p style="font-size:12px; font-family:Arial, Helvetica, sans-serif">&nbsp;</p>\r\n                        <p style="font-size:12px; font-family:Arial, Helvetica, sans-serif">Be sure to add us to your safe list so all of your requests from <strong>TwinkleStarDance</strong> arrive directly in your inbox rather than junk mail.</p>\r\n                        <p style="font-size:12px; font-family:Arial, Helvetica, sans-serif">Warm regards,</p>\r\n                        <p style="font-size:12px; font-family:Arial, Helvetica, sans-serif">The TwinkleStarDance Team</p>\r\n                        </td>\r\n                    </tr>\r\n                </tbody>\r\n            </table>\r\n            </td>\r\n        </tr>\r\n    </tbody>\r\n</table>\r\n<p>&nbsp;</p>', 'FORGOT_PASSWORD', '2013-02-22 00:00:00', '1');
INSERT INTO `email_format` VALUES(3, '0', 'Thank you for Registration', '<table width="98%" cellspacing="0" cellpadding="0" style="border: solid 2px #a6a6a6; font-family:Arial, Helvetica, sans-serif">\r\n    <tbody>\r\n        <tr>\r\n            <td valign="top" align="left" style="background:#cccccc; border-bottom:solid 2px #a6a6a6; font-size:22px; padding:5px 10px; font-family:''Times New Roman'', Times, serif !important"><span style="color:#bf0a22; font-size:22px; ">Twinkle </span>Star <span style="color:#bf0a22; font-size:22px; ">Dance</span></td>\r\n        </tr>\r\n        <tr>\r\n            <td valign="top" align="left">\r\n            <table width="630" height="216" cellspacing="0" cellpadding="10" border="0" align="center">\r\n                <tbody>\r\n                    <tr>\r\n                        <td valign="top" align="left">\r\n                        <p style="font-size:12px; font-family:Arial, Helvetica, sans-serif">Hi <strong>{USERNAME}</strong>,</p>\r\n                        <p style="font-size:12px; font-family:Arial, Helvetica, sans-serif">&nbsp;</p>\r\n                        <p style="font-size:12px; font-family:Arial, Helvetica, sans-serif">Your <span style="color:#bf0a22;">twinklestardance</span> account login details as below.</p>\r\n                        <p style="font-size:12px; font-family:Arial, Helvetica, sans-serif">&nbsp;</p>\r\n                        <p style="font-size:12px; font-family:Arial, Helvetica, sans-serif">Username: <strong>{USERNAME}</strong></p>\r\n                        <p style="font-size:12px; font-family:Arial, Helvetica, sans-serif">Password:&nbsp;<strong>{PASSWORD}</strong></p>\r\n                        <p style="font-size:12px; font-family:Arial, Helvetica, sans-serif">&nbsp;</p>\r\n                        <p style="font-size:12px; font-family:Arial, Helvetica, sans-serif">&nbsp;</p>\r\n                        <p style="font-size:12px; font-family:Arial, Helvetica, sans-serif">Be sure to add us to your safe list so all of your requests from <strong>TwinkleStarDance</strong> arrive directly in your inbox rather than junk mail.</p>\r\n                        <p style="font-size:12px; font-family:Arial, Helvetica, sans-serif">Warm regards,</p>\r\n                        <p style="font-size:12px; font-family:Arial, Helvetica, sans-serif">The TwinkleStarDance Team</p>\r\n                        </td>\r\n                    </tr>\r\n                </tbody>\r\n            </table>\r\n            </td>\r\n        </tr>\r\n    </tbody>\r\n</table>\r\n<p>&nbsp;</p>', 'WELCOME_STUDIO', '2013-03-21 12:04:47', '1');
INSERT INTO `email_format` VALUES(4, '0', 'Thank you for Registration', '<table width="98%" cellspacing="0" cellpadding="0" style="border: solid 2px #a6a6a6; font-family:Arial, Helvetica, sans-serif">\r\n    <tbody>\r\n        <tr>\r\n            <td valign="top" align="left" style="background:#cccccc; border-bottom:solid 2px #a6a6a6; font-size:22px; padding:5px 10px; font-family:''Times New Roman'', Times, serif !important"><span style="color:#bf0a22; font-size:22px; ">Twinkle </span>Star <span style="color:#bf0a22; font-size:22px; ">Dance</span></td>\r\n        </tr>\r\n        <tr>\r\n            <td valign="top" align="left">\r\n            <table width="630" height="216" cellspacing="0" cellpadding="10" border="0" align="center">\r\n                <tbody>\r\n                    <tr>\r\n                        <td valign="top" align="left">\r\n                        <p style="font-size:12px; font-family:Arial, Helvetica, sans-serif">Hi <strong>{USERNAME}</strong>,</p>\r\n                        <p style="font-size:12px; font-family:Arial, Helvetica, sans-serif">&nbsp;</p>\r\n                        <p style="font-size:12px; font-family:Arial, Helvetica, sans-serif">Your <span style="color:#bf0a22;">twinklestardance</span> account login details as below.</p>\r\n                        <p style="font-size:12px; font-family:Arial, Helvetica, sans-serif">&nbsp;</p>\r\n                        <p style="font-size:12px; font-family:Arial, Helvetica, sans-serif">Username: <strong>{USERNAME}</strong></p>\r\n                        <p style="font-size:12px; font-family:Arial, Helvetica, sans-serif">Password:&nbsp;<strong>{PASSWORD}</strong></p>\r\n                        <p style="font-size:12px; font-family:Arial, Helvetica, sans-serif">&nbsp;</p>\r\n                        <p style="font-size:12px; font-family:Arial, Helvetica, sans-serif">&nbsp;</p>\r\n                        <p style="font-size:12px; font-family:Arial, Helvetica, sans-serif">Be sure to add us to your safe list so all of your requests from <strong>TwinkleStarDance</strong> arrive directly in your inbox rather than junk mail.</p>\r\n                        <p style="font-size:12px; font-family:Arial, Helvetica, sans-serif">Warm regards,</p>\r\n                        <p style="font-size:12px; font-family:Arial, Helvetica, sans-serif">The TwinkleStarDance Team</p>\r\n                        </td>\r\n                    </tr>\r\n                </tbody>\r\n            </table>\r\n            </td>\r\n        </tr>\r\n    </tbody>\r\n</table>\r\n<p>&nbsp;</p>', 'WELCOME_DANCER', '2013-03-21 12:04:48', '1');

-- --------------------------------------------------------

--
-- Table structure for table `module`
--

CREATE TABLE `module` (
  `id` int(10) unsigned NOT NULL auto_increment,
  `module_code` varchar(50) character set latin1 NOT NULL default '',
  `version` varchar(50) character set latin1 default NULL,
  `is_publish` tinyint(1) default NULL,
  PRIMARY KEY  (`id`)
) ENGINE=InnoDB  DEFAULT CHARSET=utf8 AUTO_INCREMENT=2 ;

--
-- Dumping data for table `module`
--

INSERT INTO `module` VALUES(1, 'admin', '1.0', 1);

-- --------------------------------------------------------

--
-- Table structure for table `mst_pages`
--

CREATE TABLE `mst_pages` (
  `id` int(10) unsigned NOT NULL auto_increment,
  `title` varchar(255) NOT NULL,
  `custom_url_key` varchar(255) default NULL,
  `content` text NOT NULL,
  `meta_title` text,
  `meta_keyword` text,
  `meta_description` text,
  `pos` int(11) default '0',
  `created_user_id` int(11) default NULL,
  `updated_user_id` int(11) default NULL,
  `created_at` datetime NOT NULL default '0000-00-00 00:00:00',
  `updated_at` datetime NOT NULL default '0000-00-00 00:00:00',
  `status` tinyint(1) unsigned NOT NULL default '1' COMMENT '0=inactive, 1=active, 2=deleted',
  PRIMARY KEY  (`id`),
  KEY `created_user_id` (`created_user_id`),
  KEY `updated_user_id` (`updated_user_id`)
) ENGINE=InnoDB  DEFAULT CHARSET=utf8 COMMENT='Content Management' AUTO_INCREMENT=6 ;

--
-- Dumping data for table `mst_pages`
--

INSERT INTO `mst_pages` VALUES(1, 'About Tiffany Henderson', 'about_us', '<p><img src="../images/about_img.jpg" width="298" height="237" alt="" />Who does Tiffany Henderson think she is? Above all? Experienced. She&rsquo;s the successful owner of seven Tiffany&rsquo;s Dance Academy locations with over 2500 students and enrollment of over 4000. She produces four Nutcracker&rsquo;s each December, a professional dance performance each January in San Francisco and her 300 performing company dancers participate in 4 convention competitions and a Nationals competition each season. Oh yeah, she also still teaches 15 hours a week and produces 25 annual recitals during the first two weeks of June each year. She&rsquo;s a regular guest speaker at Dance Teacher Summit, DanceLife Conference, Danceteacherweb Conference and contributor to Dance Teacher magazine,  DanceStudioOwner.com and Dance Informa Magazine and Owner/Director of Tiffany&rsquo;s Dance Academy&rsquo;s seven California locations.</p>\r\n<p class="mar_t22">She was born in the San Francisco Bay Area in 1973 and has had a rich and exciting career as a professional Jazz Dancer. In 1992 she was awarded a one-year scholarship to the renowned Tremaine Dance Center in Hollywood. At the completion of her scholarship she performed as the Tremaine Scholarship Show Featured Dancer. She continued her professional studies at the prestigious School of Dance at the University of Arizona, where she graduated Magna Cum Laude with a B.F.A. in Dance in 1997. Tiffany&rsquo;s career highlights include: performances with Quinn/Williams Jazz at the 1995 Jazz Dance World Congress in Nagoya, Japan; the 1996 Jazz World Congress at Washington&rsquo;s Kennedy Center for the Performing Arts; the opening of the International Theatre School in Amsterdam, Holland in 1997 and at Symphony Hall in Phoenix, Arizona. She was also a member of Zohar Dance Company, has performed in many industrial shows, including the Microsoft Global Summit and American Greeting Cards, and was a soloist with La JAZDANZ of Louisiana, a company she was instrumental in bringing to the Amador Theatre in Pleasanton. Tiffany is now extremely excited to share her Twinkle Star Dance&trade; curriculum with studio owners worldwide.</p>\r\n<h3>About Twinkle Star Dance</h3>\r\n', 'About Us', 'Twinkle Star Dance About Us', 'Twinkle Star Dance About Us page.', 0, 1, 1, '2013-01-07 11:49:44', '2013-04-01 18:37:40', 1);
INSERT INTO `mst_pages` VALUES(2, 'Contact Us', 'contact_us', '<p>Lorem Ipsum Lorem Ipsum Lorem Ipsum Lorem Ipsum Lorem Ipsum Lorem Ipsum Lorem Ipsum Lorem Ipsum Lorem Ipsum Lorem Ipsum Lorem Ipsum Lorem Ipsum Lorem Ipsum Lorem Ipsum Lorem Ipsum Lorem Ipsum Lorem Ipsum Lorem Ipsum Lorem Ipsum Lorem Ipsum Lorem Ipsum Lorem Ipsum Lorem Ipsum Lorem Ipsum Lorem Ipsum Lorem Ipsum Lorem Ipsum Lorem Ipsum Lorem Ipsum Lorem Ipsum Lorem Ipsum Lorem Ipsum Lorem Ipsum Lorem Ipsum Lorem Ipsum Lorem Ipsum Lorem Ipsum Lorem Ipsum Lorem Ipsum Lorem Ipsum Lorem Ipsum Lorem Ipsum Lorem Ipsum Lorem Ipsum Lorem Ipsum Lorem Ipsum Lorem Ipsum Lorem Ipsum Lorem Ipsum Lorem Ipsum Lorem Ipsum Lorem Ipsum</p>\r\n<p>Lorem Ipsum Lorem Ipsum Lorem Ipsum Lorem Ipsum Lorem Ipsum Lorem Ipsum Lorem Ipsum Lorem Ipsum Lorem Ipsum Lorem Ipsum Lorem Ipsum Lorem Ipsum Lorem Ipsum Lorem Ipsum Lorem Ipsum Lorem Ipsum Lorem Ipsum Lorem Ipsum Lorem Ipsum Lorem Ipsum Lorem Ipsum Lorem Ipsum Lorem Ipsum Lorem Ipsum Lorem Ipsum Lorem Ipsum Lorem Ipsum Lorem Ipsum Lorem Ipsum Lorem Ipsum Lorem Ipsum Lorem Ipsum Lorem Ipsum Lorem Ipsum Lorem Ipsum Lorem Ipsum Lorem Ipsum Lorem Ipsum Lorem Ipsum Lorem Ipsum Lorem Ipsum Lorem Ipsum Lorem Ipsum Lorem Ipsum Lorem Ipsum Lorem Ipsum Lorem Ipsum Lorem Ipsum Lorem Ipsum Lorem Ipsum Lorem Ipsum Lorem Ipsum</p>\r\n<p>Lorem Ipsum Lorem Ipsum Lorem Ipsum Lorem Ipsum Lorem Ipsum Lorem Ipsum Lorem Ipsum Lorem Ipsum Lorem Ipsum Lorem Ipsum Lorem Ipsum Lorem Ipsum Lorem Ipsum Lorem Ipsum Lorem Ipsum Lorem Ipsum Lorem Ipsum Lorem Ipsum Lorem Ipsum Lorem Ipsum Lorem Ipsum Lorem Ipsum Lorem Ipsum Lorem Ipsum Lorem Ipsum Lorem Ipsum Lorem Ipsum Lorem Ipsum Lorem Ipsum Lorem Ipsum Lorem Ipsum Lorem Ipsum Lorem Ipsum Lorem Ipsum Lorem Ipsum Lorem Ipsum Lorem Ipsum Lorem Ipsum Lorem Ipsum Lorem Ipsum Lorem Ipsum Lorem Ipsum Lorem Ipsum Lorem Ipsum Lorem Ipsum Lorem Ipsum Lorem Ipsum Lorem Ipsum Lorem Ipsum Lorem Ipsum Lorem Ipsum Lorem Ipsum</p>\r\n<p>Lorem Ipsum Lorem Ipsum Lorem Ipsum Lorem Ipsum Lorem Ipsum Lorem Ipsum Lorem Ipsum Lorem Ipsum Lorem Ipsum Lorem Ipsum Lorem Ipsum Lorem Ipsum Lorem Ipsum Lorem Ipsum Lorem Ipsum Lorem Ipsum Lorem Ipsum Lorem Ipsum Lorem Ipsum Lorem Ipsum Lorem Ipsum Lorem Ipsum Lorem Ipsum Lorem Ipsum Lorem Ipsum Lorem Ipsum Lorem Ipsum Lorem Ipsum Lorem Ipsum Lorem Ipsum Lorem Ipsum Lorem Ipsum Lorem Ipsum Lorem Ipsum Lorem Ipsum Lorem Ipsum Lorem Ipsum Lorem Ipsum Lorem Ipsum Lorem Ipsum Lorem Ipsum Lorem Ipsum Lorem Ipsum Lorem Ipsum Lorem Ipsum Lorem Ipsum Lorem Ipsum Lorem Ipsum Lorem Ipsum Lorem Ipsum Lorem Ipsum Lorem Ipsum</p>', 'Contact Us', 'Twinkle Star Dance Contact Us', 'Twinkle Star Dance Contact Us page info', 0, 1, 1, '2013-01-16 14:47:30', '2013-01-16 14:47:30', 1);
INSERT INTO `mst_pages` VALUES(3, 'FAQ', 'faqs', '<p>FAQs content goes here...</p>', 'Twinkle Star FAQs', 'Twinkle Star FAQs', 'Twinkle Star FAQs description', 0, 1, 1, '0000-00-00 00:00:00', '2013-04-01 18:36:05', 1);
INSERT INTO `mst_pages` VALUES(4, 'Privacy Policy', 'privacy_policy', '<p><strong style="color: rgb(75, 75, 75); font-family: Arial, Helvetica, sans-serif; font-size: 13px; line-height: 18px;">PRIVACY</strong><span style="color: rgb(75, 75, 75); font-family: Arial, Helvetica, sans-serif; font-size: 13px; line-height: 18px;">&nbsp;</span></p>\r\n<p style="color: rgb(75, 75, 75); font-family: Arial, Helvetica, sans-serif; font-size: 13px; line-height: 18px;"><strong>This is the Privacy Policy for Twinkle Star Dance&trade;.</strong>&nbsp;<br />\r\n<strong>Our Contact Information is:</strong><br />\r\nTwinkle Star Dance&nbsp;<br />\r\n4046 East Avenue<br />\r\nLivermore, CA 94550<br />\r\n(925) 447-5299<br />\r\n<a href="mailto:support@twinklestardance.com" style="color: rgb(223, 63, 126);">support@twinklestardance.com</a>&nbsp;<br />\r\nWe collect no information about our visitor''s domain, but we do collect information about our visitor''s email address when available.<br />\r\n<strong>For visitors on our website we collect:</strong></p>\r\n<ul type="disc" style="list-style: circle; margin: 0px 0px 0px 15px; padding: 0px; color: rgb(75, 75, 75); font-family: Arial, Helvetica, sans-serif; font-size: 13px; line-height: 18px;">\r\n    <li style="list-style: none; margin: 0px; padding: 0px; font-size: 12px; clear: both;">The email address and personal information from the visitors who communicate with us via email.</li>\r\n    <li style="list-style: none; margin: 0px; padding: 0px; font-size: 12px; clear: both;">Aggregate (General Tracking) information about pages that users visit on our site.</li>\r\n    <li style="list-style: none; margin: 0px; padding: 0px; font-size: 12px; clear: both;">User specific information about pages that users visit on our site.</li>\r\n    <li style="list-style: none; margin: 0px; padding: 0px; font-size: 12px; clear: both;">Any information given to us by users that contact us via inquiry form, survey, etc.</li>\r\n</ul>\r\n<p style="color: rgb(75, 75, 75); font-family: Arial, Helvetica, sans-serif; font-size: 13px; line-height: 18px;"><strong>The information that we collect is used for:</strong></p>\r\n<ul type="disc" style="list-style: circle; margin: 0px 0px 0px 15px; padding: 0px; color: rgb(75, 75, 75); font-family: Arial, Helvetica, sans-serif; font-size: 13px; line-height: 18px;">\r\n    <li style="list-style: none; margin: 0px; padding: 0px; font-size: 12px; clear: both;">Delivering custom content to our website visitors.</li>\r\n    <li style="list-style: none; margin: 0px; padding: 0px; font-size: 12px; clear: both;">Improving the quality of our website content and user friendliness for a better user experience.</li>\r\n    <li style="list-style: none; margin: 0px; padding: 0px; font-size: 12px; clear: both;">Contact information for marketing purposes, including newsletters, emails or periodic advertisements from our company.</li>\r\n</ul>\r\n<p style="color: rgb(75, 75, 75); font-family: Arial, Helvetica, sans-serif; font-size: 13px; line-height: 18px;"><strong>We may use a standard technology called a cookie for the following purposes.</strong></p>\r\n<ul type="disc" style="list-style: circle; margin: 0px 0px 0px 15px; padding: 0px; color: rgb(75, 75, 75); font-family: Arial, Helvetica, sans-serif; font-size: 13px; line-height: 18px;">\r\n    <li style="list-style: none; margin: 0px; padding: 0px; font-size: 12px; clear: both;">Recording Session information for shopping cart or other purposes.</li>\r\n    <li style="list-style: none; margin: 0px; padding: 0px; font-size: 12px; clear: both;">Store visitor preferences for return visits to our website.</li>\r\n    <li style="list-style: none; margin: 0px; padding: 0px; font-size: 12px; clear: both;">Helping to manage subscription or private areas on our website.</li>\r\n    <li style="list-style: none; margin: 0px; padding: 0px; font-size: 12px; clear: both;">Record user specific tracking or aggregate tracking information of visitors on our website.</li>\r\n    <li style="list-style: none; margin: 0px; padding: 0px; font-size: 12px; clear: both;">Delivering user customized content based on user specific information, such as browser type, screen type or resolution, etc.</li>\r\n    <li style="list-style: none; margin: 0px; padding: 0px; font-size: 12px; clear: both;">Alert visitors to our live help console, or offering live help to website visitors.</li>\r\n</ul>\r\n<p style="color: rgb(75, 75, 75); font-family: Arial, Helvetica, sans-serif; font-size: 13px; line-height: 18px;">If you are currently receiving a newsletter or emails from us and would like to stop receiving them, please notify us by contacting us by email, phone, mail, at the above address.<br />\r\nWe do not partner or use any 3rd party ad services or content delivering services.<br />\r\nWith respect to security, we use industry standard encryption technologies, when transferring and receiving data from visitors on our website.<br />\r\nWith respect to sensitive information, we will redirect the user to a secure page either on our site, or to a trusted 3rd party site before transferring or receiving sensitive data. This information may include credit card or banking information, medical information, or other sensitive information.<br />\r\nFor questions regarding our privacy policy or website in general, please contact by; phone, mail, email, listed above.</p>\r\n<p><br style="color: rgb(75, 75, 75); font-family: Arial, Helvetica, sans-serif; font-size: 13px; line-height: 18px;" />\r\n<br style="color: rgb(75, 75, 75); font-family: Arial, Helvetica, sans-serif; font-size: 13px; line-height: 18px;" />\r\n<strong style="color: rgb(75, 75, 75); font-family: Arial, Helvetica, sans-serif; font-size: 13px; line-height: 18px;">COPYRIGHT INFORMATION</strong><br style="color: rgb(75, 75, 75); font-family: Arial, Helvetica, sans-serif; font-size: 13px; line-height: 18px;" />\r\n<span style="color: rgb(75, 75, 75); font-family: Arial, Helvetica, sans-serif; font-size: 13px; line-height: 18px;">General. As noted above the Service and the Songs contain and/or comprise copyrighted or other proprietary subject matter, and your use of them is governed by this Agreement, certain end-user license agreements, and applicable law.&nbsp;</span><br style="color: rgb(75, 75, 75); font-family: Arial, Helvetica, sans-serif; font-size: 13px; line-height: 18px;" />\r\n<span style="color: rgb(75, 75, 75); font-family: Arial, Helvetica, sans-serif; font-size: 13px; line-height: 18px;">Notices. Twinkle Star Dance&trade; respects the intellectual property rights of others, and it expects you to do the same. If you know of or suspect that any use of the Service and/or downloads constitutes copyright infringement, please send a notice by email to&nbsp;</span><a href="mailto:support@twinklestardance.com" style="font-size: 13px; line-height: 18px; font-family: Arial, Helvetica, sans-serif; color: rgb(223, 63, 126);">support@twinklestardance.com</a><span style="color: rgb(75, 75, 75); font-family: Arial, Helvetica, sans-serif; font-size: 13px; line-height: 18px;">.&nbsp;</span><br style="color: rgb(75, 75, 75); font-family: Arial, Helvetica, sans-serif; font-size: 13px; line-height: 18px;" />\r\n<br style="color: rgb(75, 75, 75); font-family: Arial, Helvetica, sans-serif; font-size: 13px; line-height: 18px;" />\r\n<strong style="color: rgb(75, 75, 75); font-family: Arial, Helvetica, sans-serif; font-size: 13px; line-height: 18px;">PATENT AND TRADEMARK</strong><span style="color: rgb(75, 75, 75); font-family: Arial, Helvetica, sans-serif; font-size: 13px; line-height: 18px;">&nbsp;</span><br style="color: rgb(75, 75, 75); font-family: Arial, Helvetica, sans-serif; font-size: 13px; line-height: 18px;" />\r\n<span style="color: rgb(75, 75, 75); font-family: Arial, Helvetica, sans-serif; font-size: 13px; line-height: 18px;">All trademarks, service marks, trade names, slogans, logos, and other indicia of origin that appear on or in connection with the Service are the property of Twinkle Star Dance&trade; and/or its affiliates, licensors and/or licensees. You may not copy, display or use any of these marks without prior written permission of the mark owner. The Service and the Client (and portions of them) may be protected under patent law and may be the subject of issued patents and/or pending patent applications.&nbsp;</span><br style="color: rgb(75, 75, 75); font-family: Arial, Helvetica, sans-serif; font-size: 13px; line-height: 18px;" />\r\n<br style="color: rgb(75, 75, 75); font-family: Arial, Helvetica, sans-serif; font-size: 13px; line-height: 18px;" />\r\n<strong style="color: rgb(75, 75, 75); font-family: Arial, Helvetica, sans-serif; font-size: 13px; line-height: 18px;">VIOLATION OF INTELLECTUAL PROPERTY RIGHTS</strong><span style="color: rgb(75, 75, 75); font-family: Arial, Helvetica, sans-serif; font-size: 13px; line-height: 18px;">&nbsp;</span><br style="color: rgb(75, 75, 75); font-family: Arial, Helvetica, sans-serif; font-size: 13px; line-height: 18px;" />\r\n<span style="color: rgb(75, 75, 75); font-family: Arial, Helvetica, sans-serif; font-size: 13px; line-height: 18px;">If Twinkle Star Dance&trade; receives a notice alleging that you have engaged in behavior that infringes Twinkle Star Dance&trade;''s or other''s intellectual property rights or reasonably suspects the same, Twinkle Star Dance&trade; may suspend or terminate your account without notice to you. If Twinkle Star Dance&trade; suspends or terminates your account under this paragraph, it shall have no liability or responsibility to you, including for any amounts that you have previously paid.&nbsp;</span><br style="color: rgb(75, 75, 75); font-family: Arial, Helvetica, sans-serif; font-size: 13px; line-height: 18px;" />\r\n<br style="color: rgb(75, 75, 75); font-family: Arial, Helvetica, sans-serif; font-size: 13px; line-height: 18px;" />\r\n<strong style="color: rgb(75, 75, 75); font-family: Arial, Helvetica, sans-serif; font-size: 13px; line-height: 18px;">REMEDIES&nbsp;</strong><br style="color: rgb(75, 75, 75); font-family: Arial, Helvetica, sans-serif; font-size: 13px; line-height: 18px;" />\r\n<span style="color: rgb(75, 75, 75); font-family: Arial, Helvetica, sans-serif; font-size: 13px; line-height: 18px;">You agree that any unauthorized use of the Service, the Songs, or any related software or materials would result in irreparable injury to Twinkle Star Dance&trade; and/or its affiliates or licensors for which money damages would be inadequate, and in such event Twinkle Star Dance&trade;, its affiliates and/or licensors, as applicable, shall have the right, in addition to other remedies available at law and in equity, to immediate injunctive relief against you. Nothing contained in this Agreement shall be construed to limit remedies available pursuant to statutory or other claims that Twinkle Star Dance&trade;, its affiliates and/or licensors may have under separate legal authority.&nbsp;</span><br style="color: rgb(75, 75, 75); font-family: Arial, Helvetica, sans-serif; font-size: 13px; line-height: 18px;" />\r\n<br style="color: rgb(75, 75, 75); font-family: Arial, Helvetica, sans-serif; font-size: 13px; line-height: 18px;" />\r\n<strong style="color: rgb(75, 75, 75); font-family: Arial, Helvetica, sans-serif; font-size: 13px; line-height: 18px;">INDEMNITY</strong><span style="color: rgb(75, 75, 75); font-family: Arial, Helvetica, sans-serif; font-size: 13px; line-height: 18px;">&nbsp;</span><br style="color: rgb(75, 75, 75); font-family: Arial, Helvetica, sans-serif; font-size: 13px; line-height: 18px;" />\r\n<span style="color: rgb(75, 75, 75); font-family: Arial, Helvetica, sans-serif; font-size: 13px; line-height: 18px;">You agree to indemnify and hold harmless Twinkle Star Dance&trade; and its agents, employees, representatives, licensors, affiliates, parents and subsidiaries from and against any and all claims, losses, demands, causes of action and judgments (including attorneys'' fees and court costs) arising from or concerning your breach of this Agreement and your use of the Service or the Songs and to reimburse them on demand for any losses, costs or expenses they incur as a result thereof.&nbsp;</span><br style="color: rgb(75, 75, 75); font-family: Arial, Helvetica, sans-serif; font-size: 13px; line-height: 18px;" />\r\n<br style="color: rgb(75, 75, 75); font-family: Arial, Helvetica, sans-serif; font-size: 13px; line-height: 18px;" />\r\n<strong style="color: rgb(75, 75, 75); font-family: Arial, Helvetica, sans-serif; font-size: 13px; line-height: 18px;">TERMINATION&nbsp;</strong><br style="color: rgb(75, 75, 75); font-family: Arial, Helvetica, sans-serif; font-size: 13px; line-height: 18px;" />\r\n<span style="color: rgb(75, 75, 75); font-family: Arial, Helvetica, sans-serif; font-size: 13px; line-height: 18px;">Twinkle Star Dance&trade; may in its sole discretion terminate this Agreement or suspend your account at any time without notice to you in the event that you breach (or Twinkle Star Dance&trade; reasonably suspects that you have breached) any provision of this Agreement. If Twinkle Star Dance&trade; terminates this Agreement, or suspends your account for any of the reasons set forth in this paragraph, it shall have no liability or responsibility to you, and Twinkle Star Dance&trade; will not refund any amounts that you have previously paid.&nbsp;</span><br style="color: rgb(75, 75, 75); font-family: Arial, Helvetica, sans-serif; font-size: 13px; line-height: 18px;" />\r\n<span style="color: rgb(75, 75, 75); font-family: Arial, Helvetica, sans-serif; font-size: 13px; line-height: 18px;">You understand and agree that your cancellation of your account and Service membership is your sole right and remedy with respect to any dispute with Twinkle Star Dance&trade;.&nbsp;</span><br style="color: rgb(75, 75, 75); font-family: Arial, Helvetica, sans-serif; font-size: 13px; line-height: 18px;" />\r\n<br style="color: rgb(75, 75, 75); font-family: Arial, Helvetica, sans-serif; font-size: 13px; line-height: 18px;" />\r\n<strong style="color: rgb(75, 75, 75); font-family: Arial, Helvetica, sans-serif; font-size: 13px; line-height: 18px;">DISCLAIMERS</strong><span style="color: rgb(75, 75, 75); font-family: Arial, Helvetica, sans-serif; font-size: 13px; line-height: 18px;">&nbsp;</span><br style="color: rgb(75, 75, 75); font-family: Arial, Helvetica, sans-serif; font-size: 13px; line-height: 18px;" />\r\n<span style="color: rgb(75, 75, 75); font-family: Arial, Helvetica, sans-serif; font-size: 13px; line-height: 18px;">You understand and agree that your use of the Service and downloads is at your own sole risk. THE SERVICE AND DOWNLOADS (THE &quot;PRODUCTS&quot;) ARE PROVIDED &quot;AS IS&quot; AND WITHOUT WARRANTY BY Twinkle Star Dance&trade; OR ITS AGENTS, EMPLOYEES, PARENTS, SUBSIDIARIES, AFFILIATES, LICENSORS, BUSINESS PARTNERS AND/OR SUPPLIERS (THE &quot;Twinkle Star Dance&trade; ENTITIES&quot;), AS APPLICABLE, AND, TO THE MAXIMUM EXTENT ALLOWED BY APPLICABLE LAW, THE Twinkle Star Dance&trade; ENTITIES EXPRESSLY DISCLAIM ALL WARRANTIES, EXPRESS OR IMPLIED INCLUDING, BUT NOT LIMITED TO, IMPLIED WARRANTIES OF MERCHANTABILITY AND FITNESS FOR A PARTICULAR PURPOSE AND ANY WARRANTY OF NONINFRINGEMENT. THE Twinkle Star Dance&trade; ENTITIES DO NOT WARRANT, GUARANTEE, OR MAKE ANY REPRESENTATIONS REGARDING THE USE OR THE RESULTS OF THE USE OF THE PRODUCTS WITH RESPECT TO PERFORMANCE, ACCURACY, RELIABILITY, SECURITY CAPABILITY OR OTHERWISE. YOU WILL NOT HOLD ANY Twinkle Star Dance&trade; ENTITY RESPONSIBLE FOR ANY DAMAGES THAT RESULT FROM YOU ACCESSING (INCLUDING ANY SOFTWARE OR SYSTEMS YOU USE TO ACCESS) THE SERVICE OR USING THE PRODUCTS INCLUDING, BUT NOT LIMITED TO, DAMAGE TO ANY COMPUTER, SOFTWARE OR SYSTEMS OR PORTABLE DEVICES YOU USE TO ACCESS THE SAME . NO ORAL OR WRITTEN INFORMATION OR ADVICE GIVEN BY ANY PERSON SHALL CREATE A WARRANTY IN ANY WAY WHATSOEVER RELATING TO ANY OF THE Twinkle Star Dance&trade; ENTITIES.&nbsp;</span><br style="color: rgb(75, 75, 75); font-family: Arial, Helvetica, sans-serif; font-size: 13px; line-height: 18px;" />\r\n<br style="color: rgb(75, 75, 75); font-family: Arial, Helvetica, sans-serif; font-size: 13px; line-height: 18px;" />\r\n<span style="color: rgb(75, 75, 75); font-family: Arial, Helvetica, sans-serif; font-size: 13px; line-height: 18px;">Twinkle Star Dance&trade; MAKES NO WARRANTY THAT ANY PARTICULAR CD BURNER OR PORTABLE DEVICE WILL BE COMPATIBLE WITH THE SERVICE OR THAT ANY CD BURNED WILL FUNCTION IN ALL CD PLAYERS. IT IS YOUR SOLE RESPONSIBILITY TO ENSURE THAT YOUR SYSTEM(S) WILL FUNCTION CORRECTLY WITH THE SERVICE.&nbsp;</span><br style="color: rgb(75, 75, 75); font-family: Arial, Helvetica, sans-serif; font-size: 13px; line-height: 18px;" />\r\n<span style="color: rgb(75, 75, 75); font-family: Arial, Helvetica, sans-serif; font-size: 13px; line-height: 18px;">UNDER NO CIRCUMSTANCES SHALL ANY Twinkle Star Dance&trade; ENTITY BE LIABLE FOR ANY UNAUTHORIZED USE OF THE SERVICE OR DOWNLOADS.&nbsp;</span><br style="color: rgb(75, 75, 75); font-family: Arial, Helvetica, sans-serif; font-size: 13px; line-height: 18px;" />\r\n<span style="color: rgb(75, 75, 75); font-family: Arial, Helvetica, sans-serif; font-size: 13px; line-height: 18px;">UNDER NO CIRCUMSTANCES SHALL ANY Twinkle Star Dance&trade; ENTITY BE LIABLE TO YOU FOR ANY CONSEQUENTIAL, INCIDENTAL OR SPECIAL DAMAGES (INCLUDING DAMAGES FOR LOSS OF BUSINESS PROFITS, BUSINESS INTERRUPTION, LOSS OF BUSINESS INFORMATION, AND THE LIKE) ARISING OUT OF THE USE OR INABILITY TO USE THE PRODUCTS, EVEN IF THE Twinkle Star Dance&trade; ENTITY HAS BEEN ADVISED OF THE POSSIBILITY OF SUCH DAMAGES. TO THE EXTENT THAT IN A PARTICULAR CIRCUMSTANCE ANY DISCLAIMER OR LIMITATION ON DAMAGES OR LIABILITY SET FORTH HEREIN IS PROHIBITED BY APPLICABLE LAW, THEN, INSTEAD OF THE PROVISIONS HEREOF IN SUCH PARTICULAR CIRCUMSTANCE, THE Twinkle Star Dance&trade; ENTITIES SHALL BE ENTITLED TO THE MAXIMUM DISCLAIMERS AND/OR LIMITATIONS ON DAMAGES AND LIABILITY AVAILABLE AT LAW OR IN EQUITY BY SUCH APPLICABLE LAW IN SUCH PARTICULAR CIRCUMSTANCE, AND IN NO EVENT SHALL SUCH DAMAGES OR LIABILITY EXCEED US $10.&nbsp;</span><br style="color: rgb(75, 75, 75); font-family: Arial, Helvetica, sans-serif; font-size: 13px; line-height: 18px;" />\r\n<br style="color: rgb(75, 75, 75); font-family: Arial, Helvetica, sans-serif; font-size: 13px; line-height: 18px;" />\r\n<strong style="color: rgb(75, 75, 75); font-family: Arial, Helvetica, sans-serif; font-size: 13px; line-height: 18px;">LAW AND LEGAL NOTICES&nbsp;</strong></p>\r\n<p>&nbsp;</p>', 'Twinkle Star Privacy Policy', 'Twinkle Star Privacy Policy', 'Twinkle Star Privacy Policy description', 0, 1, 1, '0000-00-00 00:00:00', '2013-03-15 23:24:52', 1);
INSERT INTO `mst_pages` VALUES(5, 'Terms of Use', 'term_of_use', '<p><strong style="color: rgb(75, 75, 75); font-family: Arial, Helvetica, sans-serif; font-size: 13px; line-height: 18px;">TWINKLE STAR DANCE&trade; TERMS AND CONDITIONS</strong><span style="color: rgb(75, 75, 75); font-family: Arial, Helvetica, sans-serif; font-size: 13px; line-height: 18px;">&nbsp;</span></p>\r\n<p style="color: rgb(75, 75, 75); font-family: Arial, Helvetica, sans-serif; font-size: 13px; line-height: 18px;"><br />\r\nEffective January 1, 2012&nbsp;<br />\r\nUpdated February 7, 2012<br />\r\nThis document (the &quot;Agreement&quot;) is a legal contract between you and Twinkle Star Dance&trade; (&quot;Twinkle Star Dance&trade;&quot;) that governs your use of Twinkle Star Dance&trade;''s online services available at http://www.twinklestardance.com (the &quot;Service&quot;) whereby you will be granted the ability to view and download various compositions (the &quot;(Legacy) Audio Performance Downloads&quot;) as performed by specific artists.<br />\r\n<br />\r\n<strong>NOTICE&nbsp;</strong><br />\r\nTwinkle Star Dance&trade; may from time to time modify these terms and will post a copy of the amended Agreement at&nbsp;<a href="http://www.twinklestardance.com/terms/" style="color: rgb(223, 63, 126);">http://www.twinklestardance.com/terms/</a>. If you do not agree to (or cannot comply with) the Agreement as amended, your only remedy is to stop using the Service. You will be deemed to have accepted the Agreement as amended if you continue to use the Service after any amendments are posted.&nbsp;<br />\r\n<br />\r\n<br />\r\n<strong>AGE REQUIREMENT</strong>&nbsp;<br />\r\nYou must be at least 18 years of age to agree to and enter into this Agreement on your own behalf and to register for use of the Service. If you are under 18 but at least 13 years of age, you must present this Agreement to your parent or legal guardian, and he or she must check the box below to enter into this Agreement on your behalf. Children under the age of 13 may not register for this Service, and parents or legal guardians may not register on their behalf. By checking the box indicating your acceptance to this Agreement, you represent that (i) you have read, understood and agree to be bound by this Agreement and (ii) you are at least 18 years old, either entering into this Agreement for yourself or entering on behalf of your child or a child in your legal care. If you are a parent or guardian entering this Agreement for the benefit of your child, please be aware that you are fully responsible for his or her use of the Service, including all financial charges and legal liability that he or she may incur. If you do not agree to (or cannot comply with) any of these terms and conditions, do not check the acceptance box and do not attempt to access the Service.&nbsp;<br />\r\n<br />\r\n<strong>REGISTRATION&nbsp;</strong><br />\r\nTo use the Service, you must register and provide certain information, including a member (user) name, a password and a valid email address (&quot;Registration Data&quot;). You agree to provide accurate Registration Data and to update your Registration Data as necessary to keep it accurate.&nbsp;<br />\r\nYou agree that you will not allow others to use your member name, password and/or account and you are solely responsible for maintaining the confidentiality and security of your account. You agree to notify Twinkle Star Dance&trade; immediately of any unauthorized use of your account. Twinkle Star Dance&trade; shall not be responsible for any losses arising out of the unauthorized use of your member name, password and/or account and you agree to indemnify and hold harmless Twinkle Star Dance&trade;, its partners, parents, subsidiaries, agents, affiliates and/or licensors, as applicable, for any improper, unauthorized or illegal uses of the same.&nbsp;<br />\r\n<br />\r\n<strong>USE OF WEBCAST VIDEO STREAM</strong><br />\r\nThe recordings of the streaming video contained on this site are owned by Twinkle Star Dance&trade;, its business partners, affiliates and/or licensors, as applicable, and are protected by intellectual property laws. You agree that the content rights holders that license the stream or other content to Twinkle Star Dance&trade; for use in the Service are intended third-party beneficiaries under this Agreement with the right to enforce the provisions that directly concern their content. You understand that your use of the stream is subject to the Usage Rules discussed below. You may not authorize, encourage or allow any stream used or obtained by you to be reproduced, modified, displayed, performed, transferred, distributed or otherwise used by anyone else. You agree to advise Twinkle Star Dance&trade; promptly of any such unauthorized use(s).&nbsp;<br />\r\nUsage Rules. Your access to and/or use of the video stream will be limited by the rules described in this section. You may not attempt (or support others'' attempts) to circumvent, reverse engineer, decrypt, or otherwise alter or interfere with any Usage Rules or the stream. Twinkle Star Dance&trade; reserves the rights to modify the Usage Rules at any time.&nbsp;<br />\r\n<br />\r\n<br />\r\n<strong>USE OF AUDIO/VIDEO PEFORMANCE DOWNLOADS</strong>&nbsp;<br />\r\nThe recordings of the Audio Performance Downloads (APDs) and Video Performance Downloads (VPDs) contained on this site are owned by Twinkle Star Dance&trade;, its business partners, affiliates and/or licensors, as applicable, and are protected by intellectual property laws. You agree that the content rights holders that license these downloads or other content to Twinkle Star Dance&trade; for use in the Service are intended third-party beneficiaries under this Agreement with the right to enforce the provisions that directly concern their content. You understand that your use of the downloads is subject to the Usage Rules discussed below. You may not authorize, encourage or allow any downloads used or obtained by you to be reproduced, modified, displayed, performed, transferred, distributed or otherwise used by anyone else. You agree to advise Twinkle Star Dance&trade; promptly of any such unauthorized use(s).&nbsp;<br />\r\nUsage Rules. Your access to and/or use of any downloads will be limited by the rules assigned to the downloads by Twinkle Star Dance&trade; (&quot;Usage Rules&quot;) and described in this section. You may not attempt (or support others'' attempts) to circumvent, reverse engineer, decrypt, or otherwise alter or interfere with any Usage Rules or downloads. Twinkle Star Dance&trade; reserves the rights to modify the Usage Rules at any time.&nbsp;<br />\r\nA &quot;Purchased Download&quot; is an Download that you may (1) download as many times within a 48 hour period from your purchase date (2) save to the hard drives of up to three of your personal computers and play back at any time, (3) burn to a CD five times and/or (4) transfer to a compatible portable device unlimited times and (5) will not be able to re-download any download six months after the date of purchase. Any security technology that is provided with a download is an inseparable part of it. If you have Purchased downloads, it is your responsibility not to lose, destroy or damage them. Twinkle Star Dance&trade; shall have no liability to you in the event of any such loss, destruction, or damage. You may purchase downloads on an individual basis.<br />\r\nYou may transfer a Purchased download an unlimited number of times to portable devices that are compatible with the Service''s Usage Rules and security requirements. Once you have transferred a Purchased download to a compatible portable device, you agree not to copy, distribute, or transfer it from that device to any other media or device.<br />\r\n<br />\r\n<br />\r\nA &quot;Stream&quot; is a performance that you play directly from and while you are logged on to the Service. You may play as many Streams as you like while your subscription is current. You may not attempt (or encourage others) to capture, copy, or download a streamed Song or Video. Twinkle Star Dance&trade; will count the number of times that you stream each Song for royalty accounting and analysis purposes.&nbsp;<br />\r\nThe burning or transfer capabilities provided for herein shall not operate to waive or limit any rights of the copyright owners in downloads or any works embodied in them.&nbsp;<br />\r\nAll rights not expressly granted to you in this Agreement are reserved to Twinkle Star Dance&trade; and/or its licensors.&nbsp;<br />\r\nLoss of Rights by Twinkle Star Dance&trade;. Twinkle Star Dance&trade; may at any time lose the right to make certain downloads available. In such event, you will no longer be able to obtain these downloads.<br />\r\nDelivery of Products. On occasion, technical problems may delay or prevent delivery of Purchased downloads to you. Your sole remedy with respect to Purchased downloads that are not delivered will be either replacement of such products or refund of the price paid for such content, at Twinkle Star Dance&trade;''s discretion.&nbsp;<br />\r\nCustomer Support. Please direct any questions concerning the Client, the Service, billing and/or Usage Rules to&nbsp;<a href="mailto:support@twinklestardance.com" style="color: rgb(223, 63, 126);">support@twinklestardance.com</a>.&nbsp;<br />\r\n<br />\r\n<br />\r\n<strong>CHARGES / BILLING&nbsp;</strong><br />\r\nAgreement to Pay. You agree to pay for all downloads or Subscriptions that you purchase through the Service and Twinkle Star Dance&trade; may charge your credit card for any such payment(s). Twinkle Star Dance&trade; may, in its discretion, post charges to your credit card individually or may aggregate your charges with other purchases you make on the Service. You are responsible for keeping your account secure and confidential and you will be responsible for any charges that are incurred by any person through your account. All charges will be billed to the credit card you designate when you first make a purchase or incur a charge. If any of your billing information changes, you must update that information by emailing&nbsp;<a href="mailto:support@twinklestardance.com" style="color: rgb(223, 63, 126);">support@twinklestardance.com</a>. All sales are final.&nbsp;<br />\r\n<br />\r\nRight to Change Prices. All prices for products within the Service are subject to change by Twinkle Star Dance&trade; at any time.&nbsp;<br />\r\n<br />\r\nTaxes. Prices quoted are generally inclusive of any applicable taxes, including sales taxes. Twinkle Star Dance&trade; reserves the right to change this policy at any time.&nbsp;<br />\r\n<br />\r\nElectronic Contracts. You agree that any submissions you make for electronic purchases constitute your intent and agreement to be bound by the terms of and to pay for such purchases. To the extent that such electronic purchases are offered to you by a third party, you acknowledge that Twinkle Star Dance&trade; shall not be responsible or liable to you for the products or services purchased.&nbsp;<br />\r\n<br />\r\n<strong>PRIVACY</strong>&nbsp;<br />\r\n<strong>This is the Privacy Policy for Twinkle Star Dance&trade;.</strong>&nbsp;<br />\r\n<strong>Our Contact Information is:</strong><br />\r\nTwinkle Star Dance&nbsp;<br />\r\n4046 East Avenue<br />\r\nLivermore, CA 94550<br />\r\n(925) 447-5299<br />\r\n<a href="mailto:support@twinklestardance.com" style="color: rgb(223, 63, 126);">support@twinklestardance.com</a>&nbsp;<br />\r\nWe collect no information about our visitor''s domain, but we do collect information about our visitor''s email address when available.<br />\r\n<strong>For visitors on our website we collect:</strong></p>\r\n<ul type="disc" style="list-style: circle; margin: 0px 0px 0px 15px; padding: 0px; color: rgb(75, 75, 75); font-family: Arial, Helvetica, sans-serif; font-size: 13px; line-height: 18px;">\r\n    <li style="list-style: none; margin: 0px; padding: 0px; font-size: 12px; clear: both;">The email address and personal information from the visitors who communicate with us via email.</li>\r\n    <li style="list-style: none; margin: 0px; padding: 0px; font-size: 12px; clear: both;">Aggregate (General Tracking) information about pages that users visit on our site.</li>\r\n    <li style="list-style: none; margin: 0px; padding: 0px; font-size: 12px; clear: both;">User specific information about pages that users visit on our site.</li>\r\n    <li style="list-style: none; margin: 0px; padding: 0px; font-size: 12px; clear: both;">Any information given to us by users that contact us via inquiry form, survey, etc.</li>\r\n</ul>\r\n<p style="color: rgb(75, 75, 75); font-family: Arial, Helvetica, sans-serif; font-size: 13px; line-height: 18px;"><strong>The information that we collect is used for:</strong></p>\r\n<ul type="disc" style="list-style: circle; margin: 0px 0px 0px 15px; padding: 0px; color: rgb(75, 75, 75); font-family: Arial, Helvetica, sans-serif; font-size: 13px; line-height: 18px;">\r\n    <li style="list-style: none; margin: 0px; padding: 0px; font-size: 12px; clear: both;">Delivering custom content to our website visitors.</li>\r\n    <li style="list-style: none; margin: 0px; padding: 0px; font-size: 12px; clear: both;">Improving the quality of our website content and user friendliness for a better user experience.</li>\r\n    <li style="list-style: none; margin: 0px; padding: 0px; font-size: 12px; clear: both;">Contact information for marketing purposes, including newsletters, emails or periodic advertisements from our company.</li>\r\n</ul>\r\n<p style="color: rgb(75, 75, 75); font-family: Arial, Helvetica, sans-serif; font-size: 13px; line-height: 18px;"><strong>We may use a standard technology called a cookie for the following purposes.</strong></p>\r\n<ul type="disc" style="list-style: circle; margin: 0px 0px 0px 15px; padding: 0px; color: rgb(75, 75, 75); font-family: Arial, Helvetica, sans-serif; font-size: 13px; line-height: 18px;">\r\n    <li style="list-style: none; margin: 0px; padding: 0px; font-size: 12px; clear: both;">Recording Session information for shopping cart or other purposes.</li>\r\n    <li style="list-style: none; margin: 0px; padding: 0px; font-size: 12px; clear: both;">Store visitor preferences for return visits to our website.</li>\r\n    <li style="list-style: none; margin: 0px; padding: 0px; font-size: 12px; clear: both;">Helping to manage subscription or private areas on our website.</li>\r\n    <li style="list-style: none; margin: 0px; padding: 0px; font-size: 12px; clear: both;">Record user specific tracking or aggregate tracking information of visitors on our website.</li>\r\n    <li style="list-style: none; margin: 0px; padding: 0px; font-size: 12px; clear: both;">Delivering user customized content based on user specific information, such as browser type, screen type or resolution, etc.</li>\r\n    <li style="list-style: none; margin: 0px; padding: 0px; font-size: 12px; clear: both;">Alert visitors to our live help console, or offering live help to website visitors.</li>\r\n</ul>\r\n<p style="color: rgb(75, 75, 75); font-family: Arial, Helvetica, sans-serif; font-size: 13px; line-height: 18px;">If you are currently receiving a newsletter or emails from us and would like to stop receiving them, please notify us by contacting us by email, phone, mail, at the above address.<br />\r\nWe do not partner or use any 3rd party ad services or content delivering services.<br />\r\nWith respect to security, we use industry standard encryption technologies, when transferring and receiving data from visitors on our website.<br />\r\nWith respect to sensitive information, we will redirect the user to a secure page either on our site, or to a trusted 3rd party site before transferring or receiving sensitive data. This information may include credit card or banking information, medical information, or other sensitive information.<br />\r\nFor questions regarding our privacy policy or website in general, please contact by; phone, mail, email, listed above.</p>\r\n<p><br style="color: rgb(75, 75, 75); font-family: Arial, Helvetica, sans-serif; font-size: 13px; line-height: 18px;" />\r\n<br style="color: rgb(75, 75, 75); font-family: Arial, Helvetica, sans-serif; font-size: 13px; line-height: 18px;" />\r\n<strong style="color: rgb(75, 75, 75); font-family: Arial, Helvetica, sans-serif; font-size: 13px; line-height: 18px;">COPYRIGHT INFORMATION</strong><br style="color: rgb(75, 75, 75); font-family: Arial, Helvetica, sans-serif; font-size: 13px; line-height: 18px;" />\r\n<span style="color: rgb(75, 75, 75); font-family: Arial, Helvetica, sans-serif; font-size: 13px; line-height: 18px;">General. As noted above the Service and the Songs contain and/or comprise copyrighted or other proprietary subject matter, and your use of them is governed by this Agreement, certain end-user license agreements, and applicable law.&nbsp;</span><br style="color: rgb(75, 75, 75); font-family: Arial, Helvetica, sans-serif; font-size: 13px; line-height: 18px;" />\r\n<span style="color: rgb(75, 75, 75); font-family: Arial, Helvetica, sans-serif; font-size: 13px; line-height: 18px;">Notices. Twinkle Star Dance&trade; respects the intellectual property rights of others, and it expects you to do the same. If you know of or suspect that any use of the Service and/or downloads constitutes copyright infringement, please send a notice by email to&nbsp;</span><a href="mailto:support@twinklestardance.com" style="font-size: 13px; line-height: 18px; font-family: Arial, Helvetica, sans-serif; color: rgb(223, 63, 126);">support@twinklestardance.com</a><span style="color: rgb(75, 75, 75); font-family: Arial, Helvetica, sans-serif; font-size: 13px; line-height: 18px;">.&nbsp;</span><br style="color: rgb(75, 75, 75); font-family: Arial, Helvetica, sans-serif; font-size: 13px; line-height: 18px;" />\r\n<br style="color: rgb(75, 75, 75); font-family: Arial, Helvetica, sans-serif; font-size: 13px; line-height: 18px;" />\r\n<strong style="color: rgb(75, 75, 75); font-family: Arial, Helvetica, sans-serif; font-size: 13px; line-height: 18px;">PATENT AND TRADEMARK</strong><span style="color: rgb(75, 75, 75); font-family: Arial, Helvetica, sans-serif; font-size: 13px; line-height: 18px;">&nbsp;</span><br style="color: rgb(75, 75, 75); font-family: Arial, Helvetica, sans-serif; font-size: 13px; line-height: 18px;" />\r\n<span style="color: rgb(75, 75, 75); font-family: Arial, Helvetica, sans-serif; font-size: 13px; line-height: 18px;">All trademarks, service marks, trade names, slogans, logos, and other indicia of origin that appear on or in connection with the Service are the property of Twinkle Star Dance&trade; and/or its affiliates, licensors and/or licensees. You may not copy, display or use any of these marks without prior written permission of the mark owner. The Service and the Client (and portions of them) may be protected under patent law and may be the subject of issued patents and/or pending patent applications.&nbsp;</span><br style="color: rgb(75, 75, 75); font-family: Arial, Helvetica, sans-serif; font-size: 13px; line-height: 18px;" />\r\n<br style="color: rgb(75, 75, 75); font-family: Arial, Helvetica, sans-serif; font-size: 13px; line-height: 18px;" />\r\n<strong style="color: rgb(75, 75, 75); font-family: Arial, Helvetica, sans-serif; font-size: 13px; line-height: 18px;">VIOLATION OF INTELLECTUAL PROPERTY RIGHTS</strong><span style="color: rgb(75, 75, 75); font-family: Arial, Helvetica, sans-serif; font-size: 13px; line-height: 18px;">&nbsp;</span><br style="color: rgb(75, 75, 75); font-family: Arial, Helvetica, sans-serif; font-size: 13px; line-height: 18px;" />\r\n<span style="color: rgb(75, 75, 75); font-family: Arial, Helvetica, sans-serif; font-size: 13px; line-height: 18px;">If Twinkle Star Dance&trade; receives a notice alleging that you have engaged in behavior that infringes Twinkle Star Dance&trade;''s or other''s intellectual property rights or reasonably suspects the same, Twinkle Star Dance&trade; may suspend or terminate your account without notice to you. If Twinkle Star Dance&trade; suspends or terminates your account under this paragraph, it shall have no liability or responsibility to you, including for any amounts that you have previously paid.&nbsp;</span><br style="color: rgb(75, 75, 75); font-family: Arial, Helvetica, sans-serif; font-size: 13px; line-height: 18px;" />\r\n<br style="color: rgb(75, 75, 75); font-family: Arial, Helvetica, sans-serif; font-size: 13px; line-height: 18px;" />\r\n<strong style="color: rgb(75, 75, 75); font-family: Arial, Helvetica, sans-serif; font-size: 13px; line-height: 18px;">REMEDIES&nbsp;</strong><br style="color: rgb(75, 75, 75); font-family: Arial, Helvetica, sans-serif; font-size: 13px; line-height: 18px;" />\r\n<span style="color: rgb(75, 75, 75); font-family: Arial, Helvetica, sans-serif; font-size: 13px; line-height: 18px;">You agree that any unauthorized use of the Service, the Songs, or any related software or materials would result in irreparable injury to Twinkle Star Dance&trade; and/or its affiliates or licensors for which money damages would be inadequate, and in such event Twinkle Star Dance&trade;, its affiliates and/or licensors, as applicable, shall have the right, in addition to other remedies available at law and in equity, to immediate injunctive relief against you. Nothing contained in this Agreement shall be construed to limit remedies available pursuant to statutory or other claims that Twinkle Star Dance&trade;, its affiliates and/or licensors may have under separate legal authority.&nbsp;</span><br style="color: rgb(75, 75, 75); font-family: Arial, Helvetica, sans-serif; font-size: 13px; line-height: 18px;" />\r\n<br style="color: rgb(75, 75, 75); font-family: Arial, Helvetica, sans-serif; font-size: 13px; line-height: 18px;" />\r\n<strong style="color: rgb(75, 75, 75); font-family: Arial, Helvetica, sans-serif; font-size: 13px; line-height: 18px;">INDEMNITY</strong><span style="color: rgb(75, 75, 75); font-family: Arial, Helvetica, sans-serif; font-size: 13px; line-height: 18px;">&nbsp;</span><br style="color: rgb(75, 75, 75); font-family: Arial, Helvetica, sans-serif; font-size: 13px; line-height: 18px;" />\r\n<span style="color: rgb(75, 75, 75); font-family: Arial, Helvetica, sans-serif; font-size: 13px; line-height: 18px;">You agree to indemnify and hold harmless Twinkle Star Dance&trade; and its agents, employees, representatives, licensors, affiliates, parents and subsidiaries from and against any and all claims, losses, demands, causes of action and judgments (including attorneys'' fees and court costs) arising from or concerning your breach of this Agreement and your use of the Service or the Songs and to reimburse them on demand for any losses, costs or expenses they incur as a result thereof.&nbsp;</span><br style="color: rgb(75, 75, 75); font-family: Arial, Helvetica, sans-serif; font-size: 13px; line-height: 18px;" />\r\n<br style="color: rgb(75, 75, 75); font-family: Arial, Helvetica, sans-serif; font-size: 13px; line-height: 18px;" />\r\n<strong style="color: rgb(75, 75, 75); font-family: Arial, Helvetica, sans-serif; font-size: 13px; line-height: 18px;">TERMINATION&nbsp;</strong><br style="color: rgb(75, 75, 75); font-family: Arial, Helvetica, sans-serif; font-size: 13px; line-height: 18px;" />\r\n<span style="color: rgb(75, 75, 75); font-family: Arial, Helvetica, sans-serif; font-size: 13px; line-height: 18px;">Twinkle Star Dance&trade; may in its sole discretion terminate this Agreement or suspend your account at any time without notice to you in the event that you breach (or Twinkle Star Dance&trade; reasonably suspects that you have breached) any provision of this Agreement. If Twinkle Star Dance&trade; terminates this Agreement, or suspends your account for any of the reasons set forth in this paragraph, it shall have no liability or responsibility to you, and Twinkle Star Dance&trade; will not refund any amounts that you have previously paid.&nbsp;</span><br style="color: rgb(75, 75, 75); font-family: Arial, Helvetica, sans-serif; font-size: 13px; line-height: 18px;" />\r\n<span style="color: rgb(75, 75, 75); font-family: Arial, Helvetica, sans-serif; font-size: 13px; line-height: 18px;">You understand and agree that your cancellation of your account and Service membership is your sole right and remedy with respect to any dispute with Twinkle Star Dance&trade;.&nbsp;</span><br style="color: rgb(75, 75, 75); font-family: Arial, Helvetica, sans-serif; font-size: 13px; line-height: 18px;" />\r\n<br style="color: rgb(75, 75, 75); font-family: Arial, Helvetica, sans-serif; font-size: 13px; line-height: 18px;" />\r\n<strong style="color: rgb(75, 75, 75); font-family: Arial, Helvetica, sans-serif; font-size: 13px; line-height: 18px;">DISCLAIMERS</strong><span style="color: rgb(75, 75, 75); font-family: Arial, Helvetica, sans-serif; font-size: 13px; line-height: 18px;">&nbsp;</span><br style="color: rgb(75, 75, 75); font-family: Arial, Helvetica, sans-serif; font-size: 13px; line-height: 18px;" />\r\n<span style="color: rgb(75, 75, 75); font-family: Arial, Helvetica, sans-serif; font-size: 13px; line-height: 18px;">You understand and agree that your use of the Service and downloads is at your own sole risk. THE SERVICE AND DOWNLOADS (THE &quot;PRODUCTS&quot;) ARE PROVIDED &quot;AS IS&quot; AND WITHOUT WARRANTY BY Twinkle Star Dance&trade; OR ITS AGENTS, EMPLOYEES, PARENTS, SUBSIDIARIES, AFFILIATES, LICENSORS, BUSINESS PARTNERS AND/OR SUPPLIERS (THE &quot;Twinkle Star Dance&trade; ENTITIES&quot;), AS APPLICABLE, AND, TO THE MAXIMUM EXTENT ALLOWED BY APPLICABLE LAW, THE Twinkle Star Dance&trade; ENTITIES EXPRESSLY DISCLAIM ALL WARRANTIES, EXPRESS OR IMPLIED INCLUDING, BUT NOT LIMITED TO, IMPLIED WARRANTIES OF MERCHANTABILITY AND FITNESS FOR A PARTICULAR PURPOSE AND ANY WARRANTY OF NONINFRINGEMENT. THE Twinkle Star Dance&trade; ENTITIES DO NOT WARRANT, GUARANTEE, OR MAKE ANY REPRESENTATIONS REGARDING THE USE OR THE RESULTS OF THE USE OF THE PRODUCTS WITH RESPECT TO PERFORMANCE, ACCURACY, RELIABILITY, SECURITY CAPABILITY OR OTHERWISE. YOU WILL NOT HOLD ANY Twinkle Star Dance&trade; ENTITY RESPONSIBLE FOR ANY DAMAGES THAT RESULT FROM YOU ACCESSING (INCLUDING ANY SOFTWARE OR SYSTEMS YOU USE TO ACCESS) THE SERVICE OR USING THE PRODUCTS INCLUDING, BUT NOT LIMITED TO, DAMAGE TO ANY COMPUTER, SOFTWARE OR SYSTEMS OR PORTABLE DEVICES YOU USE TO ACCESS THE SAME . NO ORAL OR WRITTEN INFORMATION OR ADVICE GIVEN BY ANY PERSON SHALL CREATE A WARRANTY IN ANY WAY WHATSOEVER RELATING TO ANY OF THE Twinkle Star Dance&trade; ENTITIES.&nbsp;</span><br style="color: rgb(75, 75, 75); font-family: Arial, Helvetica, sans-serif; font-size: 13px; line-height: 18px;" />\r\n<br style="color: rgb(75, 75, 75); font-family: Arial, Helvetica, sans-serif; font-size: 13px; line-height: 18px;" />\r\n<span style="color: rgb(75, 75, 75); font-family: Arial, Helvetica, sans-serif; font-size: 13px; line-height: 18px;">Twinkle Star Dance&trade; MAKES NO WARRANTY THAT ANY PARTICULAR CD BURNER OR PORTABLE DEVICE WILL BE COMPATIBLE WITH THE SERVICE OR THAT ANY CD BURNED WILL FUNCTION IN ALL CD PLAYERS. IT IS YOUR SOLE RESPONSIBILITY TO ENSURE THAT YOUR SYSTEM(S) WILL FUNCTION CORRECTLY WITH THE SERVICE.&nbsp;</span><br style="color: rgb(75, 75, 75); font-family: Arial, Helvetica, sans-serif; font-size: 13px; line-height: 18px;" />\r\n<span style="color: rgb(75, 75, 75); font-family: Arial, Helvetica, sans-serif; font-size: 13px; line-height: 18px;">UNDER NO CIRCUMSTANCES SHALL ANY Twinkle Star Dance&trade; ENTITY BE LIABLE FOR ANY UNAUTHORIZED USE OF THE SERVICE OR DOWNLOADS.&nbsp;</span><br style="color: rgb(75, 75, 75); font-family: Arial, Helvetica, sans-serif; font-size: 13px; line-height: 18px;" />\r\n<span style="color: rgb(75, 75, 75); font-family: Arial, Helvetica, sans-serif; font-size: 13px; line-height: 18px;">UNDER NO CIRCUMSTANCES SHALL ANY Twinkle Star Dance&trade; ENTITY BE LIABLE TO YOU FOR ANY CONSEQUENTIAL, INCIDENTAL OR SPECIAL DAMAGES (INCLUDING DAMAGES FOR LOSS OF BUSINESS PROFITS, BUSINESS INTERRUPTION, LOSS OF BUSINESS INFORMATION, AND THE LIKE) ARISING OUT OF THE USE OR INABILITY TO USE THE PRODUCTS, EVEN IF THE Twinkle Star Dance&trade; ENTITY HAS BEEN ADVISED OF THE POSSIBILITY OF SUCH DAMAGES. TO THE EXTENT THAT IN A PARTICULAR CIRCUMSTANCE ANY DISCLAIMER OR LIMITATION ON DAMAGES OR LIABILITY SET FORTH HEREIN IS PROHIBITED BY APPLICABLE LAW, THEN, INSTEAD OF THE PROVISIONS HEREOF IN SUCH PARTICULAR CIRCUMSTANCE, THE Twinkle Star Dance&trade; ENTITIES SHALL BE ENTITLED TO THE MAXIMUM DISCLAIMERS AND/OR LIMITATIONS ON DAMAGES AND LIABILITY AVAILABLE AT LAW OR IN EQUITY BY SUCH APPLICABLE LAW IN SUCH PARTICULAR CIRCUMSTANCE, AND IN NO EVENT SHALL SUCH DAMAGES OR LIABILITY EXCEED US $10.&nbsp;</span><br style="color: rgb(75, 75, 75); font-family: Arial, Helvetica, sans-serif; font-size: 13px; line-height: 18px;" />\r\n<br style="color: rgb(75, 75, 75); font-family: Arial, Helvetica, sans-serif; font-size: 13px; line-height: 18px;" />\r\n<strong style="color: rgb(75, 75, 75); font-family: Arial, Helvetica, sans-serif; font-size: 13px; line-height: 18px;">LAW AND LEGAL NOTICES&nbsp;</strong></p>\r\n<p>&nbsp;</p>', 'Twinkle Star Terms', 'Twinkle Star Terms', 'Twinkle Star Terms description', 0, 1, 1, '0000-00-00 00:00:00', '2013-03-15 23:22:13', 1);

-- --------------------------------------------------------

--
-- Table structure for table `orders`
--

CREATE TABLE `orders` (
  `id` int(11) NOT NULL auto_increment,
  `user_id` int(11) default NULL,
  `payment_status` tinyint(1) NOT NULL default '0' COMMENT '0-Pending, 1-Paid, 2-Failed, 3-Requested',
  `sub_total` float default NULL,
  `tax` float default NULL,
  `amount_paid` float default NULL,
  `shipping` float default NULL,
  `payment_date` datetime default NULL,
  PRIMARY KEY  (`id`),
  KEY `user_id` (`user_id`)
) ENGINE=InnoDB  DEFAULT CHARSET=utf8 AUTO_INCREMENT=204 ;

--
-- Dumping data for table `orders`
--

INSERT INTO `orders` VALUES(90, 64, 1, 5798, NULL, 5798, NULL, '2012-09-26 08:07:03');
INSERT INTO `orders` VALUES(91, 63, 1, 3899, NULL, 3899, NULL, '2012-09-27 09:25:01');
INSERT INTO `orders` VALUES(100, 66, 1, 3899, NULL, 3899, NULL, '2012-09-28 10:08:19');
INSERT INTO `orders` VALUES(102, 114, 1, 99.99, NULL, 99.99, NULL, '2012-10-08 02:27:27');
INSERT INTO `orders` VALUES(106, 114, 3, 12.99, NULL, 12.99, NULL, '2012-10-16 15:38:24');
INSERT INTO `orders` VALUES(110, 114, 3, 12.99, NULL, 12.99, NULL, '2012-10-17 16:13:25');
INSERT INTO `orders` VALUES(112, 114, 3, 12.99, NULL, 12.99, NULL, '2012-10-18 13:40:00');
INSERT INTO `orders` VALUES(124, 134, 3, 69.99, NULL, 69.99, NULL, '2012-10-23 08:09:32');
INSERT INTO `orders` VALUES(125, 134, 3, 69.99, NULL, 69.99, NULL, '2012-10-23 08:17:24');
INSERT INTO `orders` VALUES(126, 134, 3, 69.99, NULL, 69.99, NULL, '2012-10-23 08:18:43');
INSERT INTO `orders` VALUES(127, 134, 3, 69.99, NULL, 69.99, NULL, '2012-10-23 10:10:05');
INSERT INTO `orders` VALUES(128, 134, 3, 69.99, NULL, 69.99, NULL, '2012-10-23 10:33:49');
INSERT INTO `orders` VALUES(129, 114, 3, 12.99, NULL, 12.99, NULL, '2012-10-24 12:11:42');
INSERT INTO `orders` VALUES(130, 114, 1, 6346, NULL, 6346, NULL, '2012-10-24 12:25:05');
INSERT INTO `orders` VALUES(131, 66, 1, 119.98, NULL, 119.98, NULL, '2012-10-24 13:18:06');
INSERT INTO `orders` VALUES(144, 142, 1, 99.99, NULL, 99.99, NULL, '2012-10-25 04:32:04');
INSERT INTO `orders` VALUES(145, 142, 3, 12.99, NULL, 12.99, NULL, '2012-10-25 04:37:27');
INSERT INTO `orders` VALUES(146, 142, 3, 12.99, NULL, 12.99, NULL, '2012-10-25 04:40:02');
INSERT INTO `orders` VALUES(147, 142, 3, 12.99, NULL, 12.99, NULL, '2012-10-25 04:42:21');
INSERT INTO `orders` VALUES(148, 142, 3, 12.99, NULL, 12.99, NULL, '2012-10-25 04:47:33');
INSERT INTO `orders` VALUES(149, 142, 1, 311.99, NULL, 311.99, NULL, '2012-10-25 04:50:10');
INSERT INTO `orders` VALUES(152, 145, 1, 169.98, NULL, 169.98, NULL, '2012-10-29 11:34:21');
INSERT INTO `orders` VALUES(153, 142, 1, 1899, NULL, 1899, NULL, '2012-10-30 06:18:00');
INSERT INTO `orders` VALUES(154, 105, 1, 169.98, NULL, 169.98, NULL, '2012-10-30 10:46:41');
INSERT INTO `orders` VALUES(155, 142, 3, 1349, NULL, 1349, NULL, '2012-10-31 02:11:16');
INSERT INTO `orders` VALUES(156, 114, 1, 19.99, NULL, 19.99, NULL, '2012-10-31 12:49:28');
INSERT INTO `orders` VALUES(177, 162, 3, 498.99, NULL, 498.99, NULL, '2012-11-06 06:33:17');
INSERT INTO `orders` VALUES(178, 163, 3, 1418.99, NULL, 1418.99, NULL, '2012-11-06 06:35:22');
INSERT INTO `orders` VALUES(179, 164, 3, 498.99, NULL, 498.99, NULL, '2012-11-06 06:35:49');
INSERT INTO `orders` VALUES(180, 165, 3, 578.99, NULL, 578.99, NULL, '2012-11-06 06:41:34');
INSERT INTO `orders` VALUES(191, 176, 3, 99.99, NULL, 99.99, NULL, '2012-11-10 13:05:06');
INSERT INTO `orders` VALUES(192, 114, 3, 12.99, NULL, 12.99, NULL, '2012-11-10 13:52:24');
INSERT INTO `orders` VALUES(198, 182, 3, 169.98, NULL, 169.98, NULL, '2012-11-26 19:33:27');
INSERT INTO `orders` VALUES(199, 182, 3, 239.97, NULL, 239.97, NULL, '2012-11-26 21:52:36');
INSERT INTO `orders` VALUES(200, 183, 3, 69.99, NULL, 69.99, NULL, '2012-12-12 14:12:26');
INSERT INTO `orders` VALUES(201, 184, 3, 99.99, NULL, 99.99, NULL, '2012-12-18 21:08:35');
INSERT INTO `orders` VALUES(202, 186, 3, 69.99, NULL, 69.99, NULL, '2013-03-07 19:41:13');
INSERT INTO `orders` VALUES(203, 188, 3, 82.98, NULL, 82.98, NULL, '2013-03-12 01:55:25');

-- --------------------------------------------------------

--
-- Table structure for table `order_details`
--

CREATE TABLE `order_details` (
  `id` int(11) NOT NULL auto_increment,
  `order_id` int(11) default NULL,
  `package_subscription_id` int(11) default NULL COMMENT 'Package/Subscription ID',
  `start_date` datetime default NULL,
  `expiry_date` datetime default NULL,
  `amount` float default NULL,
  `duration` tinyint(1) default NULL COMMENT '1-Monthly, 2-Yearly',
  PRIMARY KEY  (`id`),
  KEY `order_id` (`order_id`),
  KEY `package_subscription_id` (`package_subscription_id`)
) ENGINE=InnoDB  DEFAULT CHARSET=utf8 AUTO_INCREMENT=280 ;

--
-- Dumping data for table `order_details`
--

INSERT INTO `order_details` VALUES(127, 90, 5, '2012-09-26 08:07:03', '2013-12-31 00:00:00', 1899, 2);
INSERT INTO `order_details` VALUES(128, 90, 4, '2012-09-26 08:07:03', '2013-12-31 00:00:00', 3899, 2);
INSERT INTO `order_details` VALUES(129, 91, 4, '2012-09-27 09:25:01', '2013-12-31 00:00:00', 3899, 2);
INSERT INTO `order_details` VALUES(139, 100, 4, '2012-09-28 10:08:19', '2013-12-31 00:00:00', 3899, 2);
INSERT INTO `order_details` VALUES(141, 102, 2, '2012-10-08 02:27:27', '2013-12-31 00:00:00', 99.99, 1);
INSERT INTO `order_details` VALUES(145, 106, 9, '2012-10-16 15:38:24', '2013-12-31 00:00:00', 12.99, 1);
INSERT INTO `order_details` VALUES(149, 110, 9, '2012-10-17 16:13:25', '2013-12-31 00:00:00', 12.99, 1);
INSERT INTO `order_details` VALUES(151, 112, 9, '2012-10-18 13:40:00', '2013-12-31 00:00:00', 12.99, 1);
INSERT INTO `order_details` VALUES(163, 124, 3, '2012-10-23 08:09:32', '2013-12-31 00:00:00', 69.99, 1);
INSERT INTO `order_details` VALUES(164, 125, 3, '2012-10-23 08:17:24', '2013-12-31 00:00:00', 69.99, 1);
INSERT INTO `order_details` VALUES(165, 126, 3, '2012-10-23 08:18:43', '2013-12-31 00:00:00', 69.99, 1);
INSERT INTO `order_details` VALUES(166, 127, 3, '2012-10-23 10:10:05', '2013-12-31 00:00:00', 69.99, 1);
INSERT INTO `order_details` VALUES(167, 128, 3, '2012-10-23 10:33:49', '2013-12-31 00:00:00', 69.99, 1);
INSERT INTO `order_details` VALUES(168, 129, 9, '2012-10-24 12:11:42', '2013-12-31 00:00:00', 12.99, 1);
INSERT INTO `order_details` VALUES(169, 130, 7, '2012-10-24 12:25:05', '2013-12-31 00:00:00', 1199, 2);
INSERT INTO `order_details` VALUES(170, 130, 5, '2012-10-24 12:25:05', '2013-12-31 00:00:00', 1899, 2);
INSERT INTO `order_details` VALUES(171, 130, 3, '2012-10-24 12:25:05', '2013-12-31 00:00:00', 1349, 2);
INSERT INTO `order_details` VALUES(172, 130, 2, '2012-10-24 12:25:05', '2013-12-31 00:00:00', 1899, 2);
INSERT INTO `order_details` VALUES(173, 131, 7, '2012-10-24 13:18:06', '2013-12-31 00:00:00', 49.99, 1);
INSERT INTO `order_details` VALUES(174, 131, 3, '2012-10-24 13:18:06', '2013-12-31 00:00:00', 69.99, 1);
INSERT INTO `order_details` VALUES(198, 144, 5, '2012-10-25 04:32:04', '2013-12-31 00:00:00', 99.99, 1);
INSERT INTO `order_details` VALUES(199, 145, 9, '2012-10-25 04:37:27', '2013-12-31 00:00:00', 12.99, 1);
INSERT INTO `order_details` VALUES(200, 146, 9, '2012-10-25 04:40:02', '2013-12-31 00:00:00', 12.99, 1);
INSERT INTO `order_details` VALUES(201, 147, 9, '2012-10-25 04:42:21', '2013-12-31 00:00:00', 12.99, 1);
INSERT INTO `order_details` VALUES(202, 148, 9, '2012-10-25 04:47:33', '2013-12-31 00:00:00', 12.99, 1);
INSERT INTO `order_details` VALUES(203, 149, 9, '2012-10-25 04:50:10', '2013-12-31 00:00:00', 12.99, 1);
INSERT INTO `order_details` VALUES(204, 149, 9, '2012-10-25 04:50:10', '2013-12-31 00:00:00', 299, 2);
INSERT INTO `order_details` VALUES(207, 152, 3, '2012-10-29 11:34:21', '2013-12-31 00:00:00', 69.99, 1);
INSERT INTO `order_details` VALUES(208, 152, 2, '2012-10-29 11:34:21', '2013-12-31 00:00:00', 99.99, 1);
INSERT INTO `order_details` VALUES(209, 153, 2, '2012-10-30 06:18:00', '2013-12-31 00:00:00', 1899, 2);
INSERT INTO `order_details` VALUES(210, 154, 3, '2012-10-30 10:46:41', '2013-12-31 00:00:00', 69.99, 1);
INSERT INTO `order_details` VALUES(211, 154, 2, '2012-10-30 10:46:41', '2013-12-31 00:00:00', 99.99, 1);
INSERT INTO `order_details` VALUES(212, 155, 3, '2012-10-31 02:11:16', '2013-12-31 00:00:00', 1349, 2);
INSERT INTO `order_details` VALUES(213, 156, 8, '2012-10-31 12:49:28', '2013-12-31 00:00:00', 19.99, 1);
INSERT INTO `order_details` VALUES(236, 177, 8, '2012-11-06 06:33:17', '2013-12-31 00:00:00', 19.99, 1);
INSERT INTO `order_details` VALUES(237, 177, 8, '2012-11-06 06:33:17', '2013-12-31 00:00:00', 479, 2);
INSERT INTO `order_details` VALUES(238, 178, 3, '2012-11-06 06:35:22', '2013-12-31 00:00:00', 1349, 2);
INSERT INTO `order_details` VALUES(239, 178, 3, '2012-11-06 06:35:22', '2013-12-31 00:00:00', 69.99, 1);
INSERT INTO `order_details` VALUES(240, 179, 8, '2012-11-06 06:35:49', '2013-12-31 00:00:00', 19.99, 1);
INSERT INTO `order_details` VALUES(241, 179, 8, '2012-11-06 06:35:49', '2013-12-31 00:00:00', 479, 2);
INSERT INTO `order_details` VALUES(242, 180, 8, '2012-11-06 06:41:34', '2013-12-31 00:00:00', 479, 2);
INSERT INTO `order_details` VALUES(243, 180, 5, '2012-11-06 06:41:34', '2013-12-31 00:00:00', 99.99, 1);
INSERT INTO `order_details` VALUES(263, 191, 2, '2012-11-10 13:05:06', '2013-12-31 00:00:00', 99.99, 1);
INSERT INTO `order_details` VALUES(264, 192, 9, '2012-11-10 13:52:24', '2013-12-31 00:00:00', 12.99, 1);
INSERT INTO `order_details` VALUES(270, 198, 3, '2012-11-26 19:33:27', '2013-12-31 00:00:00', 69.99, 1);
INSERT INTO `order_details` VALUES(271, 198, 5, '2012-11-26 19:33:27', '2013-12-31 00:00:00', 99.99, 1);
INSERT INTO `order_details` VALUES(272, 199, 5, '2012-11-26 21:52:36', '2013-12-31 00:00:00', 99.99, 1);
INSERT INTO `order_details` VALUES(273, 199, 3, '2012-11-26 21:52:36', '2013-12-31 00:00:00', 69.99, 1);
INSERT INTO `order_details` VALUES(274, 199, 3, '2012-11-26 21:52:36', '2013-12-31 00:00:00', 69.99, 1);
INSERT INTO `order_details` VALUES(275, 200, 3, '2012-12-12 14:12:26', '2013-12-31 00:00:00', 69.99, 1);
INSERT INTO `order_details` VALUES(276, 201, 2, '2012-12-18 21:08:35', '2013-12-31 00:00:00', 99.99, 1);
INSERT INTO `order_details` VALUES(277, 202, 3, '2013-03-07 19:41:13', '2013-12-31 00:00:00', 69.99, 1);
INSERT INTO `order_details` VALUES(278, 203, 9, '2013-03-12 01:55:25', '2013-12-31 00:00:00', 12.99, 1);
INSERT INTO `order_details` VALUES(279, 203, 3, '2013-03-12 01:55:25', '2013-12-31 00:00:00', 69.99, 1);

-- --------------------------------------------------------

--
-- Table structure for table `package_subscription`
--

CREATE TABLE `package_subscription` (
  `id` int(11) NOT NULL auto_increment,
  `name` varchar(255) default NULL,
  `description` text,
  `price_one_time` float default NULL,
  `price` float default NULL,
  `discount` int(11) default NULL,
  `duration` tinyint(1) default NULL COMMENT '1-Monthly, 2-Yearly, 3-Both',
  `image_url` varchar(255) default NULL,
  `type` enum('Package','Subscription') NOT NULL default 'Package',
  `base_video_limit` int(11) NOT NULL default '0',
  `available_update` int(10) NOT NULL default '0',
  `status` tinyint(1) NOT NULL default '1' COMMENT '0-InActive, 1-Active, 2-Deleted',
  `created_at` datetime default NULL,
  `updated_at` datetime default NULL,
  PRIMARY KEY  (`id`)
) ENGINE=InnoDB  DEFAULT CHARSET=utf8 AUTO_INCREMENT=20 ;

--
-- Dumping data for table `package_subscription`
--

INSERT INTO `package_subscription` VALUES(1, 'sdvsdvsdvds', '&lt;div&gt;sdvssvsdvsdv&lt;/div&gt;', 0, 0, NULL, 3, '', 'Subscription', 0, 0, 2, '2012-01-25 00:00:00', '2012-01-25 14:50:04');
INSERT INTO `package_subscription` VALUES(2, 'Choreography Twinkle Babies &amp; Twinkle Stars Ages 2.5 - 6.5', '<h3>RECITAL CHOREOGRAPHY</h3>\r\n<p style="font-size: 12px; font-weight: normal; ">When you subscribe we will create a gallery of videos for you. &nbsp;You''ll receive enough adorable and age appropriate recital videos (streaming*) for each class on your schedule plus monthly updates are added to your gallery to build your Twinkle Star Dance&trade; repertoire. &nbsp;At the end of one year, you''ll have a full library of videos in your Twinkle Star Dance gallery. &nbsp;They''re yours to use for as long as you''re a subscriber.<br />\r\n&nbsp;</p>\r\n<hr style="font-size: 12px; font-weight: normal; " />\r\n<p style="font-size: 12px; font-weight: normal; "><span style="font-family: arial, sans-serif; line-height: 22px; font-size: small; ">Costume Gallery<span style="color: rgb(255, 0, 0); ">&reg;</span>&nbsp;Perfectly Paired Recital Costumes<br />\r\n</span></p>\r\n<ul style="font-size: 12px; font-weight: normal; ">\r\n    <li>\r\n    <p>Take the guesswork out of selecting costumes - we''ve partnered with Costume Gallery<span style="color: rgb(255, 0, 0); "><span style="font-family: Verdana, sans-serif; ">&reg;</span></span>&nbsp;&nbsp;to be our official costume supplier. &nbsp;We helped design and select at least one Costume Gallery<span style="color: rgb(255, 0, 0); "><span style="font-family: Verdana, sans-serif; ">&reg;</span></span>&nbsp;costume for each Twinkle Star Dance&trade; recital choreography video.</p>\r\n    </li>\r\n    <li>\r\n    <p>Bonus-use a free&nbsp;<a href="http://www.costumemanager.com/StudioOwnersandInstructorsGuide" target="_blank"><span style="color: rgb(0, 0, 0); ">CostumeManager.com account</span></a>&nbsp;to assign costumes to your dancers to purchase online or via telephone or order directly from Costume Gallery<span style="color: rgb(255, 0, 0); "><span style="font-family: Verdana, sans-serif; ">&reg;</span></span>. As a special perk for Twinkle Star Dance&trade; subscribers, CostumeManager.com offers the Costume Gallery recital costumes at catalog price!</p>\r\n    </li>\r\n</ul>\r\n<hr style="font-size: 12px; font-weight: normal; " />\r\n<h3>&nbsp;Twinkle Babies&trade;&nbsp;2-3</h3>\r\n<ul style="font-size: 12px; font-weight: normal; ">\r\n    <li>A Penny A Kiss&nbsp;- Ages 2-3 or 3-4 - Tap Movement&nbsp;</li>\r\n    <li>Baby Bumble Bee&nbsp;- Ages 2-3 - Ballet Movement</li>\r\n    <li>Bunny Rabbit Blues - Ages 2-3 - Ballet Movement</li>\r\n    <li><a target="_blank" href="http://youtu.be/WrfzgDNmPFM">Cuddle Bug Boogi</a><a target="_blank" href="http://youtu.be/WrfzgDNmPFM">e</a>&nbsp;- Ages 2-3 - Tap Movement</li>\r\n    <li>Little Clouds&nbsp;- Ages 2-3 - Ballet Movement&nbsp;</li>\r\n    <li>Little Tap Shoes&nbsp;- Ages 2-3 - Tap Movement&nbsp;</li>\r\n    <li>Me and My Teddy Bear&nbsp;2-3 - Ballet Movement</li>\r\n</ul>\r\n<hr style="font-size: 12px; font-weight: normal; " />\r\n<h3>Twinkle Stars&trade; 3-4</h3>\r\n<ul style="font-size: 12px; font-weight: normal; ">\r\n    <li>All Shook Up&nbsp;- Ages 3-4 - Tap Movement</li>\r\n    <li>Baby Take a Bow - Ages 3-4 - Tap Movement</li>\r\n    <li>Kimbo Bop&nbsp;- Ages 3-4 - Tap Movement&nbsp;</li>\r\n    <li>Magic Tutu&nbsp;- Ages 3-4 - Ballet Movement&nbsp;</li>\r\n    <li>Mickey Motion&nbsp;- Ages 3-4 - Tap Movement&nbsp;</li>\r\n    <li>Oh You Beautiful Doll&nbsp;- Ages 3-4 - Tap Movement&nbsp;</li>\r\n    <li>Oogie Boogie Woogie&nbsp;- Ages 3-4 - Tap Movement</li>\r\n    <li>Personality - Ages 3-4 - Tap Movement</li>\r\n    <li>Put on a Happy Face&nbsp;- Ages 3-4 - Tap Movement&nbsp;</li>\r\n    <li>Sound of Music&nbsp;- Ages 3-4 - Ballet Movement</li>\r\n    <li>Tiny Tots Ballet - Ages 3-4 - Ballet Movement&nbsp;&nbsp;&nbsp;&nbsp;</li>\r\n</ul>\r\n<hr style="font-size: 12px; font-weight: normal; " />\r\n<h3>Twinkle Stars&trade; 3-4 or 4-5</h3>\r\n<ul style="font-size: 12px; font-weight: normal; ">\r\n    <li>Dream Ballet&nbsp;- Ages 3-4 or 4-5 - Ballet Movement&nbsp;&nbsp;</li>\r\n    <li>Perfect Princess Tea&nbsp;- Ages 3-4 or 4-5 - Ballet Movement&nbsp;</li>\r\n    <li>Ready for the Show Tonight&nbsp;- Ages 3-4 or 4-5 - Tap Movement&nbsp;</li>\r\n    <li>Swingin on a Star&nbsp;- Ages 3-4 or 4-5 - Tap Movement&nbsp;</li>\r\n    <li>Twinkle Twinkle Little Star&nbsp;- Ages 3-4 or 4-5 - Ballet Movement</li>\r\n</ul>\r\n<hr style="font-size: 12px; font-weight: normal; " />\r\n<h3>Twinkle Stars&trade; 4-5 or 5-6</h3>\r\n<ul style="font-size: 12px; font-weight: normal; ">\r\n    <li>Blue Suede Shoes&nbsp;- Ages 4-5 or 5-6 - Tap Movement&nbsp;</li>\r\n    <li>Boots are Made for Walkin&nbsp;- Ages 4-5 or 5-6 - Jazz Movement</li>\r\n    <li><a target="_blank" href="http://youtu.be/FXoNH2ybh8Y">Broadway Babies</a>&nbsp; - Ages 4-5 or 5-6 - Tap Movement</li>\r\n    <li>Land of 1000 Dances&nbsp;- Ages 4-5 or 5-6 - Jazz Movement</li>\r\n    <li>Mambo #5&nbsp;- Ages 4-5 or 5-6 - Jazz Movement&nbsp;</li>\r\n    <li>Now We''re Going to Shine&nbsp;- Ages 4-5 - Tap Movement&nbsp;</li>\r\n    <li>Over the Rainbow&nbsp;- Ages 4-5 or 5-6 - Ballet Movement&nbsp;</li>\r\n    <li>Rainbow Connection&nbsp;- Ages 4-5 or 5-6 - Ballet Movement</li>\r\n    <li>Shake Rattle and Roll&nbsp;- Ages 4-5 - Tap Movement</li>\r\n    <li>Supercalifragilistic&nbsp;- Ages 4-5 or 5-6 - Tap Movement</li>\r\n    <li>Sweet Old Fashioned Girl&nbsp;- Ages 4-5 - Tap Movement</li>\r\n    <li>Under the Big Top&nbsp;- Ages 4-5 - Tap Movement&nbsp;</li>\r\n</ul>\r\n<hr style="font-size: 12px; font-weight: normal; " />\r\n<h3>Twinkle Stars&trade; 5-6</h3>\r\n<ul style="font-size: 12px; font-weight: normal; ">\r\n    <li>A Dream is a Wish - Ages 5-6 - Ballet Movement</li>\r\n    <li>Belle&nbsp;- Ages 5-6 - Ballet Movement&nbsp;</li>\r\n    <li>Boogie Back to Texas&nbsp;- Ages 5-6 - Jazz Movement&nbsp;</li>\r\n    <li><a target="_blank" href="http://youtu.be/U_U5cGUYXU8">Mary Poppins Medley</a>&nbsp;- Ages 5-6 - Ballet Movement&nbsp;&nbsp;</li>\r\n</ul>\r\n<hr style="font-size: 12px; font-weight: normal; " />\r\n<p><br style="font-size: 12px; font-weight: normal; " />\r\n<strong style="font-size: 12px; ">Recital Choreography Pricing Options:</strong><br style="font-size: 12px; font-weight: normal; " />\r\n<span style="font-size: 12px; font-weight: normal; ">1. </span><span style="font-size: 12px; font-weight: normal; color: rgb(255, 0, 0); ">$1899</span><span style="font-size: 12px; font-weight: normal; ">&nbsp;or&nbsp;</span><span style="font-size: 12px; font-weight: normal; color: rgb(255, 0, 0); ">$99.99</span><span style="font-size: 12px; font-weight: normal; ">&nbsp;per month for two years if a Curriculum subscriber.</span><br style="font-size: 12px; font-weight: normal; " />\r\n<span style="font-size: 12px; font-weight: normal; ">2. </span><span style="font-size: 12px; font-weight: normal; color: rgb(255, 0, 0); ">$2899</span><span style="font-size: 12px; font-weight: normal; ">&nbsp;or&nbsp;</span><span style="font-size: 12px; font-weight: normal; color: rgb(255, 0, 0); ">$139</span><span style="font-size: 12px; font-weight: normal; ">&nbsp;per month for two years if not subscribed to Twinkle Star Dance&trade; Curriculum</span><br style="font-size: 12px; font-weight: normal; " />\r\n<strong style="font-size: 12px; "><br />\r\nRecital Choreography Add to cart options:</strong><br style="font-size: 12px; font-weight: normal; " />\r\n<span style="font-size: 12px; font-weight: normal; ">Package 2 option a) Recital Choreography monthly payment package&nbsp;</span><span style="font-size: 12px; font-weight: normal; color: rgb(255, 0, 0); ">$99.99</span><span style="font-size: 12px; font-weight: normal; ">&nbsp;per month for 24 months</span><br style="font-size: 12px; font-weight: normal; " />\r\n<span style="font-size: 12px; font-weight: normal; ">Package 2 option b) Pay up front package -&nbsp;</span><span style="font-size: 12px; font-weight: normal; color: rgb(255, 0, 0); ">$1899</span></p>', 1899, 99.99, NULL, 3, 'd643e_20120208192718.jpg', 'Subscription', 15, 0, 1, '2012-01-25 14:55:47', '2012-11-13 11:25:14');
INSERT INTO `package_subscription` VALUES(3, 'Curriculum Twinkle Babies &amp; Twinkle Stars Ages 2.5 - 6.5', '<h3>CURRICULUM ONLY</h3> <p style="font-size: 12px; font-weight: normal; ">Includes Lesson Plan Book and Curriculum Videos (streaming*) &ndash; includes actual video of Twinkle Star Dance&trade; instructors in action teaching actual classes.</p> <ul class="bullet" style="font-size: 12px; font-weight: normal; "> <li>Curriculum &ndash;Twinkle Babies&trade; 2.5-3.5 years of age -&nbsp;<a target="_blank" href="http://youtu.be/H6BDZrnoEwA">sample</a></li> <li>Curriculum &ndash;Twinkle Stars&trade; 3.5-4.5 years of age</li> <li>Curriculum &ndash;Twinkle Stars&trade; 4.5-5.5 years of age -&nbsp;<a target="_blank" href="http://youtu.be/T9gY8VyJunI">sample</a></li> <li>Curriculum &ndash;Twinkle Stars&trade; 5.5-6.5 years of age</li> </ul> <p style="font-size: 12px; font-weight: normal; ">Curriculum &quot;Specials&quot; video tutorials (streaming*) explain what to do and demonstrates &quot;crafts&quot;</p> <ul class="bullet" style="font-size: 12px; font-weight: normal; "> <li>Warm-ups/Combinations</li> <li>Princess Tea Party week</li> <li>Halloween Week</li> <li>Thanksgiving Week</li> <li>Winter Holiday week</li> <li>Valentine''s Week</li> </ul> <p style="font-size: 12px; font-weight: normal; "><strong>Add to cart options:</strong><br /> Curriculum monthly payment package&nbsp;<span style="color: rgb(255, 0, 0); ">$69.99</span>&nbsp;per month for 24 months<br /> Curriculum Pay up front package -&nbsp;<span style="color: rgb(255, 0, 0); ">$1349</span></p>', 1349, 69.99, NULL, 3, '9e2a2_20120208163825.jpg', 'Subscription', 15, 0, 1, '2012-01-25 15:30:55', '2012-10-29 04:29:12');
INSERT INTO `package_subscription` VALUES(4, 'Curriculum and Choreography - Twinkle Babies &amp; Twinkle Stars Ages 2.5 - 6.5', '&lt;h3&gt;\r\n&lt;h3&gt;CURRICULUM + RECITAL CHOREOGRAPHY&lt;/h3&gt;\r\n&lt;p style=&quot;font-size: 12px; font-weight: normal; &quot;&gt;Includes&amp;nbsp;&lt;strong&gt;&lt;em&gt;Curriculum&lt;/em&gt;&lt;/strong&gt;&amp;nbsp;and&amp;nbsp;&lt;em&gt;&lt;strong&gt;Recital Choreography&lt;/strong&gt;&lt;/em&gt;&amp;nbsp;Packages&lt;br /&gt;\r\n&amp;nbsp;&lt;/p&gt;\r\n&lt;hr style=&quot;font-size: 12px; font-weight: normal; &quot; /&gt;\r\n&lt;p style=&quot;font-weight: normal; color: rgb(75, 75, 75); font-family: Arial, Helvetica, sans-serif; font-size: 13px; line-height: 18px; &quot;&gt;&lt;span style=&quot;color: rgb(0, 0, 0); &quot;&gt;&lt;span style=&quot;font-family: arial, sans-serif; font-size: small; line-height: 22px; &quot;&gt;Costume Gallery&lt;span style=&quot;font-family: Arial, Helvetica, sans-serif; font-size: 13px; line-height: 18px; &quot;&gt;&amp;reg;&lt;/span&gt;&amp;nbsp;Perfectly Paired Recital Costumes&lt;/span&gt;&lt;/span&gt;&lt;span style=&quot;color: rgb(0, 0, 0); &quot;&gt;&lt;span style=&quot;font-family: arial, sans-serif; font-size: small; line-height: 22px; color: rgb(255, 0, 0); &quot;&gt;&lt;br /&gt;\r\n&lt;/span&gt;&lt;/span&gt;&lt;/p&gt;\r\n&lt;ul style=&quot;font-weight: normal; list-style: circle; margin: 0px 0px 0px 15px; padding: 0px; color: rgb(75, 75, 75); font-family: Arial, Helvetica, sans-serif; font-size: 13px; line-height: 18px; &quot;&gt;\r\n    &lt;li&gt;\r\n    &lt;p&gt;&lt;span style=&quot;color: rgb(0, 0, 0); &quot;&gt;Take the guesswork out of selecting costumes - we''ve partnered with Costume Gallery&lt;span style=&quot;font-family: Verdana, sans-serif; &quot;&gt;&amp;reg;&lt;/span&gt;&amp;nbsp;&amp;nbsp;to be our official costume supplier. &amp;nbsp;We helped design and select at least one Costume Gallery&lt;span style=&quot;font-family: Verdana, sans-serif; &quot;&gt;&amp;reg;&lt;/span&gt;&amp;nbsp;costume for each Twinkle Star Dance&amp;trade; recital choreography video.&lt;/span&gt;&lt;/p&gt;\r\n    &lt;/li&gt;\r\n&lt;/ul&gt;\r\n&lt;p style=&quot;font-size: 12px; font-weight: normal; &quot;&gt;&lt;span style=&quot;font-size: 13px; &quot;&gt;Bonus-use a free&amp;nbsp;&lt;/span&gt;&lt;a target=&quot;_blank&quot; href=&quot;http://www.costumemanager.com/StudioOwnersandInstructorsGuide&quot; style=&quot;font-size: 13px; color: rgb(223, 63, 126); &quot;&gt;&lt;span style=&quot;color: rgb(0, 0, 0); text-decoration: none; &quot;&gt;CostumeManager.com account&lt;/span&gt;&lt;/a&gt;&lt;span style=&quot;font-size: 13px; &quot;&gt;&amp;nbsp;to assign costumes to your dancers to purchase online or via telephone or order directly from Costume Gallery&lt;span style=&quot;font-family: Verdana, sans-serif; &quot;&gt;&amp;reg;&lt;/span&gt;. As a special perk for Twinkle Star Dance&amp;trade; subscribers, CostumeManager.com offers the Costume Gallery recital costumes at catalog price!&lt;br /&gt;\r\n&lt;/span&gt;&lt;/p&gt;\r\n&lt;p style=&quot;font-size: 12px; font-weight: normal; &quot;&gt;&amp;nbsp;&lt;/p&gt;\r\n&lt;hr style=&quot;font-size: 12px; font-weight: normal; &quot; /&gt;\r\n&lt;p style=&quot;font-size: 12px; font-weight: normal; &quot;&gt;&lt;strong&gt;Curriculum Package + Twinkle Star Recital Choreography Package =&amp;nbsp;&lt;span style=&quot;color: rgb(255, 0, 0); &quot;&gt;$2899&lt;/span&gt;&amp;nbsp;or&lt;span style=&quot;color: rgb(255, 0, 0); &quot;&gt;$166.98&lt;/span&gt;&amp;nbsp;per month for two years.&lt;/strong&gt;&lt;/p&gt;\r\n&lt;p style=&quot;font-size: 12px; font-weight: normal; &quot;&gt;&lt;strong&gt;Add to cart options:&lt;/strong&gt;&lt;br /&gt;\r\nPricing - monthly price&amp;nbsp;&lt;span style=&quot;color: rgb(255, 0, 0); &quot;&gt;$166.98&lt;/span&gt;&amp;nbsp;for 24 months&lt;br /&gt;\r\nPricing - Pay up front&amp;nbsp;&lt;span style=&quot;color: rgb(255, 0, 0); &quot;&gt;$2899&lt;/span&gt;&lt;/p&gt;\r\n&lt;/h3&gt;', 3899, 166.98, NULL, 3, '89071_20120209121236.jpg', 'Subscription', 5, 0, 2, '2012-02-09 11:55:40', '2012-09-18 11:53:17');
INSERT INTO `package_subscription` VALUES(5, 'ShowStars Jazz, Tap, Ballet, Hip-Hop Curriculum and Recital Choreography for ages 6-10', '<h3>Includes:</h3>\r\n<p>1.	Curriculum and lesson plan book (PDF document)<br />\r\n2.	Curriculum Videos (streaming*) &ndash; includes actual video of JAZZ, TAP AND BALLET instructors in action teaching actual classes.</p>\r\n<ul class="bullet">\r\n    <li>Curriculum &ndash; Jazz ShowSTARS&trade; 6.5+ years of age</li>\r\n    <li>Curriculum &ndash; Tap ShowSTARS&trade; 6.5+ years of age</li>\r\n    <li>Curriculum &ndash; Ballet ShowSTARS&trade; 6.5+ years of age</li>\r\n    <li>Curriculum &ndash; Hip-Hop ShowSTARS&trade; 6.5+ years of age</li>\r\n</ul>\r\n<p><strong>Show Stars Choreography Videos</strong></p>\r\n<ul class="bullet">\r\n    <li>Charlie Brown - Tap</li>\r\n    <li>Cuban Pete - Tap</li>\r\n    <li>I&rsquo;m Gonna Email Santa - Tap</li>\r\n    <li>Whistle While You Work - Tap</li>\r\n    <li>Do You Believe in Magic - Tap</li>\r\n    <li>Ratatouille - Tap</li>\r\n    <li>Sea Cruise - Tap</li>\r\n    <li>Tutti Frutti - Tap</li>\r\n    <li>Rip it Up - Tap</li>\r\n    <li>ABC - Jazz Ages 5-8</li>\r\n    <li>CaddyShack - Jazz Ages 5-8</li>\r\n    <li>I Want Candy - Jazz Ages 7-10</li>\r\n    <li>Rock Star - Jazz Ages 7-10</li>\r\n    <li>Ice Cream Freeze - Jazz Ages 5-8</li>\r\n    <li>Jump - Jazz Ages 7-10</li>\r\n    <li>Jungle Book - Jazz Ages 5-8</li>\r\n    <li>Going to the Chapel - Jazz Ages 5-8</li>\r\n    <li>Party at Mickey&rsquo;s House - Jazz Ages 5-8</li>\r\n    <li>Hoedown Throwdown - Jazz Ages 5-8</li>\r\n    <li>When She Loved Me - Ballet Ages 5-8</li>\r\n    <li>Fantasia - Ballet Ages 5-8</li>\r\n    <li>Some Day My Prince Will Come - Ballet Ages 5-8</li>\r\n    <li>Lullabye - Ballet Ages 5-8</li>\r\n    <li>Somewhere Out There - Ballet Ages 5-8</li>\r\n    <li>Butterfly Fly Away - Ballet Ages 5-8</li>\r\n    <li>Princess Tea Party - Ballet Ages 5-8</li>\r\n    <li>A Mother&rsquo;s Prayer - Ballet Ages 7-10</li>\r\n</ul>\r\n<p><strong>Pricing: <span>$1899</span> or <span>$99.99</span> per month for two years</strong> - includes class curriculum, teacher training video and 6 starter recital choreography videos, monthly video updates &ndash; warm-ups, combinations and choreography.</p>\r\n<p><strong>Add to cart options:</strong><br />\r\nPackage 4 option a) ShowSTARS monthly payment package <span>$99.99</span> per month for 24 months<br />\r\nPackage 4 option b) ShowSTARS Pay up front package - <span>$1899</span></p>', 1899, 99.99, NULL, 3, '2f3fe_20120209130522.jpg', 'Subscription', 10, 0, 1, '2012-02-09 13:05:22', '2012-11-06 00:47:32');
INSERT INTO `package_subscription` VALUES(6, '    ', '&lt;div&gt;&amp;trade;&amp;trade;&amp;trade;&amp;trade;&amp;trade;&amp;trade; &amp;trade;&amp;trade;&amp;trade;&amp;trade;&amp;trade; &amp;trade;&amp;trade;&amp;trade;&amp;trade;&amp;trade; &amp;trade;&amp;trade;&amp;trade;&amp;trade; &amp;trade;&amp;trade;&lt;/div&gt;', 2000, 20, NULL, 3, '59f13_20120828160413.jpeg', 'Subscription', 0, 0, 2, '2012-02-13 17:50:10', '2012-09-18 11:46:22');
INSERT INTO `package_subscription` VALUES(7, 'Fire it UP! Adult Dance Fitness', '<h3><strong style="color: rgb(51, 51, 51); font-family: Georgia, ''Times New Roman'', Times, serif; line-height: 18px; ">Fire it Up Dance Fitness -&nbsp; <br />\r\na 50 minute jazz dance-based conditioning and fitness class.<br />\r\n</strong></h3>\r\n<p style="color: rgb(51, 51, 51); font-family: Georgia, ''Times New Roman'', Times, serif; line-height: 18px; ">Package includes 12 Fire it Up videos and new content quarterly.<br />\r\n<br />\r\nNo dance experience necessary for adults to experience the heat of dance fitness to music from multiple genres and decades&hellip;<br />\r\nLatin/Salsa<br />\r\nJitterbut/Swing<br />\r\nDisco<br />\r\n80&rsquo;s<br />\r\nHip-Hop/Funk<br />\r\nBroadway favorites<br />\r\nCountry and Western<br />\r\n&hellip;and of course the most current pop music!&nbsp;</p>\r\n<p style="color: rgb(51, 51, 51); font-family: Georgia, ''Times New Roman'', Times, serif; line-height: 18px; ">Cool the heat with an inspirational lyrical dance at the end of each class!</p>', 999, 49, NULL, 3, '661ba_20120918115021.jpg', 'Subscription', 15, 0, 1, '2012-09-18 11:50:21', '2012-11-06 14:04:42');
INSERT INTO `package_subscription` VALUES(8, '6 Twinkle Babies/Stars Choreography Videos', '<h3>6 ADDITIONAL RECITAL CHOREOGRAPHY VIDEOS</h3>\r\n<p>Build your repertoire! Select six additional recital choreography videos (streaming*).They''re yours to use for as long as you''re a subscriber. &nbsp;Note: only subscribers to Twinkle Star curriculum may subscribe to this package.<br />\r\n&nbsp;</p>\r\n<hr />\r\n<p><span style="font-family: arial, sans-serif; line-height: 22px; font-size: small; ">Costume Gallery<span style="color: rgb(255, 0, 0); ">&reg;</span>&nbsp;Perfectly Paired Recital Costumes<br />\r\n</span></p>\r\n<ul>\r\n    <li>\r\n    <p>Take the guesswork out of selecting costumes - we''ve partnered with Costume Gallery<span style="color: rgb(255, 0, 0); "><span style="font-family: Verdana, sans-serif; ">&reg;</span></span>&nbsp;&nbsp;to be our official costume supplier. &nbsp;We helped design and select at least one Costume Gallery<span style="color: rgb(255, 0, 0); "><span style="font-family: Verdana, sans-serif; ">&reg;</span></span>&nbsp;costume for each Twinkle Star Dance&trade; recital choreography video.</p>\r\n    </li>\r\n    <li>\r\n    <p>Bonus-use a free&nbsp;<a target="_blank" href="http://www.costumemanager.com/StudioOwnersandInstructorsGuide"><span style="color: rgb(0, 0, 0); ">CostumeManager.com account</span></a>&nbsp;to assign costumes to your dancers to purchase online or via telephone or order directly from Costume Gallery<span style="color: rgb(255, 0, 0); "><span style="font-family: Verdana, sans-serif; ">&reg;</span></span>. As a special perk for Twinkle Star Dance&trade; subscribers, CostumeManager.com offers the Costume Gallery recital costumes at catalog price!</p>\r\n    </li>\r\n</ul>\r\n<hr />\r\n<h3>&nbsp;Twinkle Babies&trade;&nbsp;2-3</h3>\r\n<ul>\r\n    <li>A Penny A Kiss&nbsp;- Ages 2-3 or 3-4 - Tap Movement&nbsp;</li>\r\n    <li>Baby Bumble Bee&nbsp;- Ages 2-3 - Ballet Movement</li>\r\n    <li>Bunny Rabbit Blues - Ages 2-3 - Ballet Movement</li>\r\n    <li><a href="http://youtu.be/WrfzgDNmPFM" target="_blank">Cuddle Bug Boogi</a><a href="http://youtu.be/WrfzgDNmPFM" target="_blank">e</a>&nbsp;- Ages 2-3 - Tap Movement</li>\r\n    <li>Little Clouds&nbsp;- Ages 2-3 - Ballet Movement&nbsp;</li>\r\n    <li>Little Tap Shoes&nbsp;- Ages 2-3 - Tap Movement&nbsp;</li>\r\n    <li>Me and My Teddy Bear&nbsp;2-3 - Ballet Movement</li>\r\n</ul>\r\n<hr />\r\n<h3>Twinkle Stars&trade; 3-4</h3>\r\n<ul>\r\n    <li>All Shook Up&nbsp;- Ages 3-4 - Tap Movement</li>\r\n    <li>Baby Take a Bow - Ages 3-4 - Tap Movement</li>\r\n    <li>Kimbo Bop&nbsp;- Ages 3-4 - Tap Movement&nbsp;</li>\r\n    <li>Magic Tutu&nbsp;- Ages 3-4 - Ballet Movement&nbsp;</li>\r\n    <li>Mickey Motion&nbsp;- Ages 3-4 - Tap Movement&nbsp;</li>\r\n    <li>Oh You Beautiful Doll&nbsp;- Ages 3-4 - Tap Movement&nbsp;</li>\r\n    <li>Oogie Boogie Woogie&nbsp;- Ages 3-4 - Tap Movement</li>\r\n    <li>Personality - Ages 3-4 - Tap Movement</li>\r\n    <li>Put on a Happy Face&nbsp;- Ages 3-4 - Tap Movement&nbsp;</li>\r\n    <li>Sound of Music&nbsp;- Ages 3-4 - Ballet Movement</li>\r\n    <li>Tiny Tots Ballet - Ages 3-4 - Ballet Movement&nbsp;&nbsp;&nbsp;&nbsp;</li>\r\n</ul>\r\n<hr />\r\n<h3>Twinkle Stars&trade; 3-4 or 4-5</h3>\r\n<ul>\r\n    <li>Dream Ballet&nbsp;- Ages 3-4 or 4-5 - Ballet Movement&nbsp;&nbsp;</li>\r\n    <li>Perfect Princess Tea&nbsp;- Ages 3-4 or 4-5 - Ballet Movement&nbsp;</li>\r\n    <li>Ready for the Show Tonight&nbsp;- Ages 3-4 or 4-5 - Tap Movement&nbsp;</li>\r\n    <li>Swingin on a Star&nbsp;- Ages 3-4 or 4-5 - Tap Movement&nbsp;</li>\r\n    <li>Twinkle Twinkle Little Star&nbsp;- Ages 3-4 or 4-5 - Ballet Movement</li>\r\n</ul>\r\n<hr />\r\n<h3>Twinkle Stars&trade; 4-5 or 5-6</h3>\r\n<ul>\r\n    <li>Blue Suede Shoes&nbsp;- Ages 4-5 or 5-6 - Tap Movement&nbsp;</li>\r\n    <li>Boots are Made for Walkin&nbsp;- Ages 4-5 or 5-6 - Jazz Movement</li>\r\n    <li><a href="http://youtu.be/FXoNH2ybh8Y" target="_blank">Broadway Babies</a>&nbsp; - Ages 4-5 or 5-6 - Tap Movement</li>\r\n    <li>Land of 1000 Dances&nbsp;- Ages 4-5 or 5-6 - Jazz Movement</li>\r\n    <li>Mambo #5&nbsp;- Ages 4-5 or 5-6 - Jazz Movement&nbsp;</li>\r\n    <li>Now We''re Going to Shine&nbsp;- Ages 4-5 - Tap Movement&nbsp;</li>\r\n    <li>Over the Rainbow&nbsp;- Ages 4-5 or 5-6 - Ballet Movement&nbsp;</li>\r\n    <li>Rainbow Connection&nbsp;- Ages 4-5 or 5-6 - Ballet Movement</li>\r\n    <li>Shake Rattle and Roll&nbsp;- Ages 4-5 - Tap Movement</li>\r\n    <li>Supercalifragilistic&nbsp;- Ages 4-5 or 5-6 - Tap Movement</li>\r\n    <li>Sweet Old Fashioned Girl&nbsp;- Ages 4-5 - Tap Movement</li>\r\n    <li>Under the Big Top&nbsp;- Ages 4-5 - Tap Movement&nbsp;</li>\r\n    <li>Wish Upon a Star&nbsp;- Ages 5-6 - Ballet Movement</li>\r\n</ul>\r\n<hr />\r\n<h3>Twinkle Stars&trade; 5-6</h3>\r\n<ul>\r\n    <li>Belle&nbsp;- Ages 5-6 - Ballet Movement&nbsp;</li>\r\n    <li>Boogie Back to Texas&nbsp;- Ages 5-6 - Jazz Movement&nbsp;</li>\r\n    <li><a href="http://youtu.be/U_U5cGUYXU8" target="_blank">Mary Poppins Medley</a>&nbsp;- Ages 5-6 - Ballet Movement&nbsp;&nbsp;</li>\r\n</ul>\r\n<hr />\r\n<p><br />\r\n<strong>Recital Choreography Pricing Options:</strong><br />\r\n<span style="color: rgb(255, 0, 0); ">$549</span>&nbsp;or&nbsp;<span style="color: rgb(255, 0, 0); ">$24.99</span>&nbsp;per month for two years if a Curriculum subscriber.<br />\r\n<br />\r\n<strong>Recital Choreography Add to cart options:</strong><br />\r\nPackage 2 option a) Recital Choreography monthly payment package&nbsp;<span style="color: rgb(255, 0, 0); ">$19.99</span>&nbsp;per month for 24 months<br />\r\nPackage 2 option b) Pay up front package -&nbsp;<span style="color: rgb(255, 0, 0); ">$479</span></p>', 479, 19.99, NULL, 3, 'ca377_20121016152311.jpg', 'Subscription', 6, 0, 1, '2012-10-10 11:56:31', '2012-10-30 12:03:42');
INSERT INTO `package_subscription` VALUES(9, '3 Twinkle Babies/Stars Recital Choreography Videos', '<h3>3 ADDITIONAL RECITAL CHOREOGRAPHY VIDEOS</h3>\r\n<p>Build your repertoire! Select three additional recital choreography videos (streaming*).They''re yours to use for as long as you''re a subscriber. &nbsp;Note: only subscribers to Twinkle Star curriculum may subscribe to this package.<br />\r\n&nbsp;</p>\r\n<hr />\r\n<p><span style="font-family: arial, sans-serif; line-height: 22px; font-size: small; ">Costume Gallery<span style="color: rgb(255, 0, 0); ">&reg;</span>&nbsp;Perfectly Paired Recital Costumes<br />\r\n</span></p>\r\n<ul>\r\n    <li>\r\n    <p>Take the guesswork out of selecting costumes - we''ve partnered with Costume Gallery<span style="color: rgb(255, 0, 0); "><span style="font-family: Verdana, sans-serif; ">&reg;</span></span>&nbsp;&nbsp;to be our official costume supplier. &nbsp;We helped design and select at least one Costume Gallery<span style="color: rgb(255, 0, 0); "><span style="font-family: Verdana, sans-serif; ">&reg;</span></span>&nbsp;costume for each Twinkle Star Dance&trade; recital choreography video.</p>\r\n    </li>\r\n    <li>\r\n    <p>Bonus-use a free&nbsp;<a href="http://www.costumemanager.com/StudioOwnersandInstructorsGuide" target="_blank"><span style="color: rgb(0, 0, 0); ">CostumeManager.com account</span></a>&nbsp;to assign costumes to your dancers to purchase online or via telephone or order directly from Costume Gallery<span style="color: rgb(255, 0, 0); "><span style="font-family: Verdana, sans-serif; ">&reg;</span></span>. As a special perk for Twinkle Star Dance&trade; subscribers, CostumeManager.com offers the Costume Gallery recital costumes at catalog price!</p>\r\n    </li>\r\n</ul>\r\n<hr />\r\n<h3>&nbsp;Twinkle Babies&trade;&nbsp;2-3</h3>\r\n<ul>\r\n    <li>A Penny A Kiss&nbsp;- Ages 2-3 or 3-4 - Tap Movement&nbsp;</li>\r\n    <li>Baby Bumble Bee&nbsp;- Ages 2-3 - Ballet Movement</li>\r\n    <li>Bunny Rabbit Blues - Ages 2-3 - Ballet Movement</li>\r\n    <li><a target="_blank" href="http://youtu.be/WrfzgDNmPFM">Cuddle Bug Boogi</a><a target="_blank" href="http://youtu.be/WrfzgDNmPFM">e</a>&nbsp;- Ages 2-3 - Tap Movement</li>\r\n    <li>Little Clouds&nbsp;- Ages 2-3 - Ballet Movement&nbsp;</li>\r\n    <li>Little Tap Shoes&nbsp;- Ages 2-3 - Tap Movement&nbsp;</li>\r\n    <li>Me and My Teddy Bear&nbsp;2-3 - Ballet Movement</li>\r\n</ul>\r\n<hr />\r\n<h3>Twinkle Stars&trade; 3-4</h3>\r\n<ul>\r\n    <li>All Shook Up&nbsp;- Ages 3-4 - Tap Movement</li>\r\n    <li>Baby Take a Bow - Ages 3-4 - Tap Movement</li>\r\n    <li>Kimbo Bop&nbsp;- Ages 3-4 - Tap Movement&nbsp;</li>\r\n    <li>Magic Tutu&nbsp;- Ages 3-4 - Ballet Movement&nbsp;</li>\r\n    <li>Mickey Motion&nbsp;- Ages 3-4 - Tap Movement&nbsp;</li>\r\n    <li>Oh You Beautiful Doll&nbsp;- Ages 3-4 - Tap Movement&nbsp;</li>\r\n    <li>Oogie Boogie Woogie&nbsp;- Ages 3-4 - Tap Movement</li>\r\n    <li>Personality - Ages 3-4 - Tap Movement</li>\r\n    <li>Put on a Happy Face&nbsp;- Ages 3-4 - Tap Movement&nbsp;</li>\r\n    <li>Sound of Music&nbsp;- Ages 3-4 - Ballet Movement</li>\r\n    <li>Tiny Tots Ballet - Ages 3-4 - Ballet Movement&nbsp;&nbsp;&nbsp;&nbsp;</li>\r\n</ul>\r\n<hr />\r\n<h3>Twinkle Stars&trade; 3-4 or 4-5</h3>\r\n<ul>\r\n    <li>Dream Ballet&nbsp;- Ages 3-4 or 4-5 - Ballet Movement&nbsp;&nbsp;</li>\r\n    <li>Perfect Princess Tea&nbsp;- Ages 3-4 or 4-5 - Ballet Movement&nbsp;</li>\r\n    <li>Ready for the Show Tonight&nbsp;- Ages 3-4 or 4-5 - Tap Movement&nbsp;</li>\r\n    <li>Swingin on a Star&nbsp;- Ages 3-4 or 4-5 - Tap Movement&nbsp;</li>\r\n    <li>Twinkle Twinkle Little Star&nbsp;- Ages 3-4 or 4-5 - Ballet Movement</li>\r\n</ul>\r\n<hr />\r\n<h3>Twinkle Stars&trade; 4-5 or 5-6</h3>\r\n<ul>\r\n    <li>Blue Suede Shoes&nbsp;- Ages 4-5 or 5-6 - Tap Movement&nbsp;</li>\r\n    <li>Boots are Made for Walkin&nbsp;- Ages 4-5 or 5-6 - Jazz Movement</li>\r\n    <li><a target="_blank" href="http://youtu.be/FXoNH2ybh8Y">Broadway Babies</a>&nbsp; - Ages 4-5 or 5-6 - Tap Movement</li>\r\n    <li>Land of 1000 Dances&nbsp;- Ages 4-5 or 5-6 - Jazz Movement</li>\r\n    <li>Mambo #5&nbsp;- Ages 4-5 or 5-6 - Jazz Movement&nbsp;</li>\r\n    <li>Now We''re Going to Shine&nbsp;- Ages 4-5 - Tap Movement&nbsp;</li>\r\n    <li>Over the Rainbow&nbsp;- Ages 4-5 or 5-6 - Ballet Movement&nbsp;</li>\r\n    <li>Rainbow Connection&nbsp;- Ages 4-5 or 5-6 - Ballet Movement</li>\r\n    <li>Shake Rattle and Roll&nbsp;- Ages 4-5 - Tap Movement</li>\r\n    <li>Supercalifragilistic&nbsp;- Ages 4-5 or 5-6 - Tap Movement</li>\r\n    <li>Sweet Old Fashioned Girl&nbsp;- Ages 4-5 - Tap Movement</li>\r\n    <li>Under the Big Top&nbsp;- Ages 4-5 - Tap Movement&nbsp;</li>\r\n    <li>Wish Upon a Star&nbsp;- Ages 5-6 - Ballet Movement</li>\r\n</ul>\r\n<hr />\r\n<h3>Twinkle Stars&trade; 5-6</h3>\r\n<ul>\r\n    <li>Belle&nbsp;- Ages 5-6 - Ballet Movement&nbsp;</li>\r\n    <li>Boogie Back to Texas&nbsp;- Ages 5-6 - Jazz Movement&nbsp;</li>\r\n    <li><a target="_blank" href="http://youtu.be/U_U5cGUYXU8">Mary Poppins Medley</a>&nbsp;- Ages 5-6 - Ballet Movement&nbsp;&nbsp;</li>\r\n</ul>\r\n<hr />\r\n<p><br />\r\n<strong>Recital Choreography Pricing Options:</strong><br />\r\n<span style="color: rgb(255, 0, 0); ">$299</span>&nbsp;or&nbsp;<span style="color: rgb(255, 0, 0); ">$12.99</span>&nbsp;per month for two years if a Curriculum subscriber.<br />\r\n<br />\r\n<strong>Recital Choreography Add to cart options:</strong><br />\r\nPackage 2 option a) Recital Choreography monthly payment package&nbsp;<span style="color: rgb(255, 0, 0); ">$12.99</span>&nbsp;per month for 24 months<br />\r\nPackage 2 option b) Pay up front package -&nbsp;<span style="color: rgb(255, 0, 0); ">$299</span></p>', 299, 12.99, NULL, 3, '0f912_20121016152629.jpg', 'Subscription', 3, 0, 1, '2012-10-16 15:26:29', '2012-10-30 12:03:24');
INSERT INTO `package_subscription` VALUES(10, 'September 2012 Update TSD Twinkle Babies/Stars Choreography', '&lt;h3&gt;SEPTEMBER UPDATE CHOREOGRAPHY VIDEOS&lt;/h3&gt;\r\n&lt;p&gt;Build your repertoire! Select three additional recital choreography videos (streaming*).They''re yours to use for as long as you''re a subscriber. &amp;nbsp;Note: only subscribers to Twinkle Star curriculum may subscribe to this package.&lt;br /&gt;\r\n&amp;nbsp;&lt;/p&gt;\r\n&lt;hr /&gt;\r\n&lt;p&gt;&amp;nbsp;&lt;/p&gt;\r\n&lt;p&gt;&lt;b&gt;FREE TO TSD SUBSCRIBERS&lt;/b&gt;&lt;/p&gt;', 0, 0, NULL, 3, '529be_20121024134008.png', 'Subscription', 1, 0, 2, '2012-10-24 13:40:08', '2012-10-26 08:39:36');
INSERT INTO `package_subscription` VALUES(11, 'Update - October 2012 CURRICULUM - ShowSTARS', '<h1>Just in time for the Holidays! &nbsp;</h1>\r\n<hr />\r\n<p><br />\r\n1. &nbsp;<strong>What Christmas Means to Me</strong> - Holiday Jazz Class/Recital Choreography - Ages 6-9 <br />\r\n2. &nbsp;<strong>Gettin'' in the Mood for Christmas</strong> - Holiday Jazz Class/Recital Choreography - Ages 8-10 <br />\r\n3. &nbsp;<strong>We Wish</strong> You a Merry Christmas/Jingle Bells - Holiday Ballet Class/Recital Choreography - Ages 6-9 <br />\r\n4. &nbsp;<strong>Santa Baby</strong> - Holiday Hip-Hop Class/Recital Choreography - Ages 6 - 10 <br />\r\n5. <strong>&nbsp;Email Santa </strong>- Holiday Tap Class/Recital Choreography - Ages 6-10</p>\r\n<hr />\r\n<p>&nbsp;</p>\r\n<p class="MsoPlainText"><o:p></o:p></p>', 0, 0, NULL, 3, '05df6_20121024135026.jpg', 'Subscription', 0, 0, 0, '2012-10-24 13:49:42', '2012-10-31 12:56:40');
INSERT INTO `package_subscription` VALUES(12, 'Update - November 2012 -CHOREOGRAPHY - Twinkle Babies/Stars', '&amp;nbsp;', 0, 0, NULL, 3, 'b9ed2_20121024135145.jpg', 'Subscription', 0, 0, 0, '2012-10-24 13:51:45', '2012-10-30 09:53:44');
INSERT INTO `package_subscription` VALUES(13, 'Update - October 2012 - Fire it Up!', '<h1>Get ready to fire it up one more time!</h1>\r\n<hr />\r\n<p><br />\r\nDesi Girl - Bollywood</p>\r\n<hr />\r\n<p>&nbsp;</p>', 0, 0, NULL, 3, '356ea_20121024135426.jpg', 'Subscription', 0, 0, 0, '2012-10-24 13:54:26', '2012-10-30 09:53:33');
INSERT INTO `package_subscription` VALUES(14, 'September Update 2012 TSD Twinkle Babies/Stars Curriculum', '&amp;nbsp;', 0, 0, NULL, 3, '', 'Subscription', 0, 0, 2, '2012-10-24 14:41:19', '2012-10-26 08:33:40');
INSERT INTO `package_subscription` VALUES(15, 'Update - October 2012 CHOREOGRAPHY - Twinkle Babies/Stars', '<h1>Get ready for Holiday Magic with this October update!</h1>\r\n<hr />\r\n<p class="MsoPlainText">1. &nbsp;<strong>Jingle Bells </strong>- Holiday Tap Class/Recital Choreography - Ages 2-3 and 3-4 <br />\r\n2. &nbsp;<strong>I''ll Be Your Little Angel </strong>- Holiday Ballet/Jazz Class/Recital Choreography - Ages 3-4 and 4-5 <br />\r\n3. &nbsp;<strong>Boogie Woogie Santa Claus</strong> - Holiday Tap Class/Recital Choreography - Ages 4-5 and 5-6 <br />\r\n4. &nbsp;<strong>Let it Snow</strong> - Holiday Jazz Class/Recital Choreography - Ages 4-5 and 5-6<o:p></o:p></p>', 0, 0, NULL, 3, NULL, 'Subscription', 0, 0, 0, '2012-10-24 14:43:55', '2012-10-30 09:53:21');
INSERT INTO `package_subscription` VALUES(16, 'Update - November 2012 -CURRICULUM - Twinkle Babies/Stars', '&amp;nbsp;', 0, 0, NULL, 3, '', 'Subscription', 0, 0, 0, '2012-10-24 14:44:30', '2012-10-30 09:52:58');
INSERT INTO `package_subscription` VALUES(17, 'Update - September 2012 CURRICULUM -Twinkle Babies/Stars', '<h1><span style="font-size: 17px; "><span style="font-family: Arial; ">Build Your Repertoire by adding these updates to your subscription list!</span></span></h1>\r\n<hr />\r\n<p><span style="font-size: 12px; "><span style="font-family: Arial; ">Monster Mash -&nbsp;Twinkle Stars Class Combination for ages 2-3, 3-4, 4-5, 5-6<br />\r\nPlie and Releve -&nbsp;Twinkle Stars Twinkle Bear Center Movement for ages 2-3 &amp; 3-4<br />\r\nBallin'' the Jack -&nbsp;Twinkle Stars Tap Center for ages 3-4, 4-5, 5-6&nbsp;<br />\r\nLet''s Boogie, Let''s Hop, Let''s Dance -&nbsp;Twinkle Stars Jazz Center Movement for ages 3-4 &amp; 4-5<br />\r\n</span></span></p>\r\n<hr />', 0, 0, NULL, 3, NULL, 'Subscription', 0, 0, 0, '2012-10-26 08:42:59', '2012-10-30 09:52:35');
INSERT INTO `package_subscription` VALUES(18, 'Update - September 2012 CURRICULUM -ShowSTARS', '<h1><span style="font-size: 17px; "><span style="font-family: Arial; ">Build your repertoire by adding these videos to your subscription!</span></span></h1>\r\n<hr />\r\n<p><span style="font-size: 14px; "><span style="font-family: Arial; ">1. &nbsp;Show Stars Jazz Class Combination - Ghostbusters <br />\r\n2. &nbsp;Show Stars Ballet Center Exercise - Sautes with Fixed Points <br />\r\n3. &nbsp;Show Stars Barre Exercise - Fondu at Barre <br />\r\n4. &nbsp;Show Stars Jazz Warm-Up - Party Rock Anthem <br />\r\n5. &nbsp;Show Stars Jazz Across the Floor - It''s About That Walk <br />\r\n6. &nbsp;Show Stars Jazz Center Technique and Stretch - Total Love <br />\r\n7. &nbsp;Show Stars Jazz Class Combination - Ghostbusters <br />\r\n8. &nbsp;Show Stars Hip-Hip - Lose My Breath <br />\r\n9. &nbsp;Show Stars Hip-Hip Across the Floor - Energy Drink <br />\r\n10. &nbsp;Show Stars Hip-Hop Class Combination - Thriller <br />\r\n11. &nbsp;Show Stars Tap Warm-up - Side by Side <br />\r\n12. &nbsp;Show Stars Tap - Standard Ankle Warm-Up</span></span></p>\r\n<hr />\r\n<p>&nbsp;</p>\r\n<p class="MsoPlainText"><o:p></o:p></p>', 0, 0, NULL, 3, NULL, 'Subscription', 0, 0, 0, '2012-10-26 09:03:11', '2012-10-31 13:17:40');
INSERT INTO `package_subscription` VALUES(19, 'Update - September 2012 - Fire it Up!', '<h1>Add TWO more Fire it Up videos to your collection!</h1>\r\n<hr />\r\n<p><br />\r\nCountry Girl<br />\r\nCalabria</p>\r\n<hr />\r\n<p>&nbsp;</p>', 0, 0, NULL, 3, NULL, 'Subscription', 0, 0, 0, '2012-10-26 09:08:20', '2012-10-30 09:52:00');

-- --------------------------------------------------------

--
-- Table structure for table `package_subscription_documents`
--

CREATE TABLE `package_subscription_documents` (
  `id` int(11) NOT NULL auto_increment,
  `package_sub_id` int(11) default NULL,
  `document_title` varchar(255) default NULL,
  `document_name` varchar(255) default NULL,
  PRIMARY KEY  (`id`),
  KEY `package_sub_id` (`package_sub_id`)
) ENGINE=InnoDB DEFAULT CHARSET=utf8 AUTO_INCREMENT=1 ;

--
-- Dumping data for table `package_subscription_documents`
--


-- --------------------------------------------------------

--
-- Table structure for table `package_subscription_transaction`
--

CREATE TABLE `package_subscription_transaction` (
  `package_id` int(11) default NULL,
  `subscription_id` int(11) default NULL,
  `additional_status` tinyint(1) NOT NULL default '0' COMMENT '0-Base, 1-Additional',
  KEY `subscription_id` (`subscription_id`),
  KEY `package_id` (`package_id`)
) ENGINE=InnoDB DEFAULT CHARSET=utf8;

--
-- Dumping data for table `package_subscription_transaction`
--


-- --------------------------------------------------------

--
-- Table structure for table `state_master`
--

CREATE TABLE `state_master` (
  `id` int(11) NOT NULL auto_increment,
  `country_id` int(11) default NULL,
  `state_name` varchar(255) default NULL,
  `state_abbv` varchar(255) default NULL,
  `status` tinyint(1) NOT NULL default '1',
  PRIMARY KEY  (`id`),
  KEY `country_id` (`country_id`)
) ENGINE=InnoDB  DEFAULT CHARSET=utf8 AUTO_INCREMENT=60 ;

--
-- Dumping data for table `state_master`
--

INSERT INTO `state_master` VALUES(1, 1, 'Alaska', 'AK', 1);
INSERT INTO `state_master` VALUES(2, 1, 'Alabama', 'AL', 1);
INSERT INTO `state_master` VALUES(3, 1, 'Arkansas', 'AR', 1);
INSERT INTO `state_master` VALUES(4, 1, 'Arizona', 'AZ', 1);
INSERT INTO `state_master` VALUES(5, 1, 'California', 'CA', 1);
INSERT INTO `state_master` VALUES(6, 1, 'Colorado', 'CO', 1);
INSERT INTO `state_master` VALUES(7, 1, 'Connecticut', 'CT', 1);
INSERT INTO `state_master` VALUES(8, 1, 'Dist Of Col', 'DC', 1);
INSERT INTO `state_master` VALUES(9, 1, 'Delaware', 'DE', 1);
INSERT INTO `state_master` VALUES(10, 1, 'Florida', 'FL', 1);
INSERT INTO `state_master` VALUES(11, 1, 'Georgia', 'GA', 1);
INSERT INTO `state_master` VALUES(12, 1, 'Hawaii', 'HI', 1);
INSERT INTO `state_master` VALUES(13, 1, 'Iowa', 'IA', 1);
INSERT INTO `state_master` VALUES(14, 1, 'Idaho', 'ID', 1);
INSERT INTO `state_master` VALUES(15, 1, 'lllinois', 'IL', 1);
INSERT INTO `state_master` VALUES(16, 1, 'Indiana', 'IN', 1);
INSERT INTO `state_master` VALUES(17, 1, 'Kansas', 'KS', 1);
INSERT INTO `state_master` VALUES(18, 1, 'Kentucky', 'KY', 1);
INSERT INTO `state_master` VALUES(19, 1, 'Louisiana', 'LA', 1);
INSERT INTO `state_master` VALUES(20, 1, 'Massachusetts', 'MA', 1);
INSERT INTO `state_master` VALUES(21, 1, 'Maryland', 'MD', 1);
INSERT INTO `state_master` VALUES(22, 1, 'Maine', 'ME', 1);
INSERT INTO `state_master` VALUES(23, 1, 'Michigan', 'MI', 1);
INSERT INTO `state_master` VALUES(24, 1, 'Minnesota', 'MN', 1);
INSERT INTO `state_master` VALUES(25, 1, 'Missouri', 'MO', 1);
INSERT INTO `state_master` VALUES(26, 1, 'Mississippi', 'MS', 1);
INSERT INTO `state_master` VALUES(27, 1, 'Montana', 'MT', 1);
INSERT INTO `state_master` VALUES(28, 1, 'North Carolina', 'NC', 1);
INSERT INTO `state_master` VALUES(29, 1, 'North Dakota', 'ND', 1);
INSERT INTO `state_master` VALUES(30, 1, 'Nebraska', 'NE', 1);
INSERT INTO `state_master` VALUES(31, 1, 'New Hampshire', 'NH', 1);
INSERT INTO `state_master` VALUES(32, 1, 'New Jersey', 'NJ', 1);
INSERT INTO `state_master` VALUES(33, 1, 'New Mexico', 'NM', 1);
INSERT INTO `state_master` VALUES(34, 1, 'Nevada', 'NV', 1);
INSERT INTO `state_master` VALUES(35, 1, 'New York', 'NY', 1);
INSERT INTO `state_master` VALUES(36, 1, 'Ohio', 'OH', 1);
INSERT INTO `state_master` VALUES(37, 1, 'Oklahoma', 'OK', 1);
INSERT INTO `state_master` VALUES(38, 1, 'Oregon', 'OR', 1);
INSERT INTO `state_master` VALUES(39, 1, 'Pennsylvania', 'PA', 1);
INSERT INTO `state_master` VALUES(40, 1, 'Rhode Island', 'RI', 1);
INSERT INTO `state_master` VALUES(41, 1, 'South Carolina', 'SC', 1);
INSERT INTO `state_master` VALUES(42, 1, 'South Dakota', 'SD', 1);
INSERT INTO `state_master` VALUES(43, 1, 'Tennessee', 'TN', 1);
INSERT INTO `state_master` VALUES(44, 1, 'Texas', 'TX', 1);
INSERT INTO `state_master` VALUES(45, 1, 'Utah', 'UT', 1);
INSERT INTO `state_master` VALUES(46, 1, 'Virginia', 'VA', 1);
INSERT INTO `state_master` VALUES(47, 1, 'Vermont', 'VT', 1);
INSERT INTO `state_master` VALUES(48, 1, 'Washington', 'WA', 1);
INSERT INTO `state_master` VALUES(49, 1, 'Wisconsin', 'WI', 1);
INSERT INTO `state_master` VALUES(50, 1, 'West Virginia', 'WV', 1);
INSERT INTO `state_master` VALUES(51, 1, 'Wyoming', 'WY', 1);
INSERT INTO `state_master` VALUES(52, 16, 'NSW', '1', 1);
INSERT INTO `state_master` VALUES(53, 16, 'QLD', '1', 1);
INSERT INTO `state_master` VALUES(54, 16, 'VIC', '1', 1);
INSERT INTO `state_master` VALUES(55, 16, 'SA', '1', 1);
INSERT INTO `state_master` VALUES(56, 16, 'WA', '1', 1);
INSERT INTO `state_master` VALUES(57, 16, 'ACT', '1', 1);
INSERT INTO `state_master` VALUES(58, 16, 'TAS', '1', 1);
INSERT INTO `state_master` VALUES(59, 16, 'NT', '1', 1);

-- --------------------------------------------------------

--
-- Table structure for table `subscription_video_transaction`
--

CREATE TABLE `subscription_video_transaction` (
  `subscription_id` int(11) default NULL,
  `video_id` int(11) default NULL,
  `additional_status` tinyint(1) NOT NULL default '0' COMMENT '0-Base, 1-Additional',
  KEY `video_id` (`video_id`),
  KEY `subscription_id` (`subscription_id`)
) ENGINE=InnoDB DEFAULT CHARSET=utf8;

--
-- Dumping data for table `subscription_video_transaction`
--

INSERT INTO `subscription_video_transaction` VALUES(2, 7, 0);
INSERT INTO `subscription_video_transaction` VALUES(2, 8, 0);
INSERT INTO `subscription_video_transaction` VALUES(2, 9, 0);
INSERT INTO `subscription_video_transaction` VALUES(2, 93, 0);
INSERT INTO `subscription_video_transaction` VALUES(2, 94, 0);
INSERT INTO `subscription_video_transaction` VALUES(2, 95, 0);
INSERT INTO `subscription_video_transaction` VALUES(2, 96, 0);
INSERT INTO `subscription_video_transaction` VALUES(2, 97, 0);
INSERT INTO `subscription_video_transaction` VALUES(2, 98, 0);
INSERT INTO `subscription_video_transaction` VALUES(2, 99, 0);
INSERT INTO `subscription_video_transaction` VALUES(2, 100, 0);
INSERT INTO `subscription_video_transaction` VALUES(2, 101, 0);
INSERT INTO `subscription_video_transaction` VALUES(2, 102, 0);
INSERT INTO `subscription_video_transaction` VALUES(2, 103, 0);
INSERT INTO `subscription_video_transaction` VALUES(2, 104, 0);
INSERT INTO `subscription_video_transaction` VALUES(2, 105, 0);
INSERT INTO `subscription_video_transaction` VALUES(2, 106, 0);
INSERT INTO `subscription_video_transaction` VALUES(2, 107, 0);
INSERT INTO `subscription_video_transaction` VALUES(2, 108, 0);
INSERT INTO `subscription_video_transaction` VALUES(2, 109, 0);
INSERT INTO `subscription_video_transaction` VALUES(2, 110, 0);
INSERT INTO `subscription_video_transaction` VALUES(2, 112, 0);
INSERT INTO `subscription_video_transaction` VALUES(2, 113, 0);
INSERT INTO `subscription_video_transaction` VALUES(2, 114, 0);
INSERT INTO `subscription_video_transaction` VALUES(2, 115, 0);
INSERT INTO `subscription_video_transaction` VALUES(2, 116, 0);
INSERT INTO `subscription_video_transaction` VALUES(2, 117, 0);
INSERT INTO `subscription_video_transaction` VALUES(2, 118, 0);
INSERT INTO `subscription_video_transaction` VALUES(2, 119, 0);
INSERT INTO `subscription_video_transaction` VALUES(2, 120, 0);
INSERT INTO `subscription_video_transaction` VALUES(2, 121, 0);
INSERT INTO `subscription_video_transaction` VALUES(2, 122, 0);
INSERT INTO `subscription_video_transaction` VALUES(2, 123, 0);
INSERT INTO `subscription_video_transaction` VALUES(2, 124, 0);
INSERT INTO `subscription_video_transaction` VALUES(2, 125, 0);
INSERT INTO `subscription_video_transaction` VALUES(2, 126, 0);
INSERT INTO `subscription_video_transaction` VALUES(2, 127, 0);
INSERT INTO `subscription_video_transaction` VALUES(2, 128, 0);
INSERT INTO `subscription_video_transaction` VALUES(2, 129, 0);
INSERT INTO `subscription_video_transaction` VALUES(2, 130, 0);
INSERT INTO `subscription_video_transaction` VALUES(2, 131, 0);
INSERT INTO `subscription_video_transaction` VALUES(2, 132, 0);
INSERT INTO `subscription_video_transaction` VALUES(2, 133, 0);
INSERT INTO `subscription_video_transaction` VALUES(2, 134, 0);
INSERT INTO `subscription_video_transaction` VALUES(2, 135, 0);
INSERT INTO `subscription_video_transaction` VALUES(2, 136, 0);
INSERT INTO `subscription_video_transaction` VALUES(2, 137, 0);
INSERT INTO `subscription_video_transaction` VALUES(2, 138, 0);
INSERT INTO `subscription_video_transaction` VALUES(2, 139, 0);
INSERT INTO `subscription_video_transaction` VALUES(2, 140, 0);
INSERT INTO `subscription_video_transaction` VALUES(2, 141, 0);
INSERT INTO `subscription_video_transaction` VALUES(2, 142, 0);
INSERT INTO `subscription_video_transaction` VALUES(2, 143, 0);
INSERT INTO `subscription_video_transaction` VALUES(2, 144, 0);
INSERT INTO `subscription_video_transaction` VALUES(2, 145, 0);
INSERT INTO `subscription_video_transaction` VALUES(2, 146, 0);
INSERT INTO `subscription_video_transaction` VALUES(2, 147, 0);
INSERT INTO `subscription_video_transaction` VALUES(2, 148, 0);
INSERT INTO `subscription_video_transaction` VALUES(2, 149, 0);
INSERT INTO `subscription_video_transaction` VALUES(2, 150, 0);
INSERT INTO `subscription_video_transaction` VALUES(2, 151, 0);
INSERT INTO `subscription_video_transaction` VALUES(2, 152, 0);
INSERT INTO `subscription_video_transaction` VALUES(2, 153, 0);
INSERT INTO `subscription_video_transaction` VALUES(2, 154, 0);
INSERT INTO `subscription_video_transaction` VALUES(2, 155, 0);
INSERT INTO `subscription_video_transaction` VALUES(2, 156, 0);
INSERT INTO `subscription_video_transaction` VALUES(2, 158, 0);
INSERT INTO `subscription_video_transaction` VALUES(2, 159, 0);
INSERT INTO `subscription_video_transaction` VALUES(2, 160, 0);
INSERT INTO `subscription_video_transaction` VALUES(2, 161, 0);
INSERT INTO `subscription_video_transaction` VALUES(2, 162, 0);
INSERT INTO `subscription_video_transaction` VALUES(2, 163, 0);
INSERT INTO `subscription_video_transaction` VALUES(2, 191, 0);
INSERT INTO `subscription_video_transaction` VALUES(2, 193, 0);
INSERT INTO `subscription_video_transaction` VALUES(2, 194, 0);
INSERT INTO `subscription_video_transaction` VALUES(2, 196, 0);
INSERT INTO `subscription_video_transaction` VALUES(2, 197, 0);
INSERT INTO `subscription_video_transaction` VALUES(2, 198, 0);
INSERT INTO `subscription_video_transaction` VALUES(2, 199, 0);
INSERT INTO `subscription_video_transaction` VALUES(2, 200, 0);
INSERT INTO `subscription_video_transaction` VALUES(2, 201, 0);
INSERT INTO `subscription_video_transaction` VALUES(2, 202, 0);
INSERT INTO `subscription_video_transaction` VALUES(2, 203, 0);
INSERT INTO `subscription_video_transaction` VALUES(2, 204, 0);
INSERT INTO `subscription_video_transaction` VALUES(2, 205, 0);
INSERT INTO `subscription_video_transaction` VALUES(2, 206, 0);
INSERT INTO `subscription_video_transaction` VALUES(2, 207, 0);
INSERT INTO `subscription_video_transaction` VALUES(2, 208, 0);
INSERT INTO `subscription_video_transaction` VALUES(2, 209, 0);
INSERT INTO `subscription_video_transaction` VALUES(2, 210, 0);
INSERT INTO `subscription_video_transaction` VALUES(2, 211, 0);
INSERT INTO `subscription_video_transaction` VALUES(2, 212, 0);
INSERT INTO `subscription_video_transaction` VALUES(2, 213, 0);
INSERT INTO `subscription_video_transaction` VALUES(2, 214, 0);
INSERT INTO `subscription_video_transaction` VALUES(2, 215, 0);
INSERT INTO `subscription_video_transaction` VALUES(2, 216, 0);
INSERT INTO `subscription_video_transaction` VALUES(2, 217, 0);
INSERT INTO `subscription_video_transaction` VALUES(2, 229, 0);
INSERT INTO `subscription_video_transaction` VALUES(2, 231, 0);
INSERT INTO `subscription_video_transaction` VALUES(2, 233, 0);
INSERT INTO `subscription_video_transaction` VALUES(2, 234, 0);
INSERT INTO `subscription_video_transaction` VALUES(2, 236, 0);
INSERT INTO `subscription_video_transaction` VALUES(2, 262, 0);
INSERT INTO `subscription_video_transaction` VALUES(8, 7, 0);
INSERT INTO `subscription_video_transaction` VALUES(8, 8, 0);
INSERT INTO `subscription_video_transaction` VALUES(8, 9, 0);
INSERT INTO `subscription_video_transaction` VALUES(8, 93, 0);
INSERT INTO `subscription_video_transaction` VALUES(8, 94, 0);
INSERT INTO `subscription_video_transaction` VALUES(8, 95, 0);
INSERT INTO `subscription_video_transaction` VALUES(8, 96, 0);
INSERT INTO `subscription_video_transaction` VALUES(8, 97, 0);
INSERT INTO `subscription_video_transaction` VALUES(8, 98, 0);
INSERT INTO `subscription_video_transaction` VALUES(8, 99, 0);
INSERT INTO `subscription_video_transaction` VALUES(8, 100, 0);
INSERT INTO `subscription_video_transaction` VALUES(8, 101, 0);
INSERT INTO `subscription_video_transaction` VALUES(8, 102, 0);
INSERT INTO `subscription_video_transaction` VALUES(8, 103, 0);
INSERT INTO `subscription_video_transaction` VALUES(8, 104, 0);
INSERT INTO `subscription_video_transaction` VALUES(8, 105, 0);
INSERT INTO `subscription_video_transaction` VALUES(8, 106, 0);
INSERT INTO `subscription_video_transaction` VALUES(8, 107, 0);
INSERT INTO `subscription_video_transaction` VALUES(8, 108, 0);
INSERT INTO `subscription_video_transaction` VALUES(8, 109, 0);
INSERT INTO `subscription_video_transaction` VALUES(8, 110, 0);
INSERT INTO `subscription_video_transaction` VALUES(8, 112, 0);
INSERT INTO `subscription_video_transaction` VALUES(8, 113, 0);
INSERT INTO `subscription_video_transaction` VALUES(8, 114, 0);
INSERT INTO `subscription_video_transaction` VALUES(8, 115, 0);
INSERT INTO `subscription_video_transaction` VALUES(8, 116, 0);
INSERT INTO `subscription_video_transaction` VALUES(8, 117, 0);
INSERT INTO `subscription_video_transaction` VALUES(8, 118, 0);
INSERT INTO `subscription_video_transaction` VALUES(8, 119, 0);
INSERT INTO `subscription_video_transaction` VALUES(8, 120, 0);
INSERT INTO `subscription_video_transaction` VALUES(8, 121, 0);
INSERT INTO `subscription_video_transaction` VALUES(8, 122, 0);
INSERT INTO `subscription_video_transaction` VALUES(8, 123, 0);
INSERT INTO `subscription_video_transaction` VALUES(8, 124, 0);
INSERT INTO `subscription_video_transaction` VALUES(8, 125, 0);
INSERT INTO `subscription_video_transaction` VALUES(8, 126, 0);
INSERT INTO `subscription_video_transaction` VALUES(8, 127, 0);
INSERT INTO `subscription_video_transaction` VALUES(8, 128, 0);
INSERT INTO `subscription_video_transaction` VALUES(8, 129, 0);
INSERT INTO `subscription_video_transaction` VALUES(8, 130, 0);
INSERT INTO `subscription_video_transaction` VALUES(8, 131, 0);
INSERT INTO `subscription_video_transaction` VALUES(8, 132, 0);
INSERT INTO `subscription_video_transaction` VALUES(8, 133, 0);
INSERT INTO `subscription_video_transaction` VALUES(8, 134, 0);
INSERT INTO `subscription_video_transaction` VALUES(8, 135, 0);
INSERT INTO `subscription_video_transaction` VALUES(8, 136, 0);
INSERT INTO `subscription_video_transaction` VALUES(8, 137, 0);
INSERT INTO `subscription_video_transaction` VALUES(8, 138, 0);
INSERT INTO `subscription_video_transaction` VALUES(8, 139, 0);
INSERT INTO `subscription_video_transaction` VALUES(8, 140, 0);
INSERT INTO `subscription_video_transaction` VALUES(8, 141, 0);
INSERT INTO `subscription_video_transaction` VALUES(8, 142, 0);
INSERT INTO `subscription_video_transaction` VALUES(8, 143, 0);
INSERT INTO `subscription_video_transaction` VALUES(8, 144, 0);
INSERT INTO `subscription_video_transaction` VALUES(8, 145, 0);
INSERT INTO `subscription_video_transaction` VALUES(8, 146, 0);
INSERT INTO `subscription_video_transaction` VALUES(8, 147, 0);
INSERT INTO `subscription_video_transaction` VALUES(8, 148, 0);
INSERT INTO `subscription_video_transaction` VALUES(8, 149, 0);
INSERT INTO `subscription_video_transaction` VALUES(8, 150, 0);
INSERT INTO `subscription_video_transaction` VALUES(8, 151, 0);
INSERT INTO `subscription_video_transaction` VALUES(8, 152, 0);
INSERT INTO `subscription_video_transaction` VALUES(8, 153, 0);
INSERT INTO `subscription_video_transaction` VALUES(8, 154, 0);
INSERT INTO `subscription_video_transaction` VALUES(8, 155, 0);
INSERT INTO `subscription_video_transaction` VALUES(8, 156, 0);
INSERT INTO `subscription_video_transaction` VALUES(8, 158, 0);
INSERT INTO `subscription_video_transaction` VALUES(8, 159, 0);
INSERT INTO `subscription_video_transaction` VALUES(8, 160, 0);
INSERT INTO `subscription_video_transaction` VALUES(8, 161, 0);
INSERT INTO `subscription_video_transaction` VALUES(8, 162, 0);
INSERT INTO `subscription_video_transaction` VALUES(8, 163, 0);
INSERT INTO `subscription_video_transaction` VALUES(8, 191, 0);
INSERT INTO `subscription_video_transaction` VALUES(8, 193, 0);
INSERT INTO `subscription_video_transaction` VALUES(8, 194, 0);
INSERT INTO `subscription_video_transaction` VALUES(8, 196, 0);
INSERT INTO `subscription_video_transaction` VALUES(8, 197, 0);
INSERT INTO `subscription_video_transaction` VALUES(8, 198, 0);
INSERT INTO `subscription_video_transaction` VALUES(8, 199, 0);
INSERT INTO `subscription_video_transaction` VALUES(8, 200, 0);
INSERT INTO `subscription_video_transaction` VALUES(8, 201, 0);
INSERT INTO `subscription_video_transaction` VALUES(8, 202, 0);
INSERT INTO `subscription_video_transaction` VALUES(8, 203, 0);
INSERT INTO `subscription_video_transaction` VALUES(8, 204, 0);
INSERT INTO `subscription_video_transaction` VALUES(8, 205, 0);
INSERT INTO `subscription_video_transaction` VALUES(8, 206, 0);
INSERT INTO `subscription_video_transaction` VALUES(8, 207, 0);
INSERT INTO `subscription_video_transaction` VALUES(8, 208, 0);
INSERT INTO `subscription_video_transaction` VALUES(8, 209, 0);
INSERT INTO `subscription_video_transaction` VALUES(8, 210, 0);
INSERT INTO `subscription_video_transaction` VALUES(8, 211, 0);
INSERT INTO `subscription_video_transaction` VALUES(8, 212, 0);
INSERT INTO `subscription_video_transaction` VALUES(8, 213, 0);
INSERT INTO `subscription_video_transaction` VALUES(8, 214, 0);
INSERT INTO `subscription_video_transaction` VALUES(8, 215, 0);
INSERT INTO `subscription_video_transaction` VALUES(8, 216, 0);
INSERT INTO `subscription_video_transaction` VALUES(8, 217, 0);
INSERT INTO `subscription_video_transaction` VALUES(8, 229, 0);
INSERT INTO `subscription_video_transaction` VALUES(8, 231, 0);
INSERT INTO `subscription_video_transaction` VALUES(8, 233, 0);
INSERT INTO `subscription_video_transaction` VALUES(8, 234, 0);
INSERT INTO `subscription_video_transaction` VALUES(8, 236, 0);
INSERT INTO `subscription_video_transaction` VALUES(8, 262, 0);
INSERT INTO `subscription_video_transaction` VALUES(9, 7, 0);
INSERT INTO `subscription_video_transaction` VALUES(9, 8, 0);
INSERT INTO `subscription_video_transaction` VALUES(9, 9, 0);
INSERT INTO `subscription_video_transaction` VALUES(9, 93, 0);
INSERT INTO `subscription_video_transaction` VALUES(9, 94, 0);
INSERT INTO `subscription_video_transaction` VALUES(9, 95, 0);
INSERT INTO `subscription_video_transaction` VALUES(9, 96, 0);
INSERT INTO `subscription_video_transaction` VALUES(9, 97, 0);
INSERT INTO `subscription_video_transaction` VALUES(9, 98, 0);
INSERT INTO `subscription_video_transaction` VALUES(9, 99, 0);
INSERT INTO `subscription_video_transaction` VALUES(9, 100, 0);
INSERT INTO `subscription_video_transaction` VALUES(9, 101, 0);
INSERT INTO `subscription_video_transaction` VALUES(9, 102, 0);
INSERT INTO `subscription_video_transaction` VALUES(9, 103, 0);
INSERT INTO `subscription_video_transaction` VALUES(9, 104, 0);
INSERT INTO `subscription_video_transaction` VALUES(9, 105, 0);
INSERT INTO `subscription_video_transaction` VALUES(9, 106, 0);
INSERT INTO `subscription_video_transaction` VALUES(9, 107, 0);
INSERT INTO `subscription_video_transaction` VALUES(9, 108, 0);
INSERT INTO `subscription_video_transaction` VALUES(9, 109, 0);
INSERT INTO `subscription_video_transaction` VALUES(9, 110, 0);
INSERT INTO `subscription_video_transaction` VALUES(9, 112, 0);
INSERT INTO `subscription_video_transaction` VALUES(9, 113, 0);
INSERT INTO `subscription_video_transaction` VALUES(9, 114, 0);
INSERT INTO `subscription_video_transaction` VALUES(9, 115, 0);
INSERT INTO `subscription_video_transaction` VALUES(9, 116, 0);
INSERT INTO `subscription_video_transaction` VALUES(9, 117, 0);
INSERT INTO `subscription_video_transaction` VALUES(9, 118, 0);
INSERT INTO `subscription_video_transaction` VALUES(9, 119, 0);
INSERT INTO `subscription_video_transaction` VALUES(9, 120, 0);
INSERT INTO `subscription_video_transaction` VALUES(9, 121, 0);
INSERT INTO `subscription_video_transaction` VALUES(9, 122, 0);
INSERT INTO `subscription_video_transaction` VALUES(9, 123, 0);
INSERT INTO `subscription_video_transaction` VALUES(9, 124, 0);
INSERT INTO `subscription_video_transaction` VALUES(9, 125, 0);
INSERT INTO `subscription_video_transaction` VALUES(9, 126, 0);
INSERT INTO `subscription_video_transaction` VALUES(9, 127, 0);
INSERT INTO `subscription_video_transaction` VALUES(9, 128, 0);
INSERT INTO `subscription_video_transaction` VALUES(9, 129, 0);
INSERT INTO `subscription_video_transaction` VALUES(9, 130, 0);
INSERT INTO `subscription_video_transaction` VALUES(9, 131, 0);
INSERT INTO `subscription_video_transaction` VALUES(9, 132, 0);
INSERT INTO `subscription_video_transaction` VALUES(9, 133, 0);
INSERT INTO `subscription_video_transaction` VALUES(9, 134, 0);
INSERT INTO `subscription_video_transaction` VALUES(9, 135, 0);
INSERT INTO `subscription_video_transaction` VALUES(9, 136, 0);
INSERT INTO `subscription_video_transaction` VALUES(9, 137, 0);
INSERT INTO `subscription_video_transaction` VALUES(9, 138, 0);
INSERT INTO `subscription_video_transaction` VALUES(9, 139, 0);
INSERT INTO `subscription_video_transaction` VALUES(9, 140, 0);
INSERT INTO `subscription_video_transaction` VALUES(9, 141, 0);
INSERT INTO `subscription_video_transaction` VALUES(9, 142, 0);
INSERT INTO `subscription_video_transaction` VALUES(9, 143, 0);
INSERT INTO `subscription_video_transaction` VALUES(9, 144, 0);
INSERT INTO `subscription_video_transaction` VALUES(9, 145, 0);
INSERT INTO `subscription_video_transaction` VALUES(9, 146, 0);
INSERT INTO `subscription_video_transaction` VALUES(9, 147, 0);
INSERT INTO `subscription_video_transaction` VALUES(9, 148, 0);
INSERT INTO `subscription_video_transaction` VALUES(9, 149, 0);
INSERT INTO `subscription_video_transaction` VALUES(9, 150, 0);
INSERT INTO `subscription_video_transaction` VALUES(9, 151, 0);
INSERT INTO `subscription_video_transaction` VALUES(9, 152, 0);
INSERT INTO `subscription_video_transaction` VALUES(9, 153, 0);
INSERT INTO `subscription_video_transaction` VALUES(9, 154, 0);
INSERT INTO `subscription_video_transaction` VALUES(9, 155, 0);
INSERT INTO `subscription_video_transaction` VALUES(9, 156, 0);
INSERT INTO `subscription_video_transaction` VALUES(9, 158, 0);
INSERT INTO `subscription_video_transaction` VALUES(9, 159, 0);
INSERT INTO `subscription_video_transaction` VALUES(9, 160, 0);
INSERT INTO `subscription_video_transaction` VALUES(9, 161, 0);
INSERT INTO `subscription_video_transaction` VALUES(9, 162, 0);
INSERT INTO `subscription_video_transaction` VALUES(9, 163, 0);
INSERT INTO `subscription_video_transaction` VALUES(9, 191, 0);
INSERT INTO `subscription_video_transaction` VALUES(9, 193, 0);
INSERT INTO `subscription_video_transaction` VALUES(9, 194, 0);
INSERT INTO `subscription_video_transaction` VALUES(9, 196, 0);
INSERT INTO `subscription_video_transaction` VALUES(9, 197, 0);
INSERT INTO `subscription_video_transaction` VALUES(9, 198, 0);
INSERT INTO `subscription_video_transaction` VALUES(9, 199, 0);
INSERT INTO `subscription_video_transaction` VALUES(9, 200, 0);
INSERT INTO `subscription_video_transaction` VALUES(9, 201, 0);
INSERT INTO `subscription_video_transaction` VALUES(9, 202, 0);
INSERT INTO `subscription_video_transaction` VALUES(9, 203, 0);
INSERT INTO `subscription_video_transaction` VALUES(9, 204, 0);
INSERT INTO `subscription_video_transaction` VALUES(9, 205, 0);
INSERT INTO `subscription_video_transaction` VALUES(9, 206, 0);
INSERT INTO `subscription_video_transaction` VALUES(9, 207, 0);
INSERT INTO `subscription_video_transaction` VALUES(9, 208, 0);
INSERT INTO `subscription_video_transaction` VALUES(9, 209, 0);
INSERT INTO `subscription_video_transaction` VALUES(9, 210, 0);
INSERT INTO `subscription_video_transaction` VALUES(9, 211, 0);
INSERT INTO `subscription_video_transaction` VALUES(9, 212, 0);
INSERT INTO `subscription_video_transaction` VALUES(9, 213, 0);
INSERT INTO `subscription_video_transaction` VALUES(9, 214, 0);
INSERT INTO `subscription_video_transaction` VALUES(9, 215, 0);
INSERT INTO `subscription_video_transaction` VALUES(9, 216, 0);
INSERT INTO `subscription_video_transaction` VALUES(9, 217, 0);
INSERT INTO `subscription_video_transaction` VALUES(9, 229, 0);
INSERT INTO `subscription_video_transaction` VALUES(9, 231, 0);
INSERT INTO `subscription_video_transaction` VALUES(9, 233, 0);
INSERT INTO `subscription_video_transaction` VALUES(9, 234, 0);
INSERT INTO `subscription_video_transaction` VALUES(9, 236, 0);
INSERT INTO `subscription_video_transaction` VALUES(9, 262, 0);
INSERT INTO `subscription_video_transaction` VALUES(4, 7, 0);
INSERT INTO `subscription_video_transaction` VALUES(4, 8, 0);
INSERT INTO `subscription_video_transaction` VALUES(4, 9, 0);
INSERT INTO `subscription_video_transaction` VALUES(4, 93, 0);
INSERT INTO `subscription_video_transaction` VALUES(4, 94, 0);
INSERT INTO `subscription_video_transaction` VALUES(4, 95, 0);
INSERT INTO `subscription_video_transaction` VALUES(4, 96, 0);
INSERT INTO `subscription_video_transaction` VALUES(4, 97, 0);
INSERT INTO `subscription_video_transaction` VALUES(4, 98, 0);
INSERT INTO `subscription_video_transaction` VALUES(4, 99, 0);
INSERT INTO `subscription_video_transaction` VALUES(4, 100, 0);
INSERT INTO `subscription_video_transaction` VALUES(4, 101, 0);
INSERT INTO `subscription_video_transaction` VALUES(4, 102, 0);
INSERT INTO `subscription_video_transaction` VALUES(4, 103, 0);
INSERT INTO `subscription_video_transaction` VALUES(4, 104, 0);
INSERT INTO `subscription_video_transaction` VALUES(4, 105, 0);
INSERT INTO `subscription_video_transaction` VALUES(4, 106, 0);
INSERT INTO `subscription_video_transaction` VALUES(4, 107, 0);
INSERT INTO `subscription_video_transaction` VALUES(4, 108, 0);
INSERT INTO `subscription_video_transaction` VALUES(4, 109, 0);
INSERT INTO `subscription_video_transaction` VALUES(4, 110, 0);
INSERT INTO `subscription_video_transaction` VALUES(4, 112, 0);
INSERT INTO `subscription_video_transaction` VALUES(4, 113, 0);
INSERT INTO `subscription_video_transaction` VALUES(4, 114, 0);
INSERT INTO `subscription_video_transaction` VALUES(4, 115, 0);
INSERT INTO `subscription_video_transaction` VALUES(4, 116, 0);
INSERT INTO `subscription_video_transaction` VALUES(4, 117, 0);
INSERT INTO `subscription_video_transaction` VALUES(4, 118, 0);
INSERT INTO `subscription_video_transaction` VALUES(4, 119, 0);
INSERT INTO `subscription_video_transaction` VALUES(4, 120, 0);
INSERT INTO `subscription_video_transaction` VALUES(4, 121, 0);
INSERT INTO `subscription_video_transaction` VALUES(4, 122, 0);
INSERT INTO `subscription_video_transaction` VALUES(4, 123, 0);
INSERT INTO `subscription_video_transaction` VALUES(4, 124, 0);
INSERT INTO `subscription_video_transaction` VALUES(4, 125, 0);
INSERT INTO `subscription_video_transaction` VALUES(4, 126, 0);
INSERT INTO `subscription_video_transaction` VALUES(4, 127, 0);
INSERT INTO `subscription_video_transaction` VALUES(4, 128, 0);
INSERT INTO `subscription_video_transaction` VALUES(4, 129, 0);
INSERT INTO `subscription_video_transaction` VALUES(4, 130, 0);
INSERT INTO `subscription_video_transaction` VALUES(4, 131, 0);
INSERT INTO `subscription_video_transaction` VALUES(4, 132, 0);
INSERT INTO `subscription_video_transaction` VALUES(4, 133, 0);
INSERT INTO `subscription_video_transaction` VALUES(4, 134, 0);
INSERT INTO `subscription_video_transaction` VALUES(4, 135, 0);
INSERT INTO `subscription_video_transaction` VALUES(4, 136, 0);
INSERT INTO `subscription_video_transaction` VALUES(4, 137, 0);
INSERT INTO `subscription_video_transaction` VALUES(4, 138, 0);
INSERT INTO `subscription_video_transaction` VALUES(4, 139, 0);
INSERT INTO `subscription_video_transaction` VALUES(4, 140, 0);
INSERT INTO `subscription_video_transaction` VALUES(4, 141, 0);
INSERT INTO `subscription_video_transaction` VALUES(4, 142, 0);
INSERT INTO `subscription_video_transaction` VALUES(4, 143, 0);
INSERT INTO `subscription_video_transaction` VALUES(4, 144, 0);
INSERT INTO `subscription_video_transaction` VALUES(4, 145, 0);
INSERT INTO `subscription_video_transaction` VALUES(4, 146, 0);
INSERT INTO `subscription_video_transaction` VALUES(4, 147, 0);
INSERT INTO `subscription_video_transaction` VALUES(4, 148, 0);
INSERT INTO `subscription_video_transaction` VALUES(4, 149, 0);
INSERT INTO `subscription_video_transaction` VALUES(4, 150, 0);
INSERT INTO `subscription_video_transaction` VALUES(4, 151, 0);
INSERT INTO `subscription_video_transaction` VALUES(4, 152, 0);
INSERT INTO `subscription_video_transaction` VALUES(4, 153, 0);
INSERT INTO `subscription_video_transaction` VALUES(4, 154, 0);
INSERT INTO `subscription_video_transaction` VALUES(4, 155, 0);
INSERT INTO `subscription_video_transaction` VALUES(4, 156, 0);
INSERT INTO `subscription_video_transaction` VALUES(4, 158, 0);
INSERT INTO `subscription_video_transaction` VALUES(4, 159, 0);
INSERT INTO `subscription_video_transaction` VALUES(4, 160, 0);
INSERT INTO `subscription_video_transaction` VALUES(4, 161, 0);
INSERT INTO `subscription_video_transaction` VALUES(4, 162, 0);
INSERT INTO `subscription_video_transaction` VALUES(4, 163, 0);
INSERT INTO `subscription_video_transaction` VALUES(4, 191, 0);
INSERT INTO `subscription_video_transaction` VALUES(4, 193, 0);
INSERT INTO `subscription_video_transaction` VALUES(4, 194, 0);
INSERT INTO `subscription_video_transaction` VALUES(4, 196, 0);
INSERT INTO `subscription_video_transaction` VALUES(4, 197, 0);
INSERT INTO `subscription_video_transaction` VALUES(4, 198, 0);
INSERT INTO `subscription_video_transaction` VALUES(4, 199, 0);
INSERT INTO `subscription_video_transaction` VALUES(4, 200, 0);
INSERT INTO `subscription_video_transaction` VALUES(4, 201, 0);
INSERT INTO `subscription_video_transaction` VALUES(4, 202, 0);
INSERT INTO `subscription_video_transaction` VALUES(4, 203, 0);
INSERT INTO `subscription_video_transaction` VALUES(4, 204, 0);
INSERT INTO `subscription_video_transaction` VALUES(4, 205, 0);
INSERT INTO `subscription_video_transaction` VALUES(4, 206, 0);
INSERT INTO `subscription_video_transaction` VALUES(4, 207, 0);
INSERT INTO `subscription_video_transaction` VALUES(4, 208, 0);
INSERT INTO `subscription_video_transaction` VALUES(4, 209, 0);
INSERT INTO `subscription_video_transaction` VALUES(4, 210, 0);
INSERT INTO `subscription_video_transaction` VALUES(4, 211, 0);
INSERT INTO `subscription_video_transaction` VALUES(4, 212, 0);
INSERT INTO `subscription_video_transaction` VALUES(4, 213, 0);
INSERT INTO `subscription_video_transaction` VALUES(4, 214, 0);
INSERT INTO `subscription_video_transaction` VALUES(4, 215, 0);
INSERT INTO `subscription_video_transaction` VALUES(4, 216, 0);
INSERT INTO `subscription_video_transaction` VALUES(4, 217, 0);
INSERT INTO `subscription_video_transaction` VALUES(4, 229, 0);
INSERT INTO `subscription_video_transaction` VALUES(4, 231, 0);
INSERT INTO `subscription_video_transaction` VALUES(4, 233, 0);
INSERT INTO `subscription_video_transaction` VALUES(4, 234, 0);
INSERT INTO `subscription_video_transaction` VALUES(4, 236, 0);
INSERT INTO `subscription_video_transaction` VALUES(4, 262, 0);
INSERT INTO `subscription_video_transaction` VALUES(3, 4, 0);
INSERT INTO `subscription_video_transaction` VALUES(3, 12, 0);
INSERT INTO `subscription_video_transaction` VALUES(3, 18, 0);
INSERT INTO `subscription_video_transaction` VALUES(3, 19, 0);
INSERT INTO `subscription_video_transaction` VALUES(3, 20, 0);
INSERT INTO `subscription_video_transaction` VALUES(3, 21, 0);
INSERT INTO `subscription_video_transaction` VALUES(3, 22, 0);
INSERT INTO `subscription_video_transaction` VALUES(3, 23, 0);
INSERT INTO `subscription_video_transaction` VALUES(3, 24, 0);
INSERT INTO `subscription_video_transaction` VALUES(3, 25, 0);
INSERT INTO `subscription_video_transaction` VALUES(3, 26, 0);
INSERT INTO `subscription_video_transaction` VALUES(3, 27, 0);
INSERT INTO `subscription_video_transaction` VALUES(3, 28, 0);
INSERT INTO `subscription_video_transaction` VALUES(3, 29, 0);
INSERT INTO `subscription_video_transaction` VALUES(3, 30, 0);
INSERT INTO `subscription_video_transaction` VALUES(3, 31, 0);
INSERT INTO `subscription_video_transaction` VALUES(3, 32, 0);
INSERT INTO `subscription_video_transaction` VALUES(3, 33, 0);
INSERT INTO `subscription_video_transaction` VALUES(3, 34, 0);
INSERT INTO `subscription_video_transaction` VALUES(3, 35, 0);
INSERT INTO `subscription_video_transaction` VALUES(3, 36, 0);
INSERT INTO `subscription_video_transaction` VALUES(3, 37, 0);
INSERT INTO `subscription_video_transaction` VALUES(3, 38, 0);
INSERT INTO `subscription_video_transaction` VALUES(3, 39, 0);
INSERT INTO `subscription_video_transaction` VALUES(3, 40, 0);
INSERT INTO `subscription_video_transaction` VALUES(3, 41, 0);
INSERT INTO `subscription_video_transaction` VALUES(3, 42, 0);
INSERT INTO `subscription_video_transaction` VALUES(3, 43, 0);
INSERT INTO `subscription_video_transaction` VALUES(3, 44, 0);
INSERT INTO `subscription_video_transaction` VALUES(3, 45, 0);
INSERT INTO `subscription_video_transaction` VALUES(3, 46, 0);
INSERT INTO `subscription_video_transaction` VALUES(3, 47, 0);
INSERT INTO `subscription_video_transaction` VALUES(3, 48, 0);
INSERT INTO `subscription_video_transaction` VALUES(3, 49, 0);
INSERT INTO `subscription_video_transaction` VALUES(3, 50, 0);
INSERT INTO `subscription_video_transaction` VALUES(3, 51, 0);
INSERT INTO `subscription_video_transaction` VALUES(3, 52, 0);
INSERT INTO `subscription_video_transaction` VALUES(3, 53, 0);
INSERT INTO `subscription_video_transaction` VALUES(3, 54, 0);
INSERT INTO `subscription_video_transaction` VALUES(3, 55, 0);
INSERT INTO `subscription_video_transaction` VALUES(3, 56, 0);
INSERT INTO `subscription_video_transaction` VALUES(3, 57, 0);
INSERT INTO `subscription_video_transaction` VALUES(3, 58, 0);
INSERT INTO `subscription_video_transaction` VALUES(3, 59, 0);
INSERT INTO `subscription_video_transaction` VALUES(3, 73, 0);
INSERT INTO `subscription_video_transaction` VALUES(3, 74, 0);
INSERT INTO `subscription_video_transaction` VALUES(3, 75, 0);
INSERT INTO `subscription_video_transaction` VALUES(3, 76, 0);
INSERT INTO `subscription_video_transaction` VALUES(3, 77, 0);
INSERT INTO `subscription_video_transaction` VALUES(3, 78, 0);
INSERT INTO `subscription_video_transaction` VALUES(3, 79, 0);
INSERT INTO `subscription_video_transaction` VALUES(3, 80, 0);
INSERT INTO `subscription_video_transaction` VALUES(3, 81, 0);
INSERT INTO `subscription_video_transaction` VALUES(3, 111, 0);
INSERT INTO `subscription_video_transaction` VALUES(3, 157, 0);
INSERT INTO `subscription_video_transaction` VALUES(3, 189, 0);
INSERT INTO `subscription_video_transaction` VALUES(3, 190, 0);
INSERT INTO `subscription_video_transaction` VALUES(3, 222, 0);
INSERT INTO `subscription_video_transaction` VALUES(3, 223, 0);
INSERT INTO `subscription_video_transaction` VALUES(3, 224, 0);
INSERT INTO `subscription_video_transaction` VALUES(3, 225, 0);
INSERT INTO `subscription_video_transaction` VALUES(3, 226, 0);
INSERT INTO `subscription_video_transaction` VALUES(3, 237, 0);
INSERT INTO `subscription_video_transaction` VALUES(3, 239, 0);
INSERT INTO `subscription_video_transaction` VALUES(3, 240, 0);
INSERT INTO `subscription_video_transaction` VALUES(3, 242, 0);
INSERT INTO `subscription_video_transaction` VALUES(3, 243, 0);
INSERT INTO `subscription_video_transaction` VALUES(3, 244, 0);
INSERT INTO `subscription_video_transaction` VALUES(3, 248, 0);
INSERT INTO `subscription_video_transaction` VALUES(3, 252, 0);
INSERT INTO `subscription_video_transaction` VALUES(3, 253, 0);
INSERT INTO `subscription_video_transaction` VALUES(3, 254, 0);
INSERT INTO `subscription_video_transaction` VALUES(3, 256, 0);
INSERT INTO `subscription_video_transaction` VALUES(3, 260, 0);
INSERT INTO `subscription_video_transaction` VALUES(3, 261, 0);
INSERT INTO `subscription_video_transaction` VALUES(4, 4, 0);
INSERT INTO `subscription_video_transaction` VALUES(4, 12, 0);
INSERT INTO `subscription_video_transaction` VALUES(4, 18, 0);
INSERT INTO `subscription_video_transaction` VALUES(4, 19, 0);
INSERT INTO `subscription_video_transaction` VALUES(4, 20, 0);
INSERT INTO `subscription_video_transaction` VALUES(4, 21, 0);
INSERT INTO `subscription_video_transaction` VALUES(4, 22, 0);
INSERT INTO `subscription_video_transaction` VALUES(4, 23, 0);
INSERT INTO `subscription_video_transaction` VALUES(4, 24, 0);
INSERT INTO `subscription_video_transaction` VALUES(4, 25, 0);
INSERT INTO `subscription_video_transaction` VALUES(4, 26, 0);
INSERT INTO `subscription_video_transaction` VALUES(4, 27, 0);
INSERT INTO `subscription_video_transaction` VALUES(4, 28, 0);
INSERT INTO `subscription_video_transaction` VALUES(4, 29, 0);
INSERT INTO `subscription_video_transaction` VALUES(4, 30, 0);
INSERT INTO `subscription_video_transaction` VALUES(4, 31, 0);
INSERT INTO `subscription_video_transaction` VALUES(4, 32, 0);
INSERT INTO `subscription_video_transaction` VALUES(4, 33, 0);
INSERT INTO `subscription_video_transaction` VALUES(4, 34, 0);
INSERT INTO `subscription_video_transaction` VALUES(4, 35, 0);
INSERT INTO `subscription_video_transaction` VALUES(4, 36, 0);
INSERT INTO `subscription_video_transaction` VALUES(4, 37, 0);
INSERT INTO `subscription_video_transaction` VALUES(4, 38, 0);
INSERT INTO `subscription_video_transaction` VALUES(4, 39, 0);
INSERT INTO `subscription_video_transaction` VALUES(4, 40, 0);
INSERT INTO `subscription_video_transaction` VALUES(4, 41, 0);
INSERT INTO `subscription_video_transaction` VALUES(4, 42, 0);
INSERT INTO `subscription_video_transaction` VALUES(4, 43, 0);
INSERT INTO `subscription_video_transaction` VALUES(4, 44, 0);
INSERT INTO `subscription_video_transaction` VALUES(4, 45, 0);
INSERT INTO `subscription_video_transaction` VALUES(4, 46, 0);
INSERT INTO `subscription_video_transaction` VALUES(4, 47, 0);
INSERT INTO `subscription_video_transaction` VALUES(4, 48, 0);
INSERT INTO `subscription_video_transaction` VALUES(4, 49, 0);
INSERT INTO `subscription_video_transaction` VALUES(4, 50, 0);
INSERT INTO `subscription_video_transaction` VALUES(4, 51, 0);
INSERT INTO `subscription_video_transaction` VALUES(4, 52, 0);
INSERT INTO `subscription_video_transaction` VALUES(4, 53, 0);
INSERT INTO `subscription_video_transaction` VALUES(4, 54, 0);
INSERT INTO `subscription_video_transaction` VALUES(4, 55, 0);
INSERT INTO `subscription_video_transaction` VALUES(4, 56, 0);
INSERT INTO `subscription_video_transaction` VALUES(4, 57, 0);
INSERT INTO `subscription_video_transaction` VALUES(4, 58, 0);
INSERT INTO `subscription_video_transaction` VALUES(4, 59, 0);
INSERT INTO `subscription_video_transaction` VALUES(4, 73, 0);
INSERT INTO `subscription_video_transaction` VALUES(4, 74, 0);
INSERT INTO `subscription_video_transaction` VALUES(4, 75, 0);
INSERT INTO `subscription_video_transaction` VALUES(4, 76, 0);
INSERT INTO `subscription_video_transaction` VALUES(4, 77, 0);
INSERT INTO `subscription_video_transaction` VALUES(4, 78, 0);
INSERT INTO `subscription_video_transaction` VALUES(4, 79, 0);
INSERT INTO `subscription_video_transaction` VALUES(4, 80, 0);
INSERT INTO `subscription_video_transaction` VALUES(4, 81, 0);
INSERT INTO `subscription_video_transaction` VALUES(4, 111, 0);
INSERT INTO `subscription_video_transaction` VALUES(4, 157, 0);
INSERT INTO `subscription_video_transaction` VALUES(4, 189, 0);
INSERT INTO `subscription_video_transaction` VALUES(4, 190, 0);
INSERT INTO `subscription_video_transaction` VALUES(4, 222, 0);
INSERT INTO `subscription_video_transaction` VALUES(4, 223, 0);
INSERT INTO `subscription_video_transaction` VALUES(4, 224, 0);
INSERT INTO `subscription_video_transaction` VALUES(4, 225, 0);
INSERT INTO `subscription_video_transaction` VALUES(4, 226, 0);
INSERT INTO `subscription_video_transaction` VALUES(4, 237, 0);
INSERT INTO `subscription_video_transaction` VALUES(4, 239, 0);
INSERT INTO `subscription_video_transaction` VALUES(4, 240, 0);
INSERT INTO `subscription_video_transaction` VALUES(4, 242, 0);
INSERT INTO `subscription_video_transaction` VALUES(4, 243, 0);
INSERT INTO `subscription_video_transaction` VALUES(4, 244, 0);
INSERT INTO `subscription_video_transaction` VALUES(4, 248, 0);
INSERT INTO `subscription_video_transaction` VALUES(4, 252, 0);
INSERT INTO `subscription_video_transaction` VALUES(4, 253, 0);
INSERT INTO `subscription_video_transaction` VALUES(4, 254, 0);
INSERT INTO `subscription_video_transaction` VALUES(4, 256, 0);
INSERT INTO `subscription_video_transaction` VALUES(4, 260, 0);
INSERT INTO `subscription_video_transaction` VALUES(4, 261, 0);
INSERT INTO `subscription_video_transaction` VALUES(5, 2, 0);
INSERT INTO `subscription_video_transaction` VALUES(5, 4, 0);
INSERT INTO `subscription_video_transaction` VALUES(5, 10, 0);
INSERT INTO `subscription_video_transaction` VALUES(5, 11, 0);
INSERT INTO `subscription_video_transaction` VALUES(5, 13, 0);
INSERT INTO `subscription_video_transaction` VALUES(5, 14, 0);
INSERT INTO `subscription_video_transaction` VALUES(5, 15, 0);
INSERT INTO `subscription_video_transaction` VALUES(5, 16, 0);
INSERT INTO `subscription_video_transaction` VALUES(5, 17, 0);
INSERT INTO `subscription_video_transaction` VALUES(5, 164, 0);
INSERT INTO `subscription_video_transaction` VALUES(5, 167, 0);
INSERT INTO `subscription_video_transaction` VALUES(5, 168, 0);
INSERT INTO `subscription_video_transaction` VALUES(5, 171, 0);
INSERT INTO `subscription_video_transaction` VALUES(5, 172, 0);
INSERT INTO `subscription_video_transaction` VALUES(5, 173, 0);
INSERT INTO `subscription_video_transaction` VALUES(5, 174, 0);
INSERT INTO `subscription_video_transaction` VALUES(5, 178, 0);
INSERT INTO `subscription_video_transaction` VALUES(5, 181, 0);
INSERT INTO `subscription_video_transaction` VALUES(5, 182, 0);
INSERT INTO `subscription_video_transaction` VALUES(5, 185, 0);
INSERT INTO `subscription_video_transaction` VALUES(5, 187, 0);
INSERT INTO `subscription_video_transaction` VALUES(5, 192, 0);
INSERT INTO `subscription_video_transaction` VALUES(5, 195, 0);
INSERT INTO `subscription_video_transaction` VALUES(5, 238, 0);
INSERT INTO `subscription_video_transaction` VALUES(5, 241, 0);
INSERT INTO `subscription_video_transaction` VALUES(5, 245, 0);
INSERT INTO `subscription_video_transaction` VALUES(5, 246, 0);
INSERT INTO `subscription_video_transaction` VALUES(5, 247, 0);
INSERT INTO `subscription_video_transaction` VALUES(5, 248, 0);
INSERT INTO `subscription_video_transaction` VALUES(5, 249, 0);
INSERT INTO `subscription_video_transaction` VALUES(5, 250, 0);
INSERT INTO `subscription_video_transaction` VALUES(5, 251, 0);
INSERT INTO `subscription_video_transaction` VALUES(5, 253, 0);
INSERT INTO `subscription_video_transaction` VALUES(5, 254, 0);
INSERT INTO `subscription_video_transaction` VALUES(5, 255, 0);
INSERT INTO `subscription_video_transaction` VALUES(5, 256, 0);
INSERT INTO `subscription_video_transaction` VALUES(5, 257, 0);
INSERT INTO `subscription_video_transaction` VALUES(5, 258, 0);
INSERT INTO `subscription_video_transaction` VALUES(5, 259, 0);
INSERT INTO `subscription_video_transaction` VALUES(5, 260, 0);
INSERT INTO `subscription_video_transaction` VALUES(5, 262, 0);
INSERT INTO `subscription_video_transaction` VALUES(7, 60, 0);
INSERT INTO `subscription_video_transaction` VALUES(7, 61, 0);
INSERT INTO `subscription_video_transaction` VALUES(7, 62, 0);
INSERT INTO `subscription_video_transaction` VALUES(7, 63, 0);
INSERT INTO `subscription_video_transaction` VALUES(7, 64, 0);
INSERT INTO `subscription_video_transaction` VALUES(7, 65, 0);
INSERT INTO `subscription_video_transaction` VALUES(7, 66, 0);
INSERT INTO `subscription_video_transaction` VALUES(7, 67, 0);
INSERT INTO `subscription_video_transaction` VALUES(7, 68, 0);
INSERT INTO `subscription_video_transaction` VALUES(7, 69, 0);
INSERT INTO `subscription_video_transaction` VALUES(7, 70, 0);
INSERT INTO `subscription_video_transaction` VALUES(7, 71, 0);
INSERT INTO `subscription_video_transaction` VALUES(7, 72, 0);
INSERT INTO `subscription_video_transaction` VALUES(7, 82, 0);
INSERT INTO `subscription_video_transaction` VALUES(7, 83, 0);
INSERT INTO `subscription_video_transaction` VALUES(7, 87, 0);
INSERT INTO `subscription_video_transaction` VALUES(7, 88, 0);
INSERT INTO `subscription_video_transaction` VALUES(7, 89, 0);
INSERT INTO `subscription_video_transaction` VALUES(7, 90, 0);
INSERT INTO `subscription_video_transaction` VALUES(7, 91, 0);
INSERT INTO `subscription_video_transaction` VALUES(2, 228, 0);
INSERT INTO `subscription_video_transaction` VALUES(2, 230, 0);
INSERT INTO `subscription_video_transaction` VALUES(2, 232, 0);
INSERT INTO `subscription_video_transaction` VALUES(2, 235, 0);
INSERT INTO `subscription_video_transaction` VALUES(3, 218, 0);
INSERT INTO `subscription_video_transaction` VALUES(3, 219, 0);
INSERT INTO `subscription_video_transaction` VALUES(3, 220, 0);
INSERT INTO `subscription_video_transaction` VALUES(3, 221, 0);
INSERT INTO `subscription_video_transaction` VALUES(5, 165, 0);
INSERT INTO `subscription_video_transaction` VALUES(5, 166, 0);
INSERT INTO `subscription_video_transaction` VALUES(5, 169, 0);
INSERT INTO `subscription_video_transaction` VALUES(5, 170, 0);
INSERT INTO `subscription_video_transaction` VALUES(5, 175, 0);
INSERT INTO `subscription_video_transaction` VALUES(5, 176, 0);
INSERT INTO `subscription_video_transaction` VALUES(5, 177, 0);
INSERT INTO `subscription_video_transaction` VALUES(5, 179, 0);
INSERT INTO `subscription_video_transaction` VALUES(5, 180, 0);
INSERT INTO `subscription_video_transaction` VALUES(5, 183, 0);
INSERT INTO `subscription_video_transaction` VALUES(5, 184, 0);
INSERT INTO `subscription_video_transaction` VALUES(5, 186, 0);
INSERT INTO `subscription_video_transaction` VALUES(5, 188, 0);
INSERT INTO `subscription_video_transaction` VALUES(5, 227, 0);
INSERT INTO `subscription_video_transaction` VALUES(7, 228, 0);
INSERT INTO `subscription_video_transaction` VALUES(7, 230, 0);
INSERT INTO `subscription_video_transaction` VALUES(7, 232, 0);
INSERT INTO `subscription_video_transaction` VALUES(7, 235, 0);
INSERT INTO `subscription_video_transaction` VALUES(7, 6, 0);
INSERT INTO `subscription_video_transaction` VALUES(7, 84, 0);
INSERT INTO `subscription_video_transaction` VALUES(7, 85, 0);
INSERT INTO `subscription_video_transaction` VALUES(7, 86, 0);
INSERT INTO `subscription_video_transaction` VALUES(7, 92, 0);

-- --------------------------------------------------------

--
-- Table structure for table `system_config`
--

CREATE TABLE `system_config` (
  `id` int(10) unsigned NOT NULL auto_increment,
  `system_section_id` int(10) unsigned default NULL COMMENT 'Tab Group Name',
  `system_group_id` int(10) unsigned default NULL COMMENT 'Tab Group Name',
  `name` varchar(100) default NULL COMMENT 'Variable Key',
  `desc` text COMMENT 'Variable Key',
  `value` text COMMENT 'Variable Value',
  `input_type` enum('text','password','textarea','select','radio','checkbox','file','label') default NULL COMMENT 'Input Type',
  `input_options` text COMMENT 'Serialize Array - key and value http://www.functions-online.com/serialize.html',
  `status` int(11) default '0',
  `position` int(11) default '0',
  PRIMARY KEY  (`id`),
  KEY `FK_system_config_system_section` (`system_section_id`),
  KEY `FK_system_config_system_group` (`system_group_id`)
) ENGINE=InnoDB  DEFAULT CHARSET=utf8 ROW_FORMAT=COMPACT COMMENT='System Configuration' AUTO_INCREMENT=12 ;

--
-- Dumping data for table `system_config`
--

INSERT INTO `system_config` VALUES(1, 1, 1, 'site_name', NULL, 'Twinkle Star Dance', 'text', NULL, 1, 1);
INSERT INTO `system_config` VALUES(2, 3, 2, 'date_format', NULL, 'd/m/Y', NULL, NULL, 1, 0);
INSERT INTO `system_config` VALUES(3, 3, 2, 'datetime_format', NULL, 'd/m/Y H:i:s', NULL, NULL, 1, 0);
INSERT INTO `system_config` VALUES(4, 1, 1, 'copyright_text', NULL, 'Copyright &copy; 2013 Twinkle Star Dance. All screenshots &copy; their respective owners.', NULL, NULL, 1, 0);
INSERT INTO `system_config` VALUES(5, 3, 2, 'default_currency_symbol', NULL, '$', NULL, NULL, 1, 0);
INSERT INTO `system_config` VALUES(6, 3, 1, 'percentage', NULL, '%', NULL, NULL, 1, 0);
INSERT INTO `system_config` VALUES(7, 1, 1, 'pckge_sub_thumb_width', NULL, '198', NULL, NULL, 1, 0);
INSERT INTO `system_config` VALUES(8, 1, 1, 'pckge_sub_thumb_height', NULL, '149', NULL, NULL, 1, 0);
INSERT INTO `system_config` VALUES(9, 1, 1, 'user_thumb_width', NULL, '198', NULL, NULL, 1, 0);
INSERT INTO `system_config` VALUES(10, 1, 1, 'user_thumb_height', NULL, '149', NULL, NULL, 1, 0);
INSERT INTO `system_config` VALUES(11, 4, 1, 'admin_email', NULL, 'abcd@test.com', NULL, NULL, 0, 0);

-- --------------------------------------------------------

--
-- Table structure for table `system_group`
--

CREATE TABLE `system_group` (
  `id` int(10) unsigned NOT NULL auto_increment,
  `name` varchar(50) default NULL,
  `position` int(10) default NULL,
  `status` int(1) default '1',
  PRIMARY KEY  (`id`)
) ENGINE=InnoDB  DEFAULT CHARSET=utf8 ROW_FORMAT=COMPACT AUTO_INCREMENT=3 ;

--
-- Dumping data for table `system_group`
--

INSERT INTO `system_group` VALUES(1, 'General', 1, 1);
INSERT INTO `system_group` VALUES(2, 'Locale', 1, 0);

-- --------------------------------------------------------

--
-- Table structure for table `system_section`
--

CREATE TABLE `system_section` (
  `id` int(10) unsigned NOT NULL auto_increment,
  `name` varchar(50) default NULL,
  `position` int(10) default NULL,
  `status` int(1) default '1',
  PRIMARY KEY  (`id`)
) ENGINE=InnoDB  DEFAULT CHARSET=utf8 ROW_FORMAT=COMPACT AUTO_INCREMENT=8 ;

--
-- Dumping data for table `system_section`
--

INSERT INTO `system_section` VALUES(1, 'System', 1, 1);
INSERT INTO `system_section` VALUES(2, 'Admin', 1, 0);
INSERT INTO `system_section` VALUES(3, 'Locale', 1, 0);
INSERT INTO `system_section` VALUES(4, 'Email', 1, 1);

-- --------------------------------------------------------

--
-- Table structure for table `users`
--

CREATE TABLE `users` (
  `id` int(11) NOT NULL auto_increment,
  `parent_id` int(11) NOT NULL default '0',
  `role_id` int(10) unsigned default NULL,
  `username` varchar(255) NOT NULL,
  `email` varchar(255) NOT NULL,
  `contact_email` varchar(255) default NULL,
  `other_email` varchar(255) default NULL,
  `password` varchar(255) NOT NULL,
  `user_type` tinyint(4) NOT NULL default '1' COMMENT '1-admin, 2-studio, 3-dancer, 4-instructor',
  `first_name` varchar(255) default NULL,
  `middle_name` varchar(255) default NULL,
  `last_name` varchar(255) default NULL,
  `studio_name` varchar(255) default NULL,
  `gender` enum('Male','Female') default NULL,
  `picture` varchar(255) default NULL,
  `address_1` text,
  `address_2` text,
  `mobile` varchar(255) default NULL,
  `phone` varchar(255) default NULL,
  `city` varchar(255) default NULL,
  `state_id` int(11) default NULL,
  `country_id` int(11) default NULL,
  `zip` varchar(255) default NULL,
  `status` tinyint(1) NOT NULL default '1' COMMENT '0-InActive, 1-Active, 2-Deleted',
  `last_login_at` datetime default NULL,
  `created_at` datetime default NULL,
  `updated_at` datetime default NULL,
  PRIMARY KEY  (`id`),
  UNIQUE KEY `email` (`email`),
  KEY `parent_id` (`parent_id`),
  KEY `role_id` (`role_id`),
  KEY `state_id` (`state_id`),
  KEY `country_id` (`country_id`)
) ENGINE=InnoDB  DEFAULT CHARSET=utf8 AUTO_INCREMENT=189 ;

--
-- Dumping data for table `users`
--

INSERT INTO `users` VALUES(1, 0, 1, 'admin', 'inx.email001@gmail.com', 'info@twinklestardance.com', '', '0192023a7bbd73250516f069df18b500', 1, 'TSD Team', 'Owner', '', NULL, NULL, NULL, NULL, NULL, NULL, NULL, NULL, NULL, NULL, NULL, 1, NULL, NULL, NULL);
INSERT INTO `users` VALUES(63, 0, 2, 'dynamicdanceinfo@gmail.com', 'dynamicdanceinfo@gmail.com', NULL, NULL, '0b8755c640582106a466825dcf5d145b', 2, 'Stephanie', '', 'Pennington', 'Dynamic Dance', 'Male', '', '2235 Russellville Road, Suite 300, Bowling Green, KY, 42101', '', '', '2709042633', '', NULL, 1, '', 1, '0000-00-00 00:00:00', '2012-09-25 16:11:21', '2012-09-25 16:17:13');
INSERT INTO `users` VALUES(64, 0, 2, 'sarah@dreamperformingarts.com', 'sarah@dreamperformingarts.com', NULL, NULL, '7bfbc30b30ce3f5a318792234fb89487', 2, 'Sarah', '', 'Nave', 'Dream Performing Arts', 'Male', '', '1400 Mc Kinney, St, Unit 1507, Houston, TX 77010', '', '', '7132563596', '', NULL, 1, '', 1, '0000-00-00 00:00:00', '2012-09-25 16:18:25', '0000-00-00 00:00:00');
INSERT INTO `users` VALUES(65, 0, 2, 'casishupe@hotmail.com', 'casishupe@hotmail.com', NULL, NULL, '8e282951df187a8e96334c32b46502e5', 2, 'Cassandra', '', 'Shupe', 'Norwalk Dance Center', 'Male', '', '461 Milan Ave, Norwalk, VA 44857', '', '', '4196633036', '', NULL, 1, '', 1, '0000-00-00 00:00:00', '2012-09-25 16:20:07', '0000-00-00 00:00:00');
INSERT INTO `users` VALUES(66, 0, 2, 'dance-so-wellstudio@hotmail.com', 'dance-so-wellstudio@hotmail.com', NULL, NULL, '6d7f431a7e6358dd981e1858dcd28dd0', 2, 'Zo-el', '', 'Jack', 'Dance So Well Studio', 'Male', '', 'Box 24, Deadwood, T0H 1A0 Canada', '', '', '7808360401', '', NULL, 1, '', 1, '0000-00-00 00:00:00', '2012-09-25 16:28:01', '0000-00-00 00:00:00');
INSERT INTO `users` VALUES(67, 0, 2, 'jkzone@aol.com', 'jkzone@aol.com', NULL, NULL, '5ecfdab7a141deda5a6117195a0e3b40', 2, 'Jami', '', 'Artiga', 'The Dance Zone', 'Male', '', '11221 South Eastern Ave #100, Henderson, NV 89052', '', '', '7028975690', '', NULL, 1, '', 1, '0000-00-00 00:00:00', '2012-09-25 16:36:29', '0000-00-00 00:00:00');
INSERT INTO `users` VALUES(68, 0, 2, 'kellie@cmdanceacademy.com', 'kellie@cmdanceacademy.com', NULL, NULL, 'aaeadf7b0387678d24e193b7bf693ee0', 2, 'Kellie', '', 'Shea', 'Central Mass Dance Academy', 'Male', '', '95 Ward St. Worchester, MN 01610', '', '', '7746967770', '', NULL, 1, '', 1, '0000-00-00 00:00:00', '2012-09-25 16:37:46', '0000-00-00 00:00:00');
INSERT INTO `users` VALUES(69, 0, 2, 'bcdiscoveries@yahoo.com', 'bcdiscoveries@yahoo.com', NULL, NULL, 'da23f4abce834ef061708fa8e16cd10e', 2, 'Kristina', '', 'Tuxhorn', 'BC Discoveries Dance &amp; Theater Arts Co.', 'Male', '', '8 Haver Farm Rd. Clinton, NJ 08809', '', '', '2159130690', '', NULL, 1, '', 1, '0000-00-00 00:00:00', '2012-09-25 16:41:49', '0000-00-00 00:00:00');
INSERT INTO `users` VALUES(70, 0, 2, 'rharvey@ymcawilliamjonco.org', 'rharvey@ymcawilliamjonco.org', NULL, NULL, 'b2b251b1e9f9a40ef3ea9e981ca08dec', 2, 'Tiffany', '', 'Fredin', 'Twin Lakes YMCA', 'Male', '', '204 E. Little Elm Trail, Cedar Park, TX 78613', '', '', '5126157420', '', NULL, 1, '', 1, '0000-00-00 00:00:00', '2012-09-25 16:45:43', '0000-00-00 00:00:00');
INSERT INTO `users` VALUES(71, 0, 2, 'mpacdancers@aol.com', 'mpacdancers@aol.com', NULL, NULL, 'a4c6f560f2a62ab6a2bed4f5248f4d8b', 2, 'Nicole', '', 'Tiedemann', 'Monmouth Performing Arts Centre-tsd011', 'Male', '', '84 Hickory Hill Rd, Jackson, NJ 08527', '', '', '7323703582', '', NULL, 1, '', 1, '0000-00-00 00:00:00', '2012-09-27 09:15:41', '0000-00-00 00:00:00');
INSERT INTO `users` VALUES(72, 0, 2, 'idancexpress@comcast.net', 'idancexpress@comcast.net', NULL, NULL, '2717584d5ef1d1716cd4c9b7679311a6', 2, 'Renee', '', 'Crews', 'Dance Express-tsd012', 'Male', '', '1590 Cedar Bay Rd, Jacksonville, FL 32218', '', '', '9048132444', '', NULL, 1, '', 1, '0000-00-00 00:00:00', '2012-09-27 09:17:44', '0000-00-00 00:00:00');
INSERT INTO `users` VALUES(73, 0, 2, 'KPDC@aol.com', 'KPDC@aol.com', NULL, NULL, '5a3878e4b9a294c5a32faebf4d62a84e', 2, 'Sandra', '', 'Moletto', 'Kings Park Dance Center-tsd013', 'Male', '', '85 Main St., Kings Park, NY 11754', '', '', '6312690751', '', NULL, 1, '', 1, '0000-00-00 00:00:00', '2012-09-27 09:22:44', '0000-00-00 00:00:00');
INSERT INTO `users` VALUES(74, 0, 2, 'paulasfortner@yahoo.com', 'paulasfortner@yahoo.com', NULL, NULL, 'e14970caea53f741eee9802658608a91', 2, 'Paula', '', 'Fortner', 'American Academy of Dance-tsd014', 'Male', '', '108 Business Ct, Hendersonville, TN', '', '', '6158229620', '', NULL, 1, '', 1, '0000-00-00 00:00:00', '2012-09-27 09:24:00', '0000-00-00 00:00:00');
INSERT INTO `users` VALUES(75, 0, 2, 'edcstaff@rogers.com', 'edcstaff@rogers.com', NULL, NULL, '4fbadc9ec809fcd9de01de1644e7387f', 2, 'Jennifer', '', 'Partland', 'Extreme Dance Connection-tsd016', 'Male', '', '41 Commerce Park Dr., Unit B, Barrie, ON, Canada L4N8x1', '', '', '7057333987', '', NULL, 1, '', 1, '0000-00-00 00:00:00', '2012-09-27 09:25:05', '0000-00-00 00:00:00');
INSERT INTO `users` VALUES(76, 0, 2, 'info@clubdancestudio.com', 'info@clubdancestudio.com', NULL, NULL, '011b92429a3f2568609edae4354a0928', 2, 'Kelli', '', 'Wilkins', 'Club Dance-tsd015', 'Male', '', '23420 S. 202nd St., Queen Creek, AZ 85142', '', '', '4808882342', '', NULL, 1, '', 1, '0000-00-00 00:00:00', '2012-09-27 09:26:21', '0000-00-00 00:00:00');
INSERT INTO `users` VALUES(77, 0, 2, 'becky@rpacdance.com', 'becky@rpacdance.com', NULL, NULL, 'db131b8a133ba9876638040c8d566154', 2, 'Becky', '', 'Phelps', 'Revelution Performing Arts Center, LLC-tsd017', 'Male', '', '2210 Sabine Ct., Deer Park, TX 77536', '', '', '2814797722', '', NULL, 1, '', 1, '0000-00-00 00:00:00', '2012-09-27 09:28:23', '0000-00-00 00:00:00');
INSERT INTO `users` VALUES(78, 0, 2, 'deniserivera@cox.net', 'deniserivera@cox.net', NULL, NULL, '6fc2609fac2cc66a95b1320d6b2a2a9a', 2, 'Denise', '', 'Rivera', 'Center Stage Entertainment - tsd020', 'Male', '', '38 Jeanette Ct, Plantsville, 06479', '', '', '8604260564', '', NULL, 1, '', 1, '0000-00-00 00:00:00', '2012-09-27 09:30:57', '0000-00-00 00:00:00');
INSERT INTO `users` VALUES(79, 0, 2, 'kaelynelliott@gmail.com', 'kaelynelliott@gmail.com', NULL, NULL, '865c1ee3ea691680c037170932dac693', 2, 'Kaelyn', '', 'Elliott', 'Just Dance Studios', 'Male', '', '5801-51st Ave, Barrhead, AB T7N 1N7', '', '', '7807061654', '', NULL, 1, '', 1, '0000-00-00 00:00:00', '2012-09-27 09:35:55', '0000-00-00 00:00:00');
INSERT INTO `users` VALUES(80, 0, 2, 'dancerepublicinc@yahoo.com', 'dancerepublicinc@yahoo.com', NULL, NULL, '757bb050f22bd42dc3413bdca64efdb4', 2, 'April', '', 'Melkowski', 'Dance Republic - tsd019', 'Male', '', '67 S. Higley Rd, 103-119, Gilbert, AZ  85296', '', '', '4806337181', '', NULL, 1, '', 1, '0000-00-00 00:00:00', '2012-09-27 09:39:33', '0000-00-00 00:00:00');
INSERT INTO `users` VALUES(81, 0, 2, 'sallyk-dance@iinet.net.au', 'sallyk-dance@iinet.net.au', NULL, NULL, '67787850c7a1d9b70a953eced677f43a', 2, 'Sally', '', 'Foster', 'Sally K Dance', 'Male', '', '58 Shearwater Dr, Glenmore Park, NSW Australia 2745', '', '', '614112045646', '', NULL, 16, '', 1, '0000-00-00 00:00:00', '2012-09-27 09:41:47', '0000-00-00 00:00:00');
INSERT INTO `users` VALUES(82, 0, 2, 'acraft@hacheathclub.com', 'acraft@hacheathclub.com', NULL, NULL, '07562f55fad609d947cf02f9a511d70a', 2, 'Angie', '', 'Craft', 'HAC School of Dance', 'Male', '', '100 Fitness Way, Hockessin, DE 19707', 'phone extension 124', '', '3022396688', '', NULL, 1, '', 1, '0000-00-00 00:00:00', '2012-09-27 09:53:12', '0000-00-00 00:00:00');
INSERT INTO `users` VALUES(83, 0, 2, 'susan@byrdsdanceandgym.com', 'susan@byrdsdanceandgym.com', NULL, NULL, '10a74024cba6b652973b11f0d655a45b', 2, 'Susan', '', 'Byrd', 'Byrd''s Dance &amp; Gymnastics, Inc.', 'Male', '', '2929 North 103rd St., Kansas City, KS 66109', '', '', '9137889792', '', NULL, 1, '', 1, '0000-00-00 00:00:00', '2012-09-27 09:55:04', '0000-00-00 00:00:00');
INSERT INTO `users` VALUES(84, 0, 2, 'firstpositionsb@yahoo.com', 'firstpositionsb@yahoo.com', NULL, NULL, 'f6a6880eb76ef943bdcac5f7d6f4c328', 2, 'Sarah', '', 'Baior', 'First Position Dance Studio', 'Male', '', '1233 Tousan, Janesville, WI 53545', '', '', '6087541101', '', NULL, 1, '', 1, '0000-00-00 00:00:00', '2012-09-27 09:56:30', '0000-00-00 00:00:00');
INSERT INTO `users` VALUES(85, 0, 2, 'loritappin@cdpac.com', 'loritappin@cdpac.com', NULL, NULL, 'ffbc34ff3f3b5eeae4c35bcc28619f66', 2, 'Lori', '', 'Luecke', 'Clackamas Dance', 'Male', '', '11487 SE Hwy 212, Clackamas, OR 97015', '', '', '5036502353', '', NULL, 1, '', 1, '0000-00-00 00:00:00', '2012-09-27 09:57:52', '0000-00-00 00:00:00');
INSERT INTO `users` VALUES(86, 0, 2, 'jeanne@southmetrodanceacademy.com', 'jeanne@southmetrodanceacademy.com', NULL, NULL, '2b9087f63e3bff71f7b4c8a0cf79d5b2', 2, 'Jeanne Johnson; Monica Fredrickson - Office Manager', '', '', 'South Metro Dance Academy', 'Male', '', '17372 Harding Ln, lakeville, MN 55044', 'monica@southmetrodanceacademy.com', '', '9528981344', '', NULL, 1, '', 1, '0000-00-00 00:00:00', '2012-09-27 09:59:45', '0000-00-00 00:00:00');
INSERT INTO `users` VALUES(87, 0, 2, 'jennifer@danceeliteonline.com', 'jennifer@danceeliteonline.com', NULL, NULL, '3a3f1dc122bf3f698cfd2c1c30c24fdc', 2, 'Jennifer', '', 'Ness', 'Dance Elite &amp; Music', 'Male', '', '1211 164th St. SW, Ste 103, Lynnwood, WA  98087', '', '', '4252681565', '', NULL, 1, '', 1, '0000-00-00 00:00:00', '2012-09-27 10:00:48', '0000-00-00 00:00:00');
INSERT INTO `users` VALUES(88, 0, 2, 'marchanddancer@aol.com', 'marchanddancer@aol.com', NULL, NULL, 'fa53d2c200ddbaa06bdc6f6a2f320963', 2, 'Marge Marchand &amp; Sommer Wendelken', '', '', 'Marchand''s School of Dance-tsd018', 'Male', '', '451 Rt 25A, Miller Place, NY 11764', '', '', '6313318900', '', NULL, 1, '', 1, '0000-00-00 00:00:00', '2012-09-27 10:01:57', '0000-00-00 00:00:00');
INSERT INTO `users` VALUES(89, 0, 2, 'shinestudiodance@yahoo.com', 'shinestudiodance@yahoo.com', NULL, NULL, '33f7b1754d6eb88855c4dec07de19365', 2, 'Cindy', '', 'Wood', 'Shine Studio', 'Male', '', '506 Expedition Dr., Millon, MT 59725', '', '', '4069253374', '', NULL, 1, '', 1, '0000-00-00 00:00:00', '2012-09-27 10:03:38', '0000-00-00 00:00:00');
INSERT INTO `users` VALUES(90, 0, 2, 'missdeena@deenaschoolofdance.com', 'missdeena@deenaschoolofdance.com', NULL, NULL, '45f773db81043c7bdf10710c6a4d9d79', 2, 'Deena', '', 'Petrucci', 'Deena''s School of Dance', 'Male', '', '390 Vineyard Way, Ste 306, West Grove, PA 19390', '', '', '4846678290', '', NULL, 1, '', 1, '0000-00-00 00:00:00', '2012-09-27 10:04:52', '0000-00-00 00:00:00');
INSERT INTO `users` VALUES(91, 0, 2, 'debdunn4@gmail.com', 'debdunn4@gmail.com', NULL, NULL, '6a54955d6193fe695725366bb1a09895', 2, 'Deborah', '', 'Dunn', 'Deborah''s School of Dance', 'Male', '', '108 N. 2nd St., Cherokee, IA 51012', '', '', '7122254413', '', NULL, 1, '', 1, '0000-00-00 00:00:00', '2012-09-27 10:09:07', '0000-00-00 00:00:00');
INSERT INTO `users` VALUES(92, 0, 2, 'michelle@msjproductions.com.au', 'michelle@msjproductions.com.au', NULL, NULL, 'ac283f130e007fe41eda84c6668af71e', 2, 'Michelle', '', 'Dark', 'MSJ Productions', 'Male', '', '46 Thornbill Loop Beeliar Perth 6164 AU', '', '', '000000', '', NULL, 16, '', 1, '0000-00-00 00:00:00', '2012-09-27 10:10:16', '0000-00-00 00:00:00');
INSERT INTO `users` VALUES(93, 0, 2, 'julie@adagestudios.com', 'julie@adagestudios.com', NULL, NULL, 'a6b7a2b79a7213b7e694108396fea30e', 2, 'Julie', '', 'Cuomo', 'Adage Dance Studios', 'Male', '', '8455 N. 90th St, Ste 8, Scottsdale, AZ 85258', '', '', '6025012329', '', NULL, 1, '', 1, '0000-00-00 00:00:00', '2012-09-27 10:11:22', '0000-00-00 00:00:00');
INSERT INTO `users` VALUES(94, 0, 2, 'vanessakromer@gmail.com', 'vanessakromer@gmail.com', NULL, NULL, '15bf3a4ebd1394884650fe43a10fd062', 2, 'Vanessa', '', 'Kromer', 'St. Augustine Dance', 'Male', '', '1389 Fryston St., St Johns, FL 32259', '', '', '5862016956', '', NULL, 1, '', 1, '0000-00-00 00:00:00', '2012-09-27 10:12:22', '0000-00-00 00:00:00');
INSERT INTO `users` VALUES(95, 0, 2, 'stacey@sdsmarietta.com', 'stacey@sdsmarietta.com', NULL, NULL, 'e0c9368925225c018c80c2f5251563c5', 2, 'Stacey', '', 'Heaton', 'Stacey''s Dance Studio', 'Male', '', '720 4th St, Marietta, GA 45750', '', '', '7403746792', '', NULL, 1, '', 1, '0000-00-00 00:00:00', '2012-09-27 10:13:25', '0000-00-00 00:00:00');
INSERT INTO `users` VALUES(96, 0, 2, 'dncr180182@gmail.com', 'dncr180182@gmail.com', NULL, NULL, '33da874cf2704c554efc8c334d2fb3b2', 2, 'Christine', '', 'McDonald', 'Dance Place', 'Male', '', '182 Broadway, Arlington, MA 02474', '', '', '6175719053', '', NULL, 1, '', 1, '0000-00-00 00:00:00', '2012-09-27 10:14:34', '0000-00-00 00:00:00');
INSERT INTO `users` VALUES(97, 0, 2, 'contact@bounceproductions.ca', 'contact@bounceproductions.ca', NULL, NULL, '2fd0e8b0e888285bd60a80d43f834982', 2, 'Stephanie', '', 'De Piero', 'Bounce Productions', 'Male', '', '1319 Masters St, Thunder Bay, P7G 1A1, Canada', '', '', '8077674942', '', NULL, 1, '', 1, '0000-00-00 00:00:00', '2012-09-27 10:15:42', '0000-00-00 00:00:00');
INSERT INTO `users` VALUES(98, 0, 2, 'nsod2010@hotmail.com', 'nsod2010@hotmail.com', NULL, NULL, 'a3ba961a882c2d455048a327f5fc03db', 2, 'Natalie', '', 'Burton', 'Natalie''s Studio of Dance', 'Male', '', '206 S. Indiana, Columbus, KS 66725', '', '', '6206741876', '', NULL, 1, '', 1, '0000-00-00 00:00:00', '2012-09-27 10:16:25', '0000-00-00 00:00:00');
INSERT INTO `users` VALUES(99, 0, 2, 'dance@mfastudios.com', 'dance@mfastudios.com', NULL, NULL, '2542563e2f187b56069fd24e2ba5c250', 2, 'Mayeisha', '', 'Parker', 'Mayeisha''s Fine Art Studio LLC', 'Male', '', '444 Germanna Hwy, Ste 160, Locust Grove, VA  22508', '540-907-6285', '', '5406935286', '', NULL, 1, '', 1, '0000-00-00 00:00:00', '2012-09-27 10:29:52', '0000-00-00 00:00:00');
INSERT INTO `users` VALUES(100, 0, 2, 'info@letsmakemusic.net', 'info@letsmakemusic.net', NULL, NULL, 'fa4834feae280f9d76414d3217bceb2d', 2, 'DeLyn', '', 'Griffin', 'Let''s Make Music &amp; Dance', 'Male', '', '22573 SW Main St., Sherwood OR 97140', '', '', '5039132046', '', NULL, 1, '', 1, '0000-00-00 00:00:00', '2012-09-27 10:30:43', '0000-00-00 00:00:00');
INSERT INTO `users` VALUES(101, 0, 2, 'agnesstreckerdancestudio@gmail.com', 'agnesstreckerdancestudio@gmail.com', NULL, NULL, '436cd09d5e3378f59e72a3e8df99dfed', 2, 'Agnes', '', 'Strecker', 'Agnes Strecker Dance Studio', 'Male', '', '172 Beach St, Revere, MA 02151', '', '', '6176051630', '', NULL, 1, '', 1, '0000-00-00 00:00:00', '2012-09-27 10:31:52', '0000-00-00 00:00:00');
INSERT INTO `users` VALUES(102, 0, 2, 'besttalentcenter@sbcglobal.net', 'besttalentcenter@sbcglobal.net', NULL, NULL, 'f2c6b59bc35ba3247f721457a79d5c5e', 2, 'Judy', '', 'Best-Person', 'Best Talent Center', 'Male', '', '105 North West Plaza, St. Ann, MO 63074', '', '', '3147392378', '', NULL, 1, '', 1, '0000-00-00 00:00:00', '2012-09-27 10:32:38', '0000-00-00 00:00:00');
INSERT INTO `users` VALUES(103, 0, 2, 'idance@lisasdanceschool.com', 'idance@lisasdanceschool.com', NULL, NULL, '3af9d4311bad1972d600a621bad24034', 2, 'Lisa', '', 'Yarwood', 'Lisa''s School of Dance, Inc.', 'Male', '', '837 Voyager Dr., Bartlett, IL 60103', '', '', '6303720160', 'Bartlett', NULL, 1, '60103', 1, '0000-00-00 00:00:00', '2012-09-27 10:33:16', '2013-01-29 19:55:17');
INSERT INTO `users` VALUES(104, 0, 2, 'noel@babybounceandboogie.com', 'noel@babybounceandboogie.com', NULL, NULL, '4538ef700cba306005ee6e31cbe30419', 2, 'Noelle', '', 'Caldwell', 'Baby Bounce and Boogie', 'Male', '', '15608 Maple St., Overland Park, KS 66223', '', '', '000000', '', NULL, 1, '', 1, '0000-00-00 00:00:00', '2012-09-27 10:34:08', '0000-00-00 00:00:00');
INSERT INTO `users` VALUES(105, 0, 2, 'exldance99@mac.com', 'exldance99@mac.com', NULL, NULL, '953b5fac2c5d66cd8acefa1a87def923', 2, 'Rachelle', '', 'Ochsner', 'Street of Dreams', 'Male', '', '12607 W. Regan Rd', '', '', '7082976895', 'Mokena', NULL, 1, '60448', 1, '0000-00-00 00:00:00', '2012-09-27 10:35:19', '2012-10-30 10:43:25');
INSERT INTO `users` VALUES(106, 0, 2, 'expressiondancestudio@gmail.com', 'expressiondancestudio@gmail.com', NULL, NULL, '97099b774616f22f6847ba396ea78916', 2, 'Amber', '', 'Alonzo', 'Expression Dance Studio', 'Male', '', '21 W. Quincy, Westmont, IL 60559', '', '', '6309685678', '', NULL, 1, '', 1, '0000-00-00 00:00:00', '2012-09-27 10:35:59', '0000-00-00 00:00:00');
INSERT INTO `users` VALUES(107, 0, 2, 'info@tyleranne.com', 'info@tyleranne.com', NULL, NULL, 'c93246233296e6fcdbad583c7523b4eb', 2, 'Tyler', '', 'Wajcman', 'Tyler Anne School of Dance', 'Male', '', '351 Dufferin, Hampstead, Quebec h3x2y6', '', '', '5142960935', '', NULL, 1, '', 1, '0000-00-00 00:00:00', '2012-09-27 10:36:44', '0000-00-00 00:00:00');
INSERT INTO `users` VALUES(108, 0, 2, 'kathy@inmotiondanceacademy.com', 'kathy@inmotiondanceacademy.com', NULL, NULL, '0ef2668b7312d8eda368f48ffdbd4e8c', 2, 'InMotion Dance Academy', '', '', 'InMotion Dance Academy', 'Male', '', 'PO Box 2475, Midland, MI 48641', '', '', '9898353744', '', NULL, 1, '', 1, '0000-00-00 00:00:00', '2012-09-27 10:37:23', '0000-00-00 00:00:00');
INSERT INTO `users` VALUES(114, 0, 2, 'paul@twinklestardance.com', 'paul@twinklestardance.com', NULL, NULL, '78ed2fbe6c710be05905fc2b6a2d3a0a', 2, 'Tiffany', '', 'Henderson', 'Tiffany''s Dance Academy', 'Male', 'eac95_20121024122202.jpg', '4046 East Avenue', '', '', '9254475299', 'Livermore', NULL, 1, '94550', 1, '0000-00-00 00:00:00', '2012-10-08 02:26:26', '2012-10-24 12:22:02');
INSERT INTO `users` VALUES(115, 114, 4, 'amanda@twinklestardance.com', 'amanda@twinklestardance.com', NULL, NULL, '6209804952225ab3d14348307b5a4a27', 4, 'Amanda', '', 'Stapp', '', 'Male', '', '', '', '', '555-1212', '', NULL, 1, '', 1, '0000-00-00 00:00:00', '2012-10-08 02:29:21', '2012-10-08 02:29:21');
INSERT INTO `users` VALUES(134, 0, 2, 'Vanessnelson@yahoo.com', 'Vanessnelson@yahoo.com', NULL, NULL, '92094d09977167b9be41da16fb381bbd', 2, 'Vanessa', '', 'Nelson', 'Victoria''s school of fine arts', 'Male', '', '', '', '', '201-214-0095', 'Lyndhurst', NULL, 1, '07071', 1, '0000-00-00 00:00:00', '2012-10-23 08:09:32', '0000-00-00 00:00:00');
INSERT INTO `users` VALUES(142, 0, 2, 'demoforclient1@gmail.com', 'demoforclient1@gmail.com', NULL, NULL, '562a3cf014a036b9181c44b09c553d7f', 2, 'Card', '', 'Devid', 'Credit card', 'Male', '', '', '', 'hdfhfd', '887451236', 'Mayfield', NULL, 1, '55402', 1, '0000-00-00 00:00:00', '2012-10-25 04:32:04', '0000-00-00 00:00:00');
INSERT INTO `users` VALUES(145, 0, 2, 'dancealive@comcast.net', 'dancealive@comcast.net', NULL, NULL, '92fd9a405647c9fbacbc63707d83d39d', 2, 'Nealla', '', 'Dunn', 'Dance Alive Dance Studio', 'Male', '', '293 Southcreek Dr', '', '', '8153709679', 'Manteno', NULL, 1, '60950', 1, '0000-00-00 00:00:00', '2012-10-29 11:18:18', '0000-00-00 00:00:00');
INSERT INTO `users` VALUES(146, 0, 2, 'sleek123@ymail.com', 'sleek123@ymail.com', NULL, NULL, 'cc91b3f57ef44fded2dd17e8eba8e3bc', 2, 'Carson', '', 'Devis', 'Test Studio', 'Male', '', '', '', '', '4564654641', 'Los Angels', NULL, 1, '55004', 1, '0000-00-00 00:00:00', '2012-11-01 02:57:43', '0000-00-00 00:00:00');
INSERT INTO `users` VALUES(162, 0, 2, 'demo@gmail.com', 'demo@gmail.com', NULL, NULL, 'fd776863bfa96558066ced8e743bf2da', 2, 'demo', '', 'demo', 'demo', 'Male', '', '', '', 'demo', 'demo', 'NY', NULL, 1, 'NY', 1, '0000-00-00 00:00:00', '2012-11-06 06:33:17', '0000-00-00 00:00:00');
INSERT INTO `users` VALUES(163, 0, 2, 'demoforclient112@yahoo.com', 'demoforclient112@yahoo.com', NULL, NULL, '305e3e80a488e261aaae7f6c7d5b23f1', 2, 'demo', '', 'demo', 'domo', 'Male', '', '', '', 'demo', '12345', 'kolkata', NULL, 1, '700012', 1, '0000-00-00 00:00:00', '2012-11-06 06:35:22', '0000-00-00 00:00:00');
INSERT INTO `users` VALUES(164, 0, 2, 'demo@yahoo.com', 'demo@yahoo.com', NULL, NULL, '13097b4f5bd40f7587622299eadc1cf8', 2, 'demo', '', 'demo', 'demo', 'Male', '', '', '', 'demo', 'demo', 'NY', NULL, 1, 'NY', 1, '0000-00-00 00:00:00', '2012-11-06 06:35:49', '0000-00-00 00:00:00');
INSERT INTO `users` VALUES(165, 0, 2, 'demo1@yahoo.com', 'demo1@yahoo.com', NULL, NULL, '68c0e328a072d16fbfa6a249357aba81', 2, 'demo', '', 'demo', 'demo', 'Male', '', '', '', 'demo', 'demo', 'NY', NULL, 1, 'NY', 1, '0000-00-00 00:00:00', '2012-11-06 06:41:34', '0000-00-00 00:00:00');
INSERT INTO `users` VALUES(166, 0, 2, 'Demo22@gmail.com', 'Demo22@gmail.com', NULL, NULL, 'c31b9ab06a664c44b818f2fcd8942ca5', 2, 'Demo', '', 'Demo', 'Demo', 'Male', '', '', '', 'Demo', 'Demo', 'NY', NULL, 1, 'NY', 1, '0000-00-00 00:00:00', '2012-11-06 06:46:38', '0000-00-00 00:00:00');
INSERT INTO `users` VALUES(167, 0, 2, 'demo33@zoho.com', 'demo33@zoho.com', NULL, NULL, '2a12281d26e01c62b866aac7500966f9', 2, 'demo', '', 'demo', 'demo', 'Male', '', '', '', 'demo', 'demo', 'Sydney', NULL, 16, '', 1, '0000-00-00 00:00:00', '2012-11-06 06:48:49', '0000-00-00 00:00:00');
INSERT INTO `users` VALUES(168, 0, 2, 'demo33@gmail.com', 'demo33@gmail.com', NULL, NULL, 'bed1db0df443bf914b30d4083dbfff5b', 2, 'demo', '', 'demo', 'demo', 'Male', '', '', '', 'demo', 'demo', 'Azer', NULL, 1, 'Azer', 1, '0000-00-00 00:00:00', '2012-11-06 06:52:42', '0000-00-00 00:00:00');
INSERT INTO `users` VALUES(169, 0, 2, 'Test@gmail.com', 'Test@gmail.com', NULL, NULL, 'c78edaf687f3602c289fad143009d43d', 2, 'demo', '', 'demo', 'demo', 'Male', '', '', '', '', 'Test', 'Test', NULL, 1, 'Test', 1, '0000-00-00 00:00:00', '2012-11-06 06:55:55', '0000-00-00 00:00:00');
INSERT INTO `users` VALUES(170, 0, 2, 'demo77@gmail.com', 'demo77@gmail.com', NULL, NULL, 'f1f220df480d55102e48a4cfa3965fee', 2, 'demo', '', 'demo', 'demo', 'Male', '', '', '', 'demo', 'demo', 'NY', NULL, 1, 'NY', 1, '0000-00-00 00:00:00', '2012-11-06 07:03:59', '0000-00-00 00:00:00');
INSERT INTO `users` VALUES(171, 0, 2, 'demo_test@gmail.com', 'demo_test@gmail.com', NULL, NULL, '3156e2a8bcc66ef95e30d74c6bbef5be', 2, 'demo', '', 'demo', 'demo', 'Male', '', '', '', '', 'demo', 'NY', NULL, 1, 'NY', 1, '0000-00-00 00:00:00', '2012-11-06 07:14:59', '0000-00-00 00:00:00');
INSERT INTO `users` VALUES(172, 0, 2, 'demo_test23@gmail.com', 'demo_test23@gmail.com', NULL, NULL, 'd9e837641ddb915545931c4d6ca4cdac', 2, 'a', '', 'a', 'a', 'Male', '', '', '', '', 'a', 'ww', NULL, 1, '2ss', 1, '0000-00-00 00:00:00', '2012-11-06 07:22:04', '0000-00-00 00:00:00');
INSERT INTO `users` VALUES(173, 0, 2, 'email@email.com', 'email@email.com', NULL, NULL, '14d702d2bb90f2025e4e51ab69a6068f', 2, 'Derek', '', 'Colnar', 'DereksStudio', 'Male', '', '', '', '', '1212321123', 'San Antonio', NULL, 1, '78259', 1, '0000-00-00 00:00:00', '2012-11-10 12:46:06', '0000-00-00 00:00:00');
INSERT INTO `users` VALUES(174, 0, 2, 'email1@email.com', 'email1@email.com', NULL, NULL, '33c1cae8b67d26f325ddcf523a1f4339', 2, 'Derek', '', 'Colnar', 'DerekStudio', 'Male', '', '', '', '', '123456789', 'San Antonio', NULL, 1, '78259', 1, '0000-00-00 00:00:00', '2012-11-10 12:52:03', '0000-00-00 00:00:00');
INSERT INTO `users` VALUES(175, 0, 2, 'emails@email.com', 'emails@email.com', NULL, NULL, '379190fcf7d5b5619754c03961c5e8e5', 2, 'Derek', '', 'Colnar', 'DerekStudio', 'Male', '', '', '', '', '123456789', 'San Antonio', NULL, 1, '78259', 1, '0000-00-00 00:00:00', '2012-11-10 13:03:33', '0000-00-00 00:00:00');
INSERT INTO `users` VALUES(176, 0, 2, 'aigan@blah.com', 'aigan@blah.com', NULL, NULL, '589ea05af80c207501cb39204df22c15', 2, 'lf', '', 'as', 'ag', 'Male', '', '', '', '', '5205205201', 'tucson', NULL, 1, '85750', 1, '0000-00-00 00:00:00', '2012-11-10 13:05:06', '0000-00-00 00:00:00');
INSERT INTO `users` VALUES(178, 0, 2, 'email109@email.com', 'email109@email.com', NULL, NULL, '694efd17e011100d49def10d9e944b96', 2, 'Fname2', '', 'Lname2', 'VGC', 'Male', '', '', '', '', '9132999999', 'Kansas City', NULL, 1, '66112', 1, '0000-00-00 00:00:00', '2012-11-10 14:15:24', '0000-00-00 00:00:00');
INSERT INTO `users` VALUES(179, 0, 2, 'email41@email.com', 'email41@email.com', NULL, NULL, '81a61ccefdc51dac06b3e1296d5231f9', 2, 'Fname3', '', 'Lname3', 'RandomStudio', 'Male', '', '', '', '', '123456789', 'San Antonio', NULL, 1, '78259', 1, '0000-00-00 00:00:00', '2012-11-10 14:33:24', '0000-00-00 00:00:00');
INSERT INTO `users` VALUES(180, 0, 2, 'email101@email.com', 'email101@email.com', NULL, NULL, 'ca2d373ff8928880cf62722be037de2f', 2, 'Fname', '', 'Lame', 'StudioX', 'Male', '', '', '', '', '2109621234', 'San Antonio', NULL, 1, '78259', 1, '0000-00-00 00:00:00', '2012-11-21 15:39:09', '0000-00-00 00:00:00');
INSERT INTO `users` VALUES(181, 0, 2, 'email@someemailserver.com', 'email@someemailserver.com', NULL, NULL, '6b8cb7e007177f23581e5d3b167ed63c', 2, 'Fname', '', 'Lname', 'Test Studio', 'Male', '', '', '', '', '210-123-4567', 'San Antonio', NULL, 1, '78259', 1, '0000-00-00 00:00:00', '2012-11-23 22:14:55', '0000-00-00 00:00:00');
INSERT INTO `users` VALUES(182, 0, 2, 'Dancemakersyuma@aol.com', 'Dancemakersyuma@aol.com', NULL, NULL, '9f72050de906bc23e959a3553d8ba643', 2, 'Cindy', '', 'Turrentine', 'Dancemakers', 'Male', '', '', '', '928-246-6889', '928-246-6889', 'Yuma', NULL, 1, '85364', 1, '0000-00-00 00:00:00', '2012-11-26 19:33:27', '0000-00-00 00:00:00');
INSERT INTO `users` VALUES(183, 0, 2, 'theartofmotion@sbcglobal.net', 'theartofmotion@sbcglobal.net', NULL, NULL, 'f8088d2b4d086de4d2e0f213e461a601', 2, 'Hannah', '', 'Pasquinzo', 'The Art of Motion, Inc.', 'Male', '', '3184 N College Ave, Ste 2', '', '', '479-444-7779', 'Fayetteville', NULL, 1, '72703', 1, '0000-00-00 00:00:00', '2012-12-12 14:12:26', '2012-12-12 16:59:44');
INSERT INTO `users` VALUES(184, 0, 2, 'test@test.com', 'test@test.com', NULL, NULL, '6fbb02ee51e3eed54380b136fe1b7c63', 2, 'test', '', 'test', 'test', 'Male', '', '', '', '', '800-500-6000', 'Irvine', NULL, 1, '92714', 1, '0000-00-00 00:00:00', '2012-12-18 21:08:35', '0000-00-00 00:00:00');
INSERT INTO `users` VALUES(186, 0, 2, 'kasey@kcdancehq.com.au', 'kasey@kcdancehq.com.au', NULL, NULL, '093e6efbf67c39102abd792aaa0ea8f9', 2, 'Kasey', '', 'Boyd', 'KCDANCEHQ', 'Male', '', '', '', '', '0404043405', 'Belmont', NULL, 16, '', 1, '0000-00-00 00:00:00', '2013-03-07 19:41:13', '0000-00-00 00:00:00');
INSERT INTO `users` VALUES(187, 186, 4, 'ashley@kcdancehq.com.au', 'ashley@kcdancehq.com.au', NULL, NULL, 'd1149f736a88b24127363d714031a1a1', 4, 'Ashley', '', 'Way', '', 'Male', '', '', '', '', '0404043405', '', NULL, 1, '', 1, '0000-00-00 00:00:00', '2013-03-07 19:47:41', '2013-03-07 19:47:41');
INSERT INTO `users` VALUES(188, 0, 2, 'jenn5678dance@aol.com', 'jenn5678dance@aol.com', NULL, NULL, '392eafea744198b51b71527d24b389e1', 2, 'Jennifer', '', 'Solomon', 'Infinity Dance Arts', 'Male', '', '', '', '6192774908', '6192774908', 'El Cajon', NULL, 1, '92021', 1, '0000-00-00 00:00:00', '2013-03-12 01:55:25', '0000-00-00 00:00:00');

-- --------------------------------------------------------

--
-- Table structure for table `user_purchased_videos`
--

CREATE TABLE `user_purchased_videos` (
  `user_id` int(11) default NULL,
  `package_id` int(11) default NULL,
  `subscription_id` int(11) default NULL,
  `video_id` int(11) default NULL,
  `is_updated` tinyint(1) NOT NULL default '0',
  `updated_on` datetime default NULL,
  KEY `user_id` (`user_id`),
  KEY `subscription_id` (`subscription_id`),
  KEY `video_id` (`video_id`),
  KEY `package_id` (`package_id`)
) ENGINE=InnoDB DEFAULT CHARSET=utf8;

--
-- Dumping data for table `user_purchased_videos`
--

INSERT INTO `user_purchased_videos` VALUES(145, NULL, 3, 221, 0, NULL);
INSERT INTO `user_purchased_videos` VALUES(145, NULL, 3, 220, 0, NULL);
INSERT INTO `user_purchased_videos` VALUES(145, NULL, 3, 218, 0, NULL);
INSERT INTO `user_purchased_videos` VALUES(145, NULL, 3, 219, 0, NULL);
INSERT INTO `user_purchased_videos` VALUES(145, NULL, 3, 232, 0, NULL);
INSERT INTO `user_purchased_videos` VALUES(145, NULL, 3, 230, 0, NULL);
INSERT INTO `user_purchased_videos` VALUES(145, NULL, 3, 235, 0, NULL);
INSERT INTO `user_purchased_videos` VALUES(145, NULL, 3, 228, 0, NULL);
INSERT INTO `user_purchased_videos` VALUES(114, NULL, 7, 84, 0, NULL);
INSERT INTO `user_purchased_videos` VALUES(114, NULL, 7, 85, 0, NULL);
INSERT INTO `user_purchased_videos` VALUES(114, NULL, 7, 86, 0, NULL);
INSERT INTO `user_purchased_videos` VALUES(114, NULL, 7, 6, 0, NULL);
INSERT INTO `user_purchased_videos` VALUES(114, NULL, 7, 92, 0, NULL);
INSERT INTO `user_purchased_videos` VALUES(114, NULL, 5, 172, 0, NULL);
INSERT INTO `user_purchased_videos` VALUES(114, NULL, 5, 165, 0, NULL);
INSERT INTO `user_purchased_videos` VALUES(114, NULL, 2, 232, 0, NULL);
INSERT INTO `user_purchased_videos` VALUES(114, NULL, 2, 230, 0, NULL);
INSERT INTO `user_purchased_videos` VALUES(114, NULL, 2, 235, 0, NULL);
INSERT INTO `user_purchased_videos` VALUES(114, NULL, 2, 228, 0, NULL);
INSERT INTO `user_purchased_videos` VALUES(114, NULL, 7, 84, 0, NULL);
INSERT INTO `user_purchased_videos` VALUES(114, NULL, 7, 85, 0, NULL);
INSERT INTO `user_purchased_videos` VALUES(114, NULL, 7, 86, 0, NULL);
INSERT INTO `user_purchased_videos` VALUES(114, NULL, 7, 6, 0, NULL);
INSERT INTO `user_purchased_videos` VALUES(114, NULL, 7, 92, 0, NULL);

-- --------------------------------------------------------

--
-- Table structure for table `user_role`
--

CREATE TABLE `user_role` (
  `id` int(10) unsigned NOT NULL auto_increment COMMENT 'Role ID',
  `parent_id` int(10) unsigned NOT NULL default '0' COMMENT 'Parent Role ID',
  `tree_level` smallint(5) unsigned NOT NULL default '0' COMMENT 'Role Tree Level',
  `sort_order` smallint(5) unsigned NOT NULL default '0' COMMENT 'Role Sort Order',
  `role_name` varchar(50) NOT NULL COMMENT 'Role Name',
  `role_type` enum('admin','studio','instructor','dancer') NOT NULL COMMENT 'Role Type',
  `role_desc` text NOT NULL COMMENT 'RoleShort Descriptions',
  `is_publish` tinyint(1) NOT NULL COMMENT 'is published or not 1 or 0',
  PRIMARY KEY  (`id`),
  KEY `IDX_ADMIN_ROLE_PARENT_ID_SORT_ORDER` (`parent_id`,`sort_order`),
  KEY `IDX_ADMIN_ROLE_TREE_LEVEL` (`tree_level`)
) ENGINE=InnoDB  DEFAULT CHARSET=utf8 COMMENT='User Role Table' AUTO_INCREMENT=5 ;

--
-- Dumping data for table `user_role`
--

INSERT INTO `user_role` VALUES(1, 0, 0, 0, 'Administrator', 'admin', 'Admininistror backend', 1);
INSERT INTO `user_role` VALUES(2, 0, 0, 0, 'Studio', 'studio', 'Studio frontend', 1);
INSERT INTO `user_role` VALUES(3, 0, 0, 0, 'Dancer', 'dancer', 'Instractor frontend', 1);
INSERT INTO `user_role` VALUES(4, 0, 0, 0, 'Instructor', 'instructor', 'Dance frontend', 1);

-- --------------------------------------------------------

--
-- Table structure for table `user_rules`
--

CREATE TABLE `user_rules` (
  `id` int(10) unsigned NOT NULL auto_increment COMMENT 'Rule ID',
  `role_id` int(10) unsigned NOT NULL default '0' COMMENT 'Role ID',
  `module_id` int(10) unsigned NOT NULL COMMENT 'Module ID',
  `role_desc` varchar(255) default NULL COMMENT 'Role Descriptions',
  `privileges_controller` varchar(255) default NULL COMMENT 'Privileges - Controller',
  `privileges_actions` varchar(255) default NULL COMMENT 'Privileges - Action,Action',
  `permission` enum('allow','deny') default NULL COMMENT 'Permission - 1 AND 0',
  `permission_type` varchar(255) default NULL COMMENT 'Permission type *=allow all user, @=authenticate user only, ''<str>'' = allow specific user type | multiple[, comma seperated]',
  PRIMARY KEY  (`id`),
  UNIQUE KEY `uniquedata` (`role_id`,`module_id`,`privileges_controller`,`privileges_actions`,`permission`,`permission_type`),
  KEY `FK_user_rules_user_role` (`role_id`),
  KEY `FK_user_rules_module` (`module_id`)
) ENGINE=InnoDB  DEFAULT CHARSET=utf8 COMMENT='User Rule Table' AUTO_INCREMENT=22 ;

--
-- Dumping data for table `user_rules`
--

INSERT INTO `user_rules` VALUES(1, 1, 1, 'Login ,Logout', 'IndexController', 'login,logout', 'allow', 'admin');
INSERT INTO `user_rules` VALUES(2, 1, 1, 'Dashboard', 'IndexController', 'index', 'allow', 'admin');
INSERT INTO `user_rules` VALUES(3, 1, 1, 'Package/Subscription', 'PackageSubscriptionController', 'create,view,update,delete,index,admin,getSubVideos,assignSubVideos,addDocuments,removeDocument,removeSubscriptionVideo,setAvailableUpdate', 'allow', 'admin');
INSERT INTO `user_rules` VALUES(4, 1, 1, 'Video', 'VideosController', 'create,view,update,delete,index,admin,addToSubscription,removeSubscriptionVideo', 'allow', 'admin');
INSERT INTO `user_rules` VALUES(5, 1, 1, 'Users', 'UsersController', 'create,view,update,delete,index,admin,settings', 'allow', 'admin');
INSERT INTO `user_rules` VALUES(6, 1, 1, 'User Orders', 'OrdersController', 'create,view,update,delete,index,admin,emailOrderInfo', 'allow', 'admin');
INSERT INTO `user_rules` VALUES(7, 1, 1, 'CMS pages', 'PagesController', 'create,update,delete,admin', 'allow', 'admin');
INSERT INTO `user_rules` VALUES(8, 1, 1, 'Email Templates', 'EmailformatController', 'create,view,update,delete,index,admin', 'allow', 'admin');
INSERT INTO `user_rules` VALUES(9, 1, 1, 'Admin Settings', 'AdminUserController', 'create,view,update,delete,index,admin', 'allow', 'admin');
INSERT INTO `user_rules` VALUES(10, 2, 1, 'Studio Login, Logout', 'IndexController', 'login,logout', 'allow', 'studio');
INSERT INTO `user_rules` VALUES(11, 2, 1, 'Studio Home', 'IndexController', 'index', 'allow', 'studio');
INSERT INTO `user_rules` VALUES(12, 2, 1, 'Studio Videos', 'VideosController', 'create,view,update,delete,index,admin,addToSubscription,removeSubscriptionVideo,viewDetails,chooseVideoToAddYourSubscription', 'allow', 'studio');
INSERT INTO `user_rules` VALUES(13, 2, 1, 'Studio Settings', 'UsersController', 'listInstructorsDancers,addEditInstructorsDancers,settings,addToClass,removeFromClass', 'allow', 'studio');
INSERT INTO `user_rules` VALUES(14, 2, 1, 'Studio Classes', 'ClassesController', 'create,view,update,delete,index,admin,addUsers,removeUsers,assignVideos,removeVideos', 'allow', 'studio');
INSERT INTO `user_rules` VALUES(15, 3, 1, 'Dancer Login, Logout, Home', 'IndexController', 'login,logout,index', 'allow', 'dancer');
INSERT INTO `user_rules` VALUES(16, 3, 1, 'Dancer Settings', 'UsersController', 'settings', 'allow', 'dancer');
INSERT INTO `user_rules` VALUES(17, 3, 1, 'Dancer Classes', 'ClassesController', 'index,listClassVideos,makePayment,getListState,payflowPayment', 'allow', 'dancer');
INSERT INTO `user_rules` VALUES(18, 4, 1, 'Instructor Login, Logout, Home', 'IndexController', 'login,logout,index', 'allow', 'instructor');
INSERT INTO `user_rules` VALUES(19, 4, 1, 'Instrcutor Settings', 'UsersController', 'settings', 'allow', 'instructor');
INSERT INTO `user_rules` VALUES(20, 4, 1, 'Instructor Classes', 'ClassesController', 'index,listClassVideos', 'allow', 'instructor');
INSERT INTO `user_rules` VALUES(21, 3, 1, 'Dancer Videos', 'VideosController', 'index,viewDetails', 'allow', 'dancer');

-- --------------------------------------------------------

--
-- Table structure for table `user_rules_menu`
--

CREATE TABLE `user_rules_menu` (
  `id` int(10) unsigned NOT NULL auto_increment COMMENT 'Menu Id',
  `parent_id` int(10) unsigned NOT NULL default '0' COMMENT 'Menu Parent Id',
  `rule_id` int(10) unsigned NOT NULL default '0' COMMENT 'Rule ID',
  `module_id` int(10) unsigned NOT NULL default '0' COMMENT 'Rule ID',
  `label` varchar(50) NOT NULL COMMENT 'label text',
  `url` varchar(255) NOT NULL COMMENT 'menu url',
  `position` mediumint(5) unsigned NOT NULL COMMENT 'position for sortby',
  `is_active` tinyint(1) unsigned NOT NULL COMMENT 'is active',
  PRIMARY KEY  (`id`),
  KEY `FK_user_rules_menu_user_rules` (`rule_id`),
  KEY `FK_user_rules_menu_module` (`module_id`)
) ENGINE=InnoDB  DEFAULT CHARSET=utf8 ROW_FORMAT=COMPACT COMMENT='User Rules Menu Table' AUTO_INCREMENT=24 ;

--
-- Dumping data for table `user_rules_menu`
--

INSERT INTO `user_rules_menu` VALUES(1, 0, 1, 1, 'Home', '/admin/index/index', 1, 1);
INSERT INTO `user_rules_menu` VALUES(2, 0, 1, 1, 'Admin Users', '/admin/adminUser/admin', 1, 0);
INSERT INTO `user_rules_menu` VALUES(3, 0, 2, 1, 'CMS Pages', '/admin/pages/admin', 7, 1);
INSERT INTO `user_rules_menu` VALUES(4, 0, 2, 1, 'Configuration', '/admin/systemConfig/admin', 9, 0);
INSERT INTO `user_rules_menu` VALUES(5, 0, 1, 1, 'Settings', '/admin/users/settings', 10, 1);
INSERT INTO `user_rules_menu` VALUES(6, 0, 1, 1, 'Videos', '/admin/videos/index', 4, 1);
INSERT INTO `user_rules_menu` VALUES(7, 0, 1, 1, 'Packages', '/admin/packageSubscription/index', 2, 1);
INSERT INTO `user_rules_menu` VALUES(8, 0, 1, 1, 'Subscriptions', '/admin/packageSubscription/index', 3, 1);
INSERT INTO `user_rules_menu` VALUES(9, 0, 1, 1, 'Studios', '/admin/users/index', 5, 1);
INSERT INTO `user_rules_menu` VALUES(10, 0, 1, 1, 'Email Templates', '/admin/emailformat/admin', 8, 1);
INSERT INTO `user_rules_menu` VALUES(11, 0, 1, 1, 'Orders', '/admin/orders/admin', 6, 1);
INSERT INTO `user_rules_menu` VALUES(12, 0, 12, 1, 'Home', '/admin/index/index', 1, 1);
INSERT INTO `user_rules_menu` VALUES(13, 0, 12, 1, 'Videos', '/admin/videos/index', 2, 1);
INSERT INTO `user_rules_menu` VALUES(14, 0, 13, 1, 'Settings', '/admin/users/settings', 6, 1);
INSERT INTO `user_rules_menu` VALUES(15, 0, 12, 1, 'Instructors', '/admin/users/listInstructorsDancers', 3, 1);
INSERT INTO `user_rules_menu` VALUES(16, 0, 12, 1, 'Dancers', '/admin/users/listInstructorsDancers', 4, 1);
INSERT INTO `user_rules_menu` VALUES(17, 0, 14, 1, 'Classes', '/admin/classes/index', 5, 1);
INSERT INTO `user_rules_menu` VALUES(18, 0, 15, 1, 'Home', '/admin/index/index', 1, 1);
INSERT INTO `user_rules_menu` VALUES(19, 0, 17, 1, 'Classes', '/admin/classes/index', 2, 1);
INSERT INTO `user_rules_menu` VALUES(20, 0, 16, 1, 'Settings', '/admin/users/settings', 3, 1);
INSERT INTO `user_rules_menu` VALUES(21, 0, 18, 1, 'Home', '/admin/index/index', 1, 1);
INSERT INTO `user_rules_menu` VALUES(22, 0, 20, 1, 'Classes', '/admin/classes/index', 2, 1);
INSERT INTO `user_rules_menu` VALUES(23, 0, 19, 1, 'Settings', '/admin/users/settings', 3, 1);

-- --------------------------------------------------------

--
-- Table structure for table `user_videos_transaction`
--

CREATE TABLE `user_videos_transaction` (
  `order_id` int(11) NOT NULL default '0',
  `user_id` int(11) NOT NULL default '0',
  `class_id` int(11) NOT NULL default '0',
  `video_id` int(11) NOT NULL default '0',
  KEY `user_id` (`user_id`),
  KEY `class_id` (`class_id`),
  KEY `video_id` (`video_id`),
  KEY `order_id` (`order_id`)
) ENGINE=InnoDB DEFAULT CHARSET=utf8;

--
-- Dumping data for table `user_videos_transaction`
--


-- --------------------------------------------------------

--
-- Table structure for table `videos`
--

CREATE TABLE `videos` (
  `id` int(11) NOT NULL auto_increment,
  `title` varchar(255) default NULL,
  `description` text,
  `price` float default NULL,
  `image_url` varchar(255) default NULL,
  `iframe_code` text,
  `status` tinyint(1) NOT NULL default '1' COMMENT '0-InActive, 1-Active, 2-Deleted',
  `created_at` datetime default NULL,
  `updated_at` datetime default NULL,
  PRIMARY KEY  (`id`)
) ENGINE=InnoDB  DEFAULT CHARSET=utf8 AUTO_INCREMENT=271 ;

--
-- Dumping data for table `videos`
--

INSERT INTO `videos` VALUES(1, 'Nutcracker 2010 Costa Mesa Dec 20 630pm', NULL, 0.1, 'http://tdapics.smugmug.com/Choreography-Videos/Nutcracker-2010-Costa-Mesa-Dec/i-HpTNjR3/0/Th/20101220-11-Th.jpg', 'http://api.smugmug.com/services/embed/1482349172_HpTNjR3?width=800&height=600', 1, '0000-00-00 00:00:00', '2012-09-11 23:19:19');
INSERT INTO `videos` VALUES(2, 'Pre-Jr-Beg/Int Tap Warmups', 'The standard chunk of Lorem Ipsum used since the 1500s is reproduced below for those interested. Sections 1.10.32 and 1.10.33 from &quot;de Finibus Bonorum et Malorum&quot; by Cicero are also reproduced in their exact original form, accompanied by English versions from the 1914 translation by H. Rackham.', 0.1, 'http://tdapics.smugmug.com/Choreography-Videos/Pre-Jr-BegInt-Tap-Warmups-1/medium/926053008_8RkfC-Th.jpg', 'http://api.smugmug.com/services/embed/926053008_8RkfC?width=800&height=600', 2, '0000-00-00 00:00:00', '2012-09-12 10:45:10');
INSERT INTO `videos` VALUES(3, 'Run the World 2011-12 - Derrick Schrader', '', 0.1, 'http://tdapics.smugmug.com/Choreography-Videos/derrickschrader/i-n88JnL3/0/Th/Run-the-World-Rehearsal-2-Th.jpg', 'http://api.smugmug.com/services/embed/1610118174_n88JnL3?width=800&height=600', 2, '0000-00-00 00:00:00', '2012-09-11 23:18:56');
INSERT INTO `videos` VALUES(4, 'Adv Jazz Warm Up 2010-11', NULL, 0.1, 'http://tdapics.smugmug.com/Choreography-Videos/Adv-Jazz-Warm-Up-2010-11-1/Adv-Jazz-Warm-Up-Part-4/919130186_j7koe-Th.jpg', 'http://api.smugmug.com/services/embed/919130186_j7koe?width=800&height=600', 0, '0000-00-00 00:00:00', '2012-09-13 03:05:14');
INSERT INTO `videos` VALUES(5, 'I Know You Want Me', '', 0.1, 'http://tdapics.smugmug.com/Choreography-Videos/Twinkle-Star-Dance/i-mjXsxxx/2/Th/I-Know-You-Want-Me-Th.jpg', 'http://api.smugmug.com/services/embed/1657587136_mjXsxxx?width=800&height=600', 2, '0000-00-00 00:00:00', '0000-00-00 00:00:00');
INSERT INTO `videos` VALUES(6, 'I Know You Want Me', '&amp;nbsp;', 0.1, 'http://tdapics.smugmug.com/Choreography-Videos/Twinkle-Star-Dance/i-mjXsxxx/2/Th/I-Know-You-Want-Me-Th.jpg', 'http://api.smugmug.com/services/embed/1657587136_mjXsxxx?width=800&height=600', 1, '0000-00-00 00:00:00', '2012-10-24 14:00:11');
INSERT INTO `videos` VALUES(7, 'TB02 - Hokey Pokey and Twistin'' the Night Away Twinkle Babies Ages 2-3', 'TB02 - Hokey Pokey and Twistin'' the Night Away&lt;br /&gt;\r\nTwinkle Babies Ages 2-3&amp;trade; &lt;br /&gt;\r\nTap Movement&lt;br /&gt;\r\nSong 1: Hokey Pokey (Included in TSD)&lt;br /&gt;\r\nSong 2: Twistin'' the Night Away&lt;br /&gt;\r\nArtist: Sam Cooke - ITUNES&lt;br /&gt;\r\n&amp;copy; Twinkle Star Dance&amp;trade; &lt;br /&gt;\r\nAll Rights Reserved &lt;br /&gt;\r\n&lt;br /&gt;\r\nCostumeManager.com &amp;lt;a style=&amp;quot;color:#0000FF&amp;quot; href=&amp;quot;http://www.costumemanager.com/overview&amp;quot; target=&amp;quot;_blank&amp;quot;&amp;gt;overview video&amp;nbsp; &amp;lt;/a&amp;gt;. Register your studio today.&lt;br /&gt;\r\n&lt;br /&gt;\r\nClass Playlist: Twinkle Babies 2-3&amp;trade; &lt;br /&gt;\r\n&lt;br /&gt;\r\n1. Rockin&amp;rsquo; Pneumonia and the Boogie Woogie Flu - Everyone is a Star - Sugar Beats&lt;br /&gt;\r\n2. Hokey Pokey - Included in TSD&lt;br /&gt;\r\n3. Twistin&amp;rsquo; the Night Away - Sam Cooke&lt;br /&gt;\r\n4. Shuffles - Al Gilbert Tap One - Al Gilbert&lt;br /&gt;\r\n5. The Locomotion - Back to the Beat - Sugar Beats&lt;br /&gt;\r\n6. Twinkle Bear - Watch Me Kick - Children''s Dance Favorites Blue Series - Track #2 Kimbo Educational&lt;br /&gt;\r\n7. Twinkle Bear - Balance - Children''s Dance Favorites Blue Series - Track #3 Kimbo Educational&lt;br /&gt;\r\n8. Twinkle Bear - Skip - Children''s Dance Favorites Blue Series - Track #4 - Kimbo Educational&lt;br /&gt;\r\n9. Bunny Rabbit Blues - Children''s Dance Favorites Blue Series - Track #5 - Kimbo Educational&lt;br /&gt;\r\n10. Animal Action - Included in TSD Subscription&lt;br /&gt;\r\n11. Run, Walk, Skip - Included in TSD Subscription&lt;br /&gt;\r\n12. Freeze Dance - Included in TSD Subscription&lt;br /&gt;\r\n13. Pure Imagination - Glee - Glee Cast', 0.1, 'http://tdapics.smugmug.com/Choreography-Videos/Twinkle-Star-Dance/i-VTDPTzG/2/Ti/Hokey-Pokey-Ti.jpg', '://api.smugmug.com/services/embed/1703198828_VTDPTzG?width=800&height=600', 1, '2012-09-12 10:34:37', '2012-11-02 12:22:37');
INSERT INTO `videos` VALUES(8, 'TB01 - Rockin'' Pneumonia and Boogie Woogie Flu Twinkle Babies Ages 2-3', 'TB01 - Rockin'' Pneumonia and Boogie Woogie Flu&lt;br /&gt;\r\nTwinkle Babies Ages 2-3&amp;trade;&lt;br /&gt;\r\nTap Warm-up&lt;br /&gt;\r\nSong: Rockin'' Pneumonia and Boogie Woogie Flu&lt;br /&gt;\r\nAlbum:&amp;nbsp; Everyone is a Star &lt;br /&gt;\r\nArtist: Sugar Beats - ITUNES&lt;br /&gt;\r\n&amp;copy; Twinkle Star Dance&amp;trade; &lt;br /&gt;\r\nAll Rights Reserved &lt;br /&gt;\r\n&lt;br /&gt;\r\nCostumeManager.com &amp;lt;a style=&amp;quot;color:#0000FF&amp;quot; href=&amp;quot;http://www.costumemanager.com/overview&amp;quot; target=&amp;quot;_blank&amp;quot;&amp;gt;overview video&amp;nbsp; &amp;lt;/a&amp;gt;. Register your studio today.&lt;br /&gt;\r\n&lt;br /&gt;\r\nClass Playlist: Twinkle Babies 2-3&amp;trade; &lt;br /&gt;\r\n&lt;br /&gt;\r\n1. Rockin&amp;rsquo; Pneumonia and the Boogie Woogie Flu - Everyone is a Star - Sugar Beats&lt;br /&gt;\r\n2. Hokey Pokey - Included in TSD&lt;br /&gt;\r\n3. Twistin&amp;rsquo; the Night Away - Sam Cooke&lt;br /&gt;\r\n4. Shuffles - Al Gilbert Tap One - Al Gilbert&lt;br /&gt;\r\n5. The Locomotion - Back to the Beat - Sugar Beats&lt;br /&gt;\r\n6. Twinkle Bear - Watch Me Kick - Children''s Dance Favorites Blue Series - Track #2 Kimbo Educational&lt;br /&gt;\r\n7. Twinkle Bear - Balance - Children''s Dance Favorites Blue Series - Track #3 Kimbo Educational&lt;br /&gt;\r\n8. Twinkle Bear - Skip - Children''s Dance Favorites Blue Series - Track #4 - Kimbo Educational&lt;br /&gt;\r\n9. Bunny Rabbit Blues - Children''s Dance Favorites Blue Series - Track #5 - Kimbo Educational&lt;br /&gt;\r\n10. Animal Action - Included in TSD Subscription&lt;br /&gt;\r\n11. Run, Walk, Skip - Included in TSD Subscription&lt;br /&gt;\r\n12. Freeze Dance - Included in TSD Subscription&lt;br /&gt;\r\n13. Pure Imagination - Glee - Glee Cast', 0.1, 'http://tdapics.smugmug.com/Choreography-Videos/Twinkle-Star-Dance/i-Dfs323J/2/Th/Rocking-Phemonia-Tap-Warm-Up-Th.jpg', 'http://api.smugmug.com/services/embed/1702451169_Dfs323J?width=800&height=600', 1, '2012-09-12 10:48:32', '2012-11-02 12:22:50');
INSERT INTO `videos` VALUES(9, 'TB01a - Rockin'' Pneumonia and Boogie Woogie Flu Breakdown Twinkle Babies Ages 2-3', 'TB01a - Rockin'' Pneumonia and Boogie Woogie Flu Breakdown&lt;br /&gt;\r\nTwinkle Babies Ages 2-3&amp;trade;&lt;br /&gt;\r\nTap Warm-up&lt;br /&gt;\r\nSong: Rockin'' Pneumonia and Boogie Woogie Flu&lt;br /&gt;\r\nAlbum:&amp;nbsp; Everyone is a Star &lt;br /&gt;\r\nArtist: Sugar Beats - ITUNES&lt;br /&gt;\r\n&amp;copy; Twinkle Star Dance&amp;trade; &lt;br /&gt;\r\nAll Rights Reserved &lt;br /&gt;\r\n&lt;br /&gt;\r\nCostumeManager.com &amp;lt;a style=&amp;quot;color:#0000FF&amp;quot; href=&amp;quot;http://www.costumemanager.com/overview&amp;quot; target=&amp;quot;_blank&amp;quot;&amp;gt;overview video&amp;nbsp; &amp;lt;/a&amp;gt;. Register your studio today.&lt;br /&gt;\r\n&lt;br /&gt;\r\nClass Playlist: Twinkle Babies 2-3&amp;trade; &lt;br /&gt;\r\n&lt;br /&gt;\r\n1. Rockin&amp;rsquo; Pneumonia and the Boogie Woogie Flu - Everyone is a Star - Sugar Beats&lt;br /&gt;\r\n2. Hokey Pokey - Included in TSD&lt;br /&gt;\r\n3. Twistin&amp;rsquo; the Night Away - Sam Cooke&lt;br /&gt;\r\n4. Shuffles - Al Gilbert Tap One - Al Gilbert&lt;br /&gt;\r\n5. The Locomotion - Back to the Beat - Sugar Beats&lt;br /&gt;\r\n6. Twinkle Bear - Watch Me Kick - Children''s Dance Favorites Blue Series - Track #2 Kimbo Educational&lt;br /&gt;\r\n7. Twinkle Bear - Balance - Children''s Dance Favorites Blue Series - Track #3 Kimbo Educational&lt;br /&gt;\r\n8. Twinkle Bear - Skip - Children''s Dance Favorites Blue Series - Track #4 - Kimbo Educational&lt;br /&gt;\r\n9. Bunny Rabbit Blues - Children''s Dance Favorites Blue Series - Track #5 - Kimbo Educational&lt;br /&gt;\r\n10. Animal Action - Included in TSD Subscription&lt;br /&gt;\r\n11. Run, Walk, Skip - Included in TSD Subscription&lt;br /&gt;\r\n12. Freeze Dance - Included in TSD Subscription&lt;br /&gt;\r\n13. Pure Imagination - Glee - Glee Cast', 0.1, 'http://tdapics.smugmug.com/Choreography-Videos/Twinkle-Star-Dance/i-mmnr6VQ/1/Th/Breakdown-Rockin-Pneumonia-Th.jpg', 'http://api.smugmug.com/services/embed/1705722456_mmnr6VQ?width=800&height=600', 1, '2012-09-12 10:50:00', '2012-11-02 12:22:59');
INSERT INTO `videos` VALUES(10, 'SSHH05 - Hip-Hop Skills ShowSTARS Hip-Hop Tricks and Skills', 'SSHH05 - Hip-Hop Skills&lt;br /&gt;\r\nShowSTARS&amp;trade; Hip-Hop Tricks and Skills&lt;br /&gt;\r\n&amp;copy; Twinkle Star Dance&amp;trade;&lt;br /&gt;\r\nAll Rights Reserved.&lt;br /&gt;\r\n&lt;br /&gt;\r\nCostumeManager.com &amp;lt;a style=&amp;quot;color:#0000FF&amp;quot; href=&amp;quot;http://www.costumemanager.com/overview&amp;quot; target=&amp;quot;_blank&amp;quot;&amp;gt;overview video&amp;nbsp; &amp;lt;/a&amp;gt;. Register your studio today.', 0.1, 'http://tdapics.smugmug.com/Choreography-Videos/Twinkle-Star-Dance/i-xLzwrz9/1/Th/Hip-Hop-Skills-Th.jpg', 'http://api.smugmug.com/services/embed/1761560700_xLzwrz9?width=800&height=600', 1, '2012-09-17 14:49:12', '2012-11-05 13:15:32');
INSERT INTO `videos` VALUES(11, 'SSHH01 - Breathe, Stretch, Shake ShowSTARS Hip-Hop Warm up Ages 6-9', 'SSHH01 - Breathe, Stretch, Shake&lt;br /&gt;\r\nShowSTARS&amp;trade; Hip-Hop Warm up Ages 6-9&lt;br /&gt;\r\nSong: Breathe, Stretch, Shake&lt;br /&gt;\r\nArtist: Mase&lt;br /&gt;\r\nAlbum: ITUNES&lt;br /&gt;\r\n&amp;copy; Twinkle Star Dance&amp;trade;&lt;br /&gt;\r\nAll Rights Reserved.&lt;br /&gt;\r\n&lt;br /&gt;\r\nCostumeManager.com &amp;lt;a style=&amp;quot;color:#0000FF&amp;quot; href=&amp;quot;http://www.costumemanager.com/overview&amp;quot; target=&amp;quot;_blank&amp;quot;&amp;gt;overview video&amp;nbsp; &amp;lt;/a&amp;gt;. Register your studio today.', 0.1, 'http://tdapics.smugmug.com/Choreography-Videos/Twinkle-Star-Dance/i-dfXRvDM/1/Th/Breathe-Stretch-Shake-Hip-Hop-Th.jpg', 'http://api.smugmug.com/services/embed/1763007055_dfXRvDM?width=800&height=600', 1, '2012-09-17 14:50:58', '2012-11-05 13:15:22');
INSERT INTO `videos` VALUES(12, '01-Ballet Walks and Marches ages 5-7', 'Class Training\r\nShowSTARS Ballet\r\n01-Ballet Walks and Marches ages 5-7\r\nTwinkle Star Dance\r\n 2012 Tiffany''s Dance Academy, Inc. \r\nAll Rights Reserved \r\n\r\nCostumeManager.com &lt;a style=&quot;color:#0000FF&quot; href=&quot;http://www.costumemanager.com/overview&quot; target=&quot;_blank&quot;&gt;overview video  &lt;/a&gt;. Register your studio today.', 0.1, 'http://tdapics.smugmug.com/Choreography-Videos/Twinkle-Star-Dance/i-5JPXg8f/1/Th/Ballet-Ballet-Walks-and-Th.jpg', 'http://api.smugmug.com/services/embed/1769091321_5JPXg8f?width=800&height=600', 1, '2012-09-17 14:52:14', '2012-09-18 02:01:19');
INSERT INTO `videos` VALUES(13, '02-Ballet Foot Warmups &amp; Plies ages 5-7', 'Class Training\r\nShowSTARS Ballet\r\n02-Ballet Foot Warmups &amp; Plies\r\nTwinkle Star Dance\r\n 2012 Tiffany''s Dance Academy, Inc. \r\nAll Rights Reserved \r\n\r\nCostumeManager.com &lt;a style=&quot;color:#0000FF&quot; href=&quot;http://www.costumemanager.com/overview&quot; target=&quot;_blank&quot;&gt;overview video  &lt;/a&gt;. Register your studio today.', 0.1, 'http://tdapics.smugmug.com/Choreography-Videos/Twinkle-Star-Dance/i-X4SwSBt/1/Th/Ballet-Foot-Warmups-and-Plies-Th.jpg', 'http://api.smugmug.com/services/embed/1768249258_X4SwSB?width=800&height=600', 1, '2012-09-17 14:53:24', '2012-09-17 14:53:57');
INSERT INTO `videos` VALUES(14, '03-Ballet -Dgag', 'Class Training\r\nShowSTARS Ballet\r\n03-Ballet -Dgag\r\nTwinkle Star Dance\r\n 2012 Tiffany''s Dance Academy, Inc. \r\nAll Rights Reserved \r\n\r\nCostumeManager.com &lt;a style=&quot;color:#0000FF&quot; href=&quot;http://www.costumemanager.com/overview&quot; target=&quot;_blank&quot;&gt;overview video  &lt;/a&gt;. Register your studio today.', 0.1, 'http://tdapics.smugmug.com/Choreography-Videos/Twinkle-Star-Dance/i-5T38kjF/1/Th/Ballet-Degage-5-7-Th.jpg', 'http://api.smugmug.com/services/embed/1769006094_5T38kjF?width=800&height=600', 1, '2012-09-17 14:55:41', '2012-09-18 02:01:01');
INSERT INTO `videos` VALUES(15, '04-Ballet - Foot Warmup in parallel and first for ages 7-9', 'Class Training\r\nShowSTARS Ballet\r\n04-Ballet - Foot Warmup in parallel and first for ages 7-9\r\nTwinkle Star Dance\r\n 2012 Tiffany''s Dance Academy, Inc. \r\nAll Rights Reserved \r\n\r\nCostumeManager.com &lt;a style=&quot;color:#0000FF&quot; href=&quot;http://www.costumemanager.com/overview&quot; target=&quot;_blank&quot;&gt;overview video  &lt;/a&gt;. Register your studio today.', 0.1, 'http://tdapics.smugmug.com/Choreography-Videos/Twinkle-Star-Dance/i-r9hmn92/1/Th/Foot-Warmup-Parallel-First-7-9-Th.jpg', 'http://api.smugmug.com/services/embed/1769019622_r9hmn92?width=800&height=600', 1, '2012-09-17 14:56:57', '2012-09-18 02:00:51');
INSERT INTO `videos` VALUES(16, '05-Ballet - Plie, Degage, Releve, Saute', 'Class Training\r\nShowSTARS Ballet\r\n05-Ballet - Plie, Degage, Releve, Saute\r\nTwinkle Star Dance\r\n 2012 Tiffany''s Dance Academy, Inc. \r\nAll Rights Reserved \r\n\r\nCostumeManager.com &lt;a style=&quot;color:#0000FF&quot; href=&quot;http://www.costumemanager.com/overview&quot; target=&quot;_blank&quot;&gt;overview video  &lt;/a&gt;. Register your studio today.', 0.1, 'http://tdapics.smugmug.com/Choreography-Videos/Twinkle-Star-Dance/i-VHZMpPk/1/Th/Ballet-Plie-Degage-Releve-Th.jpg', 'http://api.smugmug.com/services/embed/1769061408_VHZMpPk?width=800&height=600', 1, '2012-09-17 14:58:28', '2012-09-18 02:00:41');
INSERT INTO `videos` VALUES(17, '06-Ballet - Reverence', 'Class Training\r\nShowSTARS Ballet\r\n06-Ballet - Reverence\r\nTwinkle Star Dance\r\n 2012 Tiffany''s Dance Academy, Inc. \r\nAll Rights Reserved \r\n\r\nCostumeManager.com &lt;a style=&quot;color:#0000FF&quot; href=&quot;http://www.costumemanager.com/overview&quot; target=&quot;_blank&quot;&gt;overview video  &lt;/a&gt;. Register your studio today.', 0.1, 'http://tdapics.smugmug.com/Choreography-Videos/Twinkle-Star-Dance/i-dknWBbQ/1/Ti/Ballet-Reverence-Ti.jpg', 'http://api.smugmug.com/services/embed/1769091603_dknWBbQ?width=800&height=600', 1, '2012-09-17 14:59:59', '2012-09-18 02:00:28');
INSERT INTO `videos` VALUES(18, 'TB02a - Hokey Pokey and Twistin'' the Night Away - Breakdown Twinkle Babies Ages 2-3', 'TB02a - Hokey Pokey and Twistin'' the Night Away - Breakdown&lt;br /&gt;\r\nTwinkle Babies Ages 2-3&amp;trade; &lt;br /&gt;\r\nTap Movement&lt;br /&gt;\r\nSong 1: Hokey Pokey (Included in TSD)&lt;br /&gt;\r\nSong 2: Twistin'' the Night Away&lt;br /&gt;\r\nArtist: Sam Cooke - ITUNES&lt;br /&gt;\r\n&amp;copy; Twinkle Star Dance&amp;trade; &lt;br /&gt;\r\nAll Rights Reserved &lt;br /&gt;\r\n&amp;nbsp;&lt;br /&gt;\r\nCostumeManager.com &amp;lt;a style=&amp;quot;color:#0000FF&amp;quot; href=&amp;quot;http://www.costumemanager.com/overview&amp;quot; target=&amp;quot;_blank&amp;quot;&amp;gt;overview video&amp;nbsp; &amp;lt;/a&amp;gt;. Register your studio today.&lt;br /&gt;\r\n&lt;br /&gt;\r\nClass Playlist: Twinkle Babies 2-3&amp;trade; &lt;br /&gt;\r\n&lt;br /&gt;\r\n1. Rockin&amp;rsquo; Pneumonia and the Boogie Woogie Flu - Everyone is a Star - Sugar Beats&lt;br /&gt;\r\n2. Hokey Pokey - Included in TSD&lt;br /&gt;\r\n3. Twistin&amp;rsquo; the Night Away - Sam Cooke&lt;br /&gt;\r\n4. Shuffles - Al Gilbert Tap One - Al Gilbert&lt;br /&gt;\r\n5. The Locomotion - Back to the Beat - Sugar Beats&lt;br /&gt;\r\n6. Twinkle Bear - Watch Me Kick - Children''s Dance Favorites Blue Series - Track #2 Kimbo Educational&lt;br /&gt;\r\n7. Twinkle Bear - Balance - Children''s Dance Favorites Blue Series - Track #3 Kimbo Educational&lt;br /&gt;\r\n8. Twinkle Bear - Skip - Children''s Dance Favorites Blue Series - Track #4 - Kimbo Educational&lt;br /&gt;\r\n9. Bunny Rabbit Blues - Children''s Dance Favorites Blue Series - Track #5 - Kimbo Educational&lt;br /&gt;\r\n10. Animal Action - Included in TSD Subscription&lt;br /&gt;\r\n11. Run, Walk, Skip - Included in TSD Subscription&lt;br /&gt;\r\n12. Freeze Dance - Included in TSD Subscription&lt;br /&gt;\r\n13. Pure Imagination - Glee - Glee Cast&lt;br /&gt;', 0.1, 'http://tdapics.smugmug.com/Choreography-Videos/Twinkle-Star-Dance/i-GNgkh7M/1/Th/Breakdown-Hokey-Pokey-Th.jpg', 'http://api.smugmug.com/services/embed/1706064996_GNgkh7M?width=800&height=600', 1, '2012-09-18 15:08:19', '2012-11-02 12:22:09');
INSERT INTO `videos` VALUES(19, 'TB03 - Twinkle Tap Barre Work/Technique Twinkle Babies Ages 2-3', 'TB03 - Twinkle Tap Barre Work/ Technique&lt;br /&gt;\r\nTwinkle Babies Ages 2-3&amp;trade;&lt;br /&gt;\r\nTap Barre&lt;br /&gt;\r\nSong: Shuffles&lt;br /&gt;\r\nAlbum:&amp;nbsp; Al Gilbert Tap One&lt;br /&gt;\r\nArtist: Al Gilbert - musicworksunlimited.com&lt;br /&gt;\r\n&amp;copy; Twinkle Star Dance&amp;trade; &lt;br /&gt;\r\nAll Rights Reserved &lt;br /&gt;\r\n&lt;br /&gt;\r\nCostumeManager.com &amp;lt;a style=&amp;quot;color:#0000FF&amp;quot; href=&amp;quot;http://www.costumemanager.com/overview&amp;quot; target=&amp;quot;_blank&amp;quot;&amp;gt;overview video&amp;nbsp; &amp;lt;/a&amp;gt;. Register your studio today.&lt;br /&gt;\r\n&lt;br /&gt;\r\nClass Playlist: Twinkle Babies 2-3&amp;trade; &lt;br /&gt;\r\n&lt;br /&gt;\r\n1. Rockin&amp;rsquo; Pneumonia and the Boogie Woogie Flu - Everyone is a Star - Sugar Beats&lt;br /&gt;\r\n2. Hokey Pokey - Included in TSD&lt;br /&gt;\r\n3. Twistin&amp;rsquo; the Night Away - Sam Cooke&lt;br /&gt;\r\n4. Shuffles - Al Gilbert Tap One - Al Gilbert&lt;br /&gt;\r\n5. The Locomotion - Back to the Beat - Sugar Beats&lt;br /&gt;\r\n6. Twinkle Bear - Watch Me Kick - Children''s Dance Favorites Blue Series - Track #2 Kimbo Educational&lt;br /&gt;\r\n7. Twinkle Bear - Balance - Children''s Dance Favorites Blue Series - Track #3 Kimbo Educational&lt;br /&gt;\r\n8. Twinkle Bear - Skip - Children''s Dance Favorites Blue Series - Track #4 - Kimbo Educational&lt;br /&gt;\r\n9. Bunny Rabbit Blues - Children''s Dance Favorites Blue Series - Track #5 - Kimbo Educational&lt;br /&gt;\r\n10. Animal Action - Included in TSD Subscription&lt;br /&gt;\r\n11. Run, Walk, Skip - Included in TSD Subscription&lt;br /&gt;\r\n12. Freeze Dance - Included in TSD Subscription&lt;br /&gt;\r\n13. Pure Imagination - Glee - Glee Cast', 0.1, 'http://tdapics.smugmug.com/Choreography-Videos/Twinkle-Star-Dance/i-khH2Pd8/2/Th/Tap-Barre-Th.jpg', 'http://api.smugmug.com/services/embed/1703757448_khH2Pd8?width=800&height=600', 1, '2012-09-18 15:09:38', '2012-11-02 12:21:55');
INSERT INTO `videos` VALUES(20, 'TB04 - Locomotion: Choo Choo Train Twinkle Babies Ages 2-3', 'TB04 - Locomotion: Choo Choo Train&lt;br /&gt;\r\nTwinkle Babies Ages 2-3&amp;trade;&lt;br /&gt;\r\nTap Movement&lt;br /&gt;\r\nSong: The Locomotion&lt;br /&gt;\r\nAlbum:&amp;nbsp; Back to the Beat&lt;br /&gt;\r\nArtist: Sugar Beats - ITUNES&lt;br /&gt;\r\n&amp;copy; Twinkle Star Dance&amp;trade; &lt;br /&gt;\r\nAll Rights Reserved &lt;br /&gt;\r\n&lt;br /&gt;\r\nCostumeManager.com &amp;lt;a style=&amp;quot;color:#0000FF&amp;quot; href=&amp;quot;http://www.costumemanager.com/overview&amp;quot; target=&amp;quot;_blank&amp;quot;&amp;gt;overview video&amp;nbsp; &amp;lt;/a&amp;gt;. Register your studio today.&lt;br /&gt;\r\n&lt;br /&gt;\r\nClass Playlist: Twinkle Babies 2-3&amp;trade; &lt;br /&gt;\r\n&lt;br /&gt;\r\n1. Rockin&amp;rsquo; Pneumonia and the Boogie Woogie Flu - Everyone is a Star - Sugar Beats&lt;br /&gt;\r\n2. Hokey Pokey - Included in TSD&lt;br /&gt;\r\n3. Twistin&amp;rsquo; the Night Away - Sam Cooke&lt;br /&gt;\r\n4. Shuffles - Al Gilbert Tap One - Al Gilbert&lt;br /&gt;\r\n5. The Locomotion - Back to the Beat - Sugar Beats&lt;br /&gt;\r\n6. Twinkle Bear - Watch Me Kick - Children''s Dance Favorites Blue Series - Track #2 Kimbo Educational&lt;br /&gt;\r\n7. Twinkle Bear - Balance - Children''s Dance Favorites Blue Series - Track #3 Kimbo Educational&lt;br /&gt;\r\n8. Twinkle Bear - Skip - Children''s Dance Favorites Blue Series - Track #4 - Kimbo Educational&lt;br /&gt;\r\n9. Bunny Rabbit Blues - Children''s Dance Favorites Blue Series - Track #5 - Kimbo Educational&lt;br /&gt;\r\n10. Animal Action - Included in TSD Subscription&lt;br /&gt;\r\n11. Run, Walk, Skip - Included in TSD Subscription&lt;br /&gt;\r\n12. Freeze Dance - Included in TSD Subscription&lt;br /&gt;\r\n13. Pure Imagination - Glee - Glee Cast', 0.1, 'http://tdapics.smugmug.com/Choreography-Videos/Twinkle-Star-Dance/i-2XDpVrp/1/Th/Locomotion-Choo-Choo-Train-Th.jpg', 'http://api.smugmug.com/services/embed/1704509855_2XDpVrp?width=800&height=600', 1, '2012-09-18 15:10:43', '2012-11-02 12:21:42');
INSERT INTO `videos` VALUES(21, 'TB05 - Twinkle Bears Ballet Twinkle Babies Ages 2-3', 'TB05 - Twinkle Bears Ballet&lt;br /&gt;\r\nTwinkle Babies Ages 2-3&amp;trade;&lt;br /&gt;\r\nBallet Center Movement&lt;br /&gt;\r\nSong 1: Watch Me Kick&lt;br /&gt;\r\nSong 2: Balance&lt;br /&gt;\r\nSong 3: Skip&lt;br /&gt;\r\nAlbum:&amp;nbsp; Children''s Dance Favorites Blue Series&lt;br /&gt;\r\nArtist: Kimbo Educational - kimboed.com&lt;br /&gt;\r\n&amp;copy; Twinkle Star Dance&amp;trade; &lt;br /&gt;\r\nAll Rights Reserved &lt;br /&gt;\r\n&lt;br /&gt;\r\nCostumeManager.com &amp;lt;a style=&amp;quot;color:#0000FF&amp;quot; href=&amp;quot;http://www.costumemanager.com/overview&amp;quot; target=&amp;quot;_blank&amp;quot;&amp;gt;overview video&amp;nbsp; &amp;lt;/a&amp;gt;. Register your studio today.&lt;br /&gt;\r\n&lt;br /&gt;\r\nClass Playlist: Twinkle Babies 2-3&amp;trade; &lt;br /&gt;\r\n&lt;br /&gt;\r\n1. Rockin&amp;rsquo; Pneumonia and the Boogie Woogie Flu - Everyone is a Star - Sugar Beats&lt;br /&gt;\r\n2. Hokey Pokey - Included in TSD&lt;br /&gt;\r\n3. Twistin&amp;rsquo; the Night Away - Sam Cooke&lt;br /&gt;\r\n4. Shuffles - Al Gilbert Tap One - Al Gilbert&lt;br /&gt;\r\n5. The Locomotion - Back to the Beat - Sugar Beats&lt;br /&gt;\r\n6. Twinkle Bear - Watch Me Kick - Children''s Dance Favorites Blue Series - Track #2 Kimbo Educational&lt;br /&gt;\r\n7. Twinkle Bear - Balance - Children''s Dance Favorites Blue Series - Track #3 Kimbo Educational&lt;br /&gt;\r\n8. Twinkle Bear - Skip - Children''s Dance Favorites Blue Series - Track #4 - Kimbo Educational&lt;br /&gt;\r\n9. Bunny Rabbit Blues - Children''s Dance Favorites Blue Series - Track #5 - Kimbo Educational&lt;br /&gt;\r\n10. Animal Action - Included in TSD Subscription&lt;br /&gt;\r\n11. Run, Walk, Skip - Included in TSD Subscription&lt;br /&gt;\r\n12. Freeze Dance - Included in TSD Subscription&lt;br /&gt;\r\n13. Pure Imagination - Glee - Glee Cast&lt;br /&gt;', 0.1, 'http://tdapics.smugmug.com/Choreography-Videos/Twinkle-Star-Dance/i-6QDN9PQ/2/Th/Twinkle-Bear-Ballet-Center-Th.jpg', 'http://api.smugmug.com/services/embed/1703368930_6QDN9PQ?width=800&height=600', 1, '2012-09-18 15:12:18', '2012-11-02 12:21:28');
INSERT INTO `videos` VALUES(22, 'TB06 - Animal Action Twinkle Babies Ages 2-3', 'TB06 - Animal Action&lt;br /&gt;\r\nTwinkle Babies Ages 2-3&amp;trade;&lt;br /&gt;\r\nBallet Center Movement&lt;br /&gt;\r\nSong: Animal Action (Included in TSD)&lt;br /&gt;\r\nAlbum:&amp;nbsp; Kids on the Move&lt;br /&gt;\r\nArtist: Greg and Steve - Amazon MP3&lt;br /&gt;\r\n&amp;copy; Twinkle Star Dance&amp;trade; &lt;br /&gt;\r\nAll Rights Reserved &lt;br /&gt;\r\n&lt;br /&gt;\r\nCostumeManager.com &amp;lt;a style=&amp;quot;color:#0000FF&amp;quot; href=&amp;quot;http://www.costumemanager.com/overview&amp;quot; target=&amp;quot;_blank&amp;quot;&amp;gt;overview video&amp;nbsp; &amp;lt;/a&amp;gt;. Register your studio today.&lt;br /&gt;\r\n&lt;br /&gt;\r\nClass Playlist: Twinkle Babies 2-3&amp;trade; &lt;br /&gt;\r\n&lt;br /&gt;\r\n1. Rockin&amp;rsquo; Pneumonia and the Boogie Woogie Flu - Everyone is a Star - Sugar Beats&lt;br /&gt;\r\n2. Hokey Pokey - Included in TSD&lt;br /&gt;\r\n3. Twistin&amp;rsquo; the Night Away - Sam Cooke&lt;br /&gt;\r\n4. Shuffles - Al Gilbert Tap One - Al Gilbert&lt;br /&gt;\r\n5. The Locomotion - Back to the Beat - Sugar Beats&lt;br /&gt;\r\n6. Twinkle Bear - Watch Me Kick - Children''s Dance Favorites Blue Series - Track #2 Kimbo Educational&lt;br /&gt;\r\n7. Twinkle Bear - Balance - Children''s Dance Favorites Blue Series - Track #3 Kimbo Educational&lt;br /&gt;\r\n8. Twinkle Bear - Skip - Children''s Dance Favorites Blue Series - Track #4 - Kimbo Educational&lt;br /&gt;\r\n9. Bunny Rabbit Blues - Children''s Dance Favorites Blue Series - Track #5 - Kimbo Educational&lt;br /&gt;\r\n10. Animal Action - Included in TSD Subscription&lt;br /&gt;\r\n11. Run, Walk, Skip - Included in TSD Subscription&lt;br /&gt;\r\n12. Freeze Dance - Included in TSD Subscription&lt;br /&gt;\r\n13. Pure Imagination - Glee - Glee Cast', 0.1, 'http://tdapics.smugmug.com/Choreography-Videos/Twinkle-Star-Dance/i-LZRJWVr/2/Th/Animal-Action-Th.jpg', 'http://api.smugmug.com/services/embed/1703069615_LZRJWVr?width=800&height=600', 1, '2012-09-18 15:13:13', '2012-11-02 12:21:14');
INSERT INTO `videos` VALUES(23, 'TB06a - Animal Action - Breakdown Twinkle Babies Ages 2-3', 'TB06a - Animal Action - Breakdown&lt;br /&gt;\r\nTwinkle Babies Ages 2-3&amp;trade;&lt;br /&gt;\r\nBallet Center Movement&lt;br /&gt;\r\nSong: Animal Action (Included in TSD)&lt;br /&gt;\r\nAlbum:&amp;nbsp; Kids on the Move&lt;br /&gt;\r\nArtist: Greg and Steve - Amazon MP3&lt;br /&gt;\r\n&amp;copy; Twinkle Star Dance&amp;trade; &lt;br /&gt;\r\nAll Rights Reserved &lt;br /&gt;\r\n&lt;br /&gt;\r\nCostumeManager.com &amp;lt;a style=&amp;quot;color:#0000FF&amp;quot; href=&amp;quot;http://www.costumemanager.com/overview&amp;quot; target=&amp;quot;_blank&amp;quot;&amp;gt;overview video&amp;nbsp; &amp;lt;/a&amp;gt;. Register your studio today.&lt;br /&gt;\r\n&lt;br /&gt;\r\nClass Playlist: Twinkle Babies 2-3&amp;trade; &lt;br /&gt;\r\n&lt;br /&gt;\r\n1. Rockin&amp;rsquo; Pneumonia and the Boogie Woogie Flu - Everyone is a Star - Sugar Beats&lt;br /&gt;\r\n2. Hokey Pokey - Included in TSD&lt;br /&gt;\r\n3. Twistin&amp;rsquo; the Night Away - Sam Cooke&lt;br /&gt;\r\n4. Shuffles - Al Gilbert Tap One - Al Gilbert&lt;br /&gt;\r\n5. The Locomotion - Back to the Beat - Sugar Beats&lt;br /&gt;\r\n6. Twinkle Bear - Watch Me Kick - Children''s Dance Favorites Blue Series - Track #2 Kimbo Educational&lt;br /&gt;\r\n7. Twinkle Bear - Balance - Children''s Dance Favorites Blue Series - Track #3 Kimbo Educational&lt;br /&gt;\r\n8. Twinkle Bear - Skip - Children''s Dance Favorites Blue Series - Track #4 - Kimbo Educational&lt;br /&gt;\r\n9. Bunny Rabbit Blues - Children''s Dance Favorites Blue Series - Track #5 - Kimbo Educational&lt;br /&gt;\r\n10. Animal Action - Included in TSD Subscription&lt;br /&gt;\r\n11. Run, Walk, Skip - Included in TSD Subscription&lt;br /&gt;\r\n12. Freeze Dance - Included in TSD Subscription&lt;br /&gt;\r\n13. Pure Imagination - Glee - Glee Cast', 0.1, 'http://tdapics.smugmug.com/Choreography-Videos/Twinkle-Star-Dance/i-W5rNxN9/1/Th/Breakdown-Animal-Action-Th.jpg', 'http://api.smugmug.com/services/embed/1706115293_W5rNxN9?width=800&height=600', 1, '2012-09-18 15:14:31', '2012-11-02 12:21:01');
INSERT INTO `videos` VALUES(24, 'TB07 - Walk, Run, Skip Twinkle Babies Ages 2-3', 'TB07 - Walk, Run, Skip&lt;br /&gt;\r\nTwinkle Babies Ages 2-3&amp;trade;&lt;br /&gt;\r\nBallet Center Movement&lt;br /&gt;\r\nSong: Walk, Run, Skip (Included in TSD)&lt;br /&gt;\r\n&amp;copy; Twinkle Star Dance&amp;trade; &lt;br /&gt;\r\nAll Rights Reserved &lt;br /&gt;\r\n&lt;br /&gt;\r\nCostumeManager.com &amp;lt;a style=&amp;quot;color:#0000FF&amp;quot; href=&amp;quot;http://www.costumemanager.com/overview&amp;quot; target=&amp;quot;_blank&amp;quot;&amp;gt;overview video&amp;nbsp; &amp;lt;/a&amp;gt;. Register your studio today.&lt;br /&gt;\r\n&lt;br /&gt;\r\nClass Playlist: Twinkle Babies 2-3&amp;trade; &lt;br /&gt;\r\n&lt;br /&gt;\r\n1. Rockin&amp;rsquo; Pneumonia and the Boogie Woogie Flu - Everyone is a Star - Sugar Beats&lt;br /&gt;\r\n2. Hokey Pokey - Included in TSD&lt;br /&gt;\r\n3. Twistin&amp;rsquo; the Night Away - Sam Cooke&lt;br /&gt;\r\n4. Shuffles - Al Gilbert Tap One - Al Gilbert&lt;br /&gt;\r\n5. The Locomotion - Back to the Beat - Sugar Beats&lt;br /&gt;\r\n6. Twinkle Bear - Watch Me Kick - Children''s Dance Favorites Blue Series - Track #2 Kimbo Educational&lt;br /&gt;\r\n7. Twinkle Bear - Balance - Children''s Dance Favorites Blue Series - Track #3 Kimbo Educational&lt;br /&gt;\r\n8. Twinkle Bear - Skip - Children''s Dance Favorites Blue Series - Track #4 - Kimbo Educational&lt;br /&gt;\r\n9. Bunny Rabbit Blues - Children''s Dance Favorites Blue Series - Track #5 - Kimbo Educational&lt;br /&gt;\r\n10. Animal Action - Included in TSD Subscription&lt;br /&gt;\r\n11. Run, Walk, Skip - Included in TSD Subscription&lt;br /&gt;\r\n12. Freeze Dance - Included in TSD Subscription&lt;br /&gt;\r\n13. Pure Imagination - Glee - Glee Cast', 0.1, 'http://tdapics.smugmug.com/Choreography-Videos/Twinkle-Star-Dance/i-G5HZk9s/1/Th/Walk-Run-Skip-Th.jpg', 'http://api.smugmug.com/services/embed/1704915843_G5HZk9s?width=800&height=600', 1, '2012-09-18 15:15:26', '2012-11-02 12:20:35');
INSERT INTO `videos` VALUES(25, 'TB08 - Freeze Dance Twinkle Babies Ages 2-3', 'TB08a - Freeze Dance&lt;br /&gt;\r\nTwinkle Babies Ages 2-3&amp;trade;&lt;br /&gt;\r\nBallet Center Movement&lt;br /&gt;\r\nSong: Freeze Dance (Included in TSD)&lt;br /&gt;\r\nAlbum:&amp;nbsp; Kids on the Move&lt;br /&gt;\r\nArtist: Greg and Steve - Amazon MP3&lt;br /&gt;\r\n&amp;copy; Twinkle Star Dance&amp;trade; &lt;br /&gt;\r\nAll Rights Reserved &lt;br /&gt;\r\n&lt;br /&gt;\r\nCostumeManager.com &amp;lt;a style=&amp;quot;color:#0000FF&amp;quot; href=&amp;quot;http://www.costumemanager.com/overview&amp;quot; target=&amp;quot;_blank&amp;quot;&amp;gt;overview video&amp;nbsp; &amp;lt;/a&amp;gt;. Register your studio today.&lt;br /&gt;\r\n&lt;br /&gt;\r\nClass Playlist: Twinkle Babies Ages 2-3&amp;trade;&lt;br /&gt;\r\n&lt;br /&gt;\r\n1. Rockin&amp;rsquo; Pneumonia and the Boogie Woogie Flu - Everyone is a Star - Sugar Beats&lt;br /&gt;\r\n2. Hokey Pokey - Included in TSD&lt;br /&gt;\r\n3. Twistin&amp;rsquo; the Night Away - Sam Cooke&lt;br /&gt;\r\n4. Shuffles - Al Gilbert Tap One - Al Gilbert&lt;br /&gt;\r\n5. The Locomotion - Back to the Beat - Sugar Beats&lt;br /&gt;\r\n6. Twinkle Bear - Watch Me Kick - Children''s Dance Favorites Blue Series - Track #2 Kimbo Educational&lt;br /&gt;\r\n7. Twinkle Bear - Balance - Children''s Dance Favorites Blue Series - Track #3 Kimbo Educational&lt;br /&gt;\r\n8. Twinkle Bear - Skip - Children''s Dance Favorites Blue Series - Track #4 - Kimbo Educational&lt;br /&gt;\r\n9. Bunny Rabbit Blues - Children''s Dance Favorites Blue Series - Track #5 - Kimbo Educational&lt;br /&gt;\r\n10. Animal Action - Included in TSD Subscription&lt;br /&gt;\r\n11. Run, Walk, Skip - Included in TSD Subscription&lt;br /&gt;\r\n12. Freeze Dance - Included in TSD Subscription&lt;br /&gt;\r\n13. Pure Imagination - Glee - Glee Cast', 0.1, 'http://tdapics.smugmug.com/Choreography-Videos/Twinkle-Star-Dance/i-8FdDxcJ/1/Th/Freeze-Dance-Th.jpg', 'http://api.smugmug.com/services/embed/1704992817_8FdDxcJ?width=800&height=600', 1, '2012-09-18 15:16:35', '2012-11-02 12:20:23');
INSERT INTO `videos` VALUES(26, 'TB08 - Freeze Dance Twinkle Babies Ages 2-3', 'TB08 - Freeze Dance&lt;br /&gt;\r\nTwinkle Babies Ages 2-3&amp;trade;&lt;br /&gt;\r\nBallet Center Movement&lt;br /&gt;\r\nSong: Freeze Dance (Included in TSD)&lt;br /&gt;\r\nAlbum:&amp;nbsp; Kids on the Move&lt;br /&gt;\r\nArtist: Greg and Steve - Amazon MP3&lt;br /&gt;\r\n&amp;copy; Twinkle Star Dance&amp;trade; &lt;br /&gt;\r\nAll Rights Reserved &lt;br /&gt;\r\n&lt;br /&gt;\r\nCostumeManager.com &amp;lt;a style=&amp;quot;color:#0000FF&amp;quot; href=&amp;quot;http://www.costumemanager.com/overview&amp;quot; target=&amp;quot;_blank&amp;quot;&amp;gt;overview video&amp;nbsp; &amp;lt;/a&amp;gt;. Register your studio today.&lt;br /&gt;\r\n&lt;br /&gt;\r\nClass Playlist: Twinkle Babies 2-3&amp;trade; &lt;br /&gt;\r\n&lt;br /&gt;\r\n1. Rockin&amp;rsquo; Pneumonia and the Boogie Woogie Flu - Everyone is a Star - Sugar Beats&lt;br /&gt;\r\n2. Hokey Pokey - Included in TSD&lt;br /&gt;\r\n3. Twistin&amp;rsquo; the Night Away - Sam Cooke&lt;br /&gt;\r\n4. Shuffles - Al Gilbert Tap One - Al Gilbert&lt;br /&gt;\r\n5. The Locomotion - Back to the Beat - Sugar Beats&lt;br /&gt;\r\n6. Twinkle Bear - Watch Me Kick - Children''s Dance Favorites Blue Series - Track #2 Kimbo Educational&lt;br /&gt;\r\n7. Twinkle Bear - Balance - Children''s Dance Favorites Blue Series - Track #3 Kimbo Educational&lt;br /&gt;\r\n8. Twinkle Bear - Skip - Children''s Dance Favorites Blue Series - Track #4 - Kimbo Educational&lt;br /&gt;\r\n9. Bunny Rabbit Blues - Children''s Dance Favorites Blue Series - Track #5 - Kimbo Educational&lt;br /&gt;\r\n10. Animal Action - Included in TSD Subscription&lt;br /&gt;\r\n11. Run, Walk, Skip - Included in TSD Subscription&lt;br /&gt;\r\n12. Freeze Dance - Included in TSD Subscription&lt;br /&gt;\r\n13. Pure Imagination - Glee - Glee Cast', 0.1, 'http://tdapics.smugmug.com/Choreography-Videos/Twinkle-Star-Dance/i-8FdDxcJ/1/Th/Freeze-Dance-Th.jpg', 'http://api.smugmug.com/services/embed/1704992817_8FdDxcJ?width=800&height=600', 1, '2012-09-18 15:16:54', '2012-11-02 12:20:13');
INSERT INTO `videos` VALUES(27, 'TB08a - Freeze Dance - Breakdown Twinkle Babies Ages 2-3', 'TB08a - Freeze Dance - Breakdown&lt;br /&gt;\r\nTwinkle Babies Ages 2-3&amp;trade; &lt;br /&gt;\r\nBallet Center Movement&lt;br /&gt;\r\nSong: Freeze Dance (Included in TSD)&lt;br /&gt;\r\nAlbum:&amp;nbsp; Kids on the Move&lt;br /&gt;\r\nArtist: Greg and Steve - Amazon MP3&lt;br /&gt;\r\n&amp;copy; Twinkle Star Dance&amp;trade; &lt;br /&gt;\r\nAll Rights Reserved &lt;br /&gt;\r\n&lt;br /&gt;\r\nCostumeManager.com &amp;lt;a style=&amp;quot;color:#0000FF&amp;quot; href=&amp;quot;http://www.costumemanager.com/overview&amp;quot; target=&amp;quot;_blank&amp;quot;&amp;gt;overview video&amp;nbsp; &amp;lt;/a&amp;gt;. Register your studio today.&lt;br /&gt;\r\n&lt;br /&gt;\r\nClass Playlist: Twinkle Babies 2-3&amp;trade; &lt;br /&gt;\r\n&lt;br /&gt;\r\n1. Rockin&amp;rsquo; Pneumonia and the Boogie Woogie Flu - Everyone is a Star - Sugar Beats&lt;br /&gt;\r\n2. Hokey Pokey - Included in TSD&lt;br /&gt;\r\n3. Twistin&amp;rsquo; the Night Away - Sam Cooke&lt;br /&gt;\r\n4. Shuffles - Al Gilbert Tap One - Al Gilbert&lt;br /&gt;\r\n5. The Locomotion - Back to the Beat - Sugar Beats&lt;br /&gt;\r\n6. Twinkle Bear - Watch Me Kick - Children''s Dance Favorites Blue Series - Track #2 Kimbo Educational&lt;br /&gt;\r\n7. Twinkle Bear - Balance - Children''s Dance Favorites Blue Series - Track #3 Kimbo Educational&lt;br /&gt;\r\n8. Twinkle Bear - Skip - Children''s Dance Favorites Blue Series - Track #4 - Kimbo Educational&lt;br /&gt;\r\n9. Bunny Rabbit Blues - Children''s Dance Favorites Blue Series - Track #5 - Kimbo Educational&lt;br /&gt;\r\n10. Animal Action - Included in TSD Subscription&lt;br /&gt;\r\n11. Run, Walk, Skip - Included in TSD Subscription&lt;br /&gt;\r\n12. Freeze Dance - Included in TSD Subscription&lt;br /&gt;\r\n13. Pure Imagination - Glee - Glee Cast', 0.1, 'http://tdapics.smugmug.com/Choreography-Videos/Twinkle-Star-Dance/i-RkJGh6Z/1/Th/Breakdown-Freeze-Dance-Th.jpg', 'http://api.smugmug.com/services/embed/1706136923_RkJGh6Z?width=800&height=600', 1, '2012-09-18 15:17:42', '2012-11-02 12:19:30');
INSERT INTO `videos` VALUES(28, 'TB08a - Freeze Dance - Breakdown Twinkle Babies Ages 2-3', 'TB08a - Freeze Dance&lt;br /&gt;\r\nTwinkle Babies Ages 2-3&amp;trade;&lt;br /&gt;\r\nBallet Center Movement&lt;br /&gt;\r\nSong: Freeze Dance (Included in TSD)&lt;br /&gt;\r\nAlbum:&amp;nbsp; Kids on the Move&lt;br /&gt;\r\nArtist: Greg and Steve - Amazon MP3&lt;br /&gt;\r\n&amp;copy; Twinkle Star Dance&amp;trade;&lt;br /&gt;\r\nAll Rights Reserved &lt;br /&gt;\r\n&lt;br /&gt;\r\nCostumeManager.com &amp;lt;a style=&amp;quot;color:#0000FF&amp;quot; href=&amp;quot;http://www.costumemanager.com/overview&amp;quot; target=&amp;quot;_blank&amp;quot;&amp;gt;overview video&amp;nbsp; &amp;lt;/a&amp;gt;. Register your studio today.&lt;br /&gt;\r\n&lt;br /&gt;\r\nClass Playlist: Twinkle Babies 2-3 &lt;br /&gt;\r\n&lt;br /&gt;\r\n1. Rockin&amp;rsquo; Pneumonia and the Boogie Woogie Flu - Everyone is a Star - Sugar Beats&lt;br /&gt;\r\n2. Hokey Pokey - Included in TSD&lt;br /&gt;\r\n3. Twistin&amp;rsquo; the Night Away - Sam Cooke&lt;br /&gt;\r\n4. Shuffles - Al Gilbert Tap One - Al Gilbert&lt;br /&gt;\r\n5. The Locomotion - Back to the Beat - Sugar Beats&lt;br /&gt;\r\n6. Twinkle Bear - Watch Me Kick - Children''s Dance Favorites Blue Series - Track #2 Kimbo Educational&lt;br /&gt;\r\n7. Twinkle Bear - Balance - Children''s Dance Favorites Blue Series - Track #3 Kimbo Educational&lt;br /&gt;\r\n8. Twinkle Bear - Skip - Children''s Dance Favorites Blue Series - Track #4 - Kimbo Educational&lt;br /&gt;\r\n9. Bunny Rabbit Blues - Children''s Dance Favorites Blue Series - Track #5 - Kimbo Educational&lt;br /&gt;\r\n10. Animal Action - Included in TSD Subscription&lt;br /&gt;\r\n11. Run, Walk, Skip - Included in TSD Subscription&lt;br /&gt;\r\n12. Freeze Dance - Included in TSD Subscription&lt;br /&gt;\r\n13. Pure Imagination - Glee - Glee Cast', 0.1, 'http://tdapics.smugmug.com/Choreography-Videos/Twinkle-Star-Dance/i-RkJGh6Z/1/Th/Breakdown-Freeze-Dance-Th.jpg', 'http://api.smugmug.com/services/embed/1706136923_RkJGh6Z?width=800&height=600', 1, '2012-09-18 15:19:06', '2012-11-02 13:25:27');
INSERT INTO `videos` VALUES(29, 'TB09 - Twinkle Dust Reverence Twinkle Babies Ages 2-3', 'TB09 - Twinkle Dust Reverence&lt;br /&gt;\r\nTwinkle Babies Ages 2-3&amp;trade;&lt;br /&gt;\r\nBallet Center Movement&lt;br /&gt;\r\nSong: Pure Imagination&lt;br /&gt;\r\nAlbum:&amp;nbsp; Glee&lt;br /&gt;\r\nArtist: Glee Cast - ITUNES&lt;br /&gt;\r\n&amp;copy; Twinkle Star Dance&amp;trade; &lt;br /&gt;\r\nAll Rights Reserved &lt;br /&gt;\r\n&lt;br /&gt;\r\nCostumeManager.com &amp;lt;a style=&amp;quot;color:#0000FF&amp;quot; href=&amp;quot;http://www.costumemanager.com/overview&amp;quot; target=&amp;quot;_blank&amp;quot;&amp;gt;overview video&amp;nbsp; &amp;lt;/a&amp;gt;. Register your studio today.&lt;br /&gt;\r\n&lt;br /&gt;\r\nClass Playlist: Twinkle Babies 2-3&amp;trade; &lt;br /&gt;\r\n&lt;br /&gt;\r\n1. Rockin&amp;rsquo; Pneumonia and the Boogie Woogie Flu - Everyone is a Star - Sugar Beats&lt;br /&gt;\r\n2. Hokey Pokey - Included in TSD&lt;br /&gt;\r\n3. Twistin&amp;rsquo; the Night Away - Sam Cooke&lt;br /&gt;\r\n4. Shuffles - Al Gilbert Tap One - Al Gilbert&lt;br /&gt;\r\n5. The Locomotion - Back to the Beat - Sugar Beats&lt;br /&gt;\r\n6. Twinkle Bear - Watch Me Kick - Children''s Dance Favorites Blue Series - Track #2 Kimbo Educational&lt;br /&gt;\r\n7. Twinkle Bear - Balance - Children''s Dance Favorites Blue Series - Track #3 Kimbo Educational&lt;br /&gt;\r\n8. Twinkle Bear - Skip - Children''s Dance Favorites Blue Series - Track #4 - Kimbo Educational&lt;br /&gt;\r\n9. Bunny Rabbit Blues - Children''s Dance Favorites Blue Series - Track #5 - Kimbo Educational&lt;br /&gt;\r\n10. Animal Action - Included in TSD Subscription&lt;br /&gt;\r\n11. Run, Walk, Skip - Included in TSD Subscription&lt;br /&gt;\r\n12. Freeze Dance - Included in TSD Subscription&lt;br /&gt;\r\n13. Pure Imagination - Glee - Glee Cast', 0.1, 'http://tdapics.smugmug.com/Choreography-Videos/Twinkle-Star-Dance/i-RNQf5Gq/1/Th/Twinkle-Dust-Reverence-NEW-Th.jpg', 'http://api.smugmug.com/services/embed/1710366912_RNQf5G?width=800&height=600', 1, '2012-09-18 15:19:56', '2012-11-02 12:18:46');
INSERT INTO `videos` VALUES(30, 'Swingin'' on a Star-Breakdown', 'Class Training\r\nTwinkle Babies 2-3\r\nSwingin'' on a Star-Breakdown\r\nRockin'' Pneumonia and Boogie Woogie Flu\r\nTwinkle Star Dance\r\n 2011 Tiffany''s Dance Academy, Inc. \r\nAll Rights Reserved \r\nCostumeManager.com overview video . Register your studio today.', 0.1, 'http://tdapics.smugmug.com/Choreography-Videos/Twinkle-Star-Dance/i-gkCm3p2/2/Th/Swinging-on-a-Star-Th.jpg', 'http://api.smugmug.com/services/embed/1706020050_gkCm3p2?width=800&height=600', 1, '2012-09-18 15:21:06', '0000-00-00 00:00:00');
INSERT INTO `videos` VALUES(31, 'TB01a - Rockin'' Pneumonia and Boogie Woogie - Breakdown Twinkle Babies 2-3', 'TB01a - Rockin'' Pneumonia and Boogie Woogie - Breakdown&lt;br /&gt;\r\nTwinkle Babies 2-3&amp;trade; &lt;br /&gt;\r\nTap Warm-up-Breakdown&lt;br /&gt;\r\nSong:Rockin'' Pneumonia and Boogie Woogie Flu&lt;br /&gt;\r\nArtist:&amp;nbsp; Sugar Beats - ITUNES&lt;br /&gt;\r\n&amp;copy; Twinkle Star Dance&amp;trade; &lt;br /&gt;\r\nAll Rights Reserved &lt;br /&gt;\r\n&lt;br /&gt;\r\nCostumeManager.com &amp;lt;a style=&amp;quot;color:#0000FF&amp;quot; href=&amp;quot;http://www.costumemanager.com/overview&amp;quot; target=&amp;quot;_blank&amp;quot;&amp;gt;overview video&amp;nbsp; &amp;lt;/a&amp;gt;. Register your studio today.&lt;br /&gt;\r\n&lt;br /&gt;\r\nClass Playlist: Twinkle Babies 2-3 &lt;br /&gt;\r\n&lt;br /&gt;\r\n1. Rockin&amp;rsquo; Pneumonia and the Boogie Woogie Flu - Everyone is a Star - Sugar Beats&lt;br /&gt;\r\n2. Hokey Pokey - Included in TSD&lt;br /&gt;\r\n3. Twistin&amp;rsquo; the Night Away - Sam Cooke&lt;br /&gt;\r\n4. Shuffles - Al Gilbert Tap One - Al Gilbert&lt;br /&gt;\r\n5. The Locomotion - Back to the Beat - Sugar Beats&lt;br /&gt;\r\n6. Twinkle Bear - Watch Me Kick - Children''s Dance Favorites Blue Series - Track #2 Kimbo Educational&lt;br /&gt;\r\n7. Twinkle Bear - Balance - Children''s Dance Favorites Blue Series - Track #3 Kimbo Educational&lt;br /&gt;\r\n8. Twinkle Bear - Skip - Children''s Dance Favorites Blue Series - Track #4 - Kimbo Educational&lt;br /&gt;\r\n9. Bunny Rabbit Blues - Children''s Dance Favorites Blue Series - Track #5 - Kimbo Educational&lt;br /&gt;\r\n10. Animal Action - Included in TSD Subscription&lt;br /&gt;\r\n11. Run, Walk, Skip - Included in TSD Subscription&lt;br /&gt;\r\n12. Freeze Dance - Included in TSD Subscription&lt;br /&gt;\r\n13. Pure Imagination - Glee - Glee Cast&lt;br /&gt;', 0.1, 'http://tdapics.smugmug.com/Choreography-Videos/Twinkle-Star-Dance/i-k7WV76w/1/Th/Breakdown-Rockin-Pneumonia-Th.jpg', 'http://api.smugmug.com/services/embed/1705697261_k7WV76w?width=800&height=600', 1, '2012-09-18 15:21:56', '2012-11-02 12:19:58');
INSERT INTO `videos` VALUES(32, 'TS01 - Rockin'' Pneumonia and Boogie Woogie Flu Twinkle Stars Ages 3-4', 'TS01 - Rockin'' Pneumonia and Boogie Woogie Flu&lt;br /&gt;\r\nTwinkle Stars Ages 3-4&amp;trade; &lt;br /&gt;\r\nTap Warm-up&lt;br /&gt;\r\nSong: Rockin'' Pneumonia and Boogie Woogie Flu&lt;br /&gt;\r\nAlbum:&amp;nbsp; Everyone is a Star &lt;br /&gt;\r\nArtist: Sugar Beats - ITUNES&lt;br /&gt;\r\nTwinkle Star Dance&amp;trade;&lt;br /&gt;\r\nAll Rights Reserved &lt;br /&gt;\r\n&lt;br /&gt;\r\nCostumeManager.com &amp;lt;a style=&amp;quot;color:#0000FF&amp;quot; href=&amp;quot;http://www.costumemanager.com/overview&amp;quot; target=&amp;quot;_blank&amp;quot;&amp;gt;overview video&amp;nbsp; &amp;lt;/a&amp;gt;. Register your studio today.&lt;br /&gt;\r\n&lt;br /&gt;\r\nClass Playlist: Twinkle Stars 3-4&amp;trade;&lt;br /&gt;\r\n&lt;br /&gt;\r\n1.&amp;nbsp; Rockin Pneumonia and the Boogie Woogie Flu - Everyone is a Star&amp;nbsp;&amp;nbsp;&amp;nbsp; Sugar Beats&lt;br /&gt;\r\n2.&amp;nbsp; Shuffles - Al Gilbert Tap One - Al Gilbert&lt;br /&gt;\r\n3.&amp;nbsp; Shuffle Hop - Al Gilbert Tap One - Al Gilbert&lt;br /&gt;\r\n4.&amp;nbsp; Shuffle Hop Toe Back - Al Gilbert Tap One - Al Gilbert&lt;br /&gt;\r\n5.&amp;nbsp; Mockingbird - Back to the Beat Track 6 - Sugar Beats&lt;br /&gt;\r\n6.&amp;nbsp; Working in a Coal Mine - Everyone is a Star&amp;nbsp;&amp;nbsp;&amp;nbsp; - Sugar Beats&lt;br /&gt;\r\n7.&amp;nbsp; Freeway of Love - Car Tunes Track 10&amp;nbsp;&amp;nbsp;&amp;nbsp; - Sugar Beats&lt;br /&gt;\r\n8.&amp;nbsp; Come and Get Your Love - Everyone is a Star - Sugar Beats&lt;br /&gt;\r\n9.&amp;nbsp; Be Our Guest - Beauty and the Beast Soundtrack - Disney&lt;br /&gt;\r\n10.&amp;nbsp; Can You Feel the Love Tonight - The Lion King Soundtrack -&amp;nbsp;&amp;nbsp;&amp;nbsp; Disney&lt;br /&gt;\r\n11.&amp;nbsp; Ballet Walks - I Wonder If I''m Growing Track #6, One Light, One Sun - Statler Music and Video&lt;br /&gt;\r\n12.&amp;nbsp; Chasses and Skips - I Wonder If I''m Growing Track #3, Biscuits in the Oven - Statler Music and Video&lt;br /&gt;\r\n13.&amp;nbsp; Princess Walks - I Wonder If I''m Growing Track #4, All I Really Need - Statler Music and Video&lt;br /&gt;\r\n14.&amp;nbsp; Battements - I Wonder if I''m Growing Track #7, Let''s Do the Numbers Rumba&amp;nbsp;&amp;nbsp;&amp;nbsp; - Statler Music and Video&lt;br /&gt;\r\n15.&amp;nbsp; Freeze Dance - Included in TSD Subscription&amp;nbsp;&amp;nbsp;&amp;nbsp; &lt;br /&gt;\r\n16.&amp;nbsp; Pure Imagination - Glee - Glee Cast&lt;br /&gt;\r\n&lt;br /&gt;', 0.1, 'http://tdapics.smugmug.com/Choreography-Videos/Twinkle-Star-Dance/i-D9qRH9C/1/Th/Rockin-Pnemonia-age-3-4-Th.jpg', 'http://api.smugmug.com/services/embed/1710281270_D9qRH9C?width=800&height=600', 1, '2012-09-18 15:22:46', '2012-11-02 12:12:09');
INSERT INTO `videos` VALUES(33, 'TS02 - Tap Barre Work/ Technique Twinkle Stars Ages 3-4', 'TS02 - Tap Barre Work/ Technique&lt;br /&gt;\r\nTwinkle Stars Ages 3-4&amp;trade; &lt;br /&gt;\r\nTap Barre&lt;br /&gt;\r\nSong 1: Shuffles&lt;br /&gt;\r\nSong 2:Shuffle Hop&lt;br /&gt;\r\nSong 3: Shuffle Hop Toe&lt;br /&gt;\r\nAlbum:&amp;nbsp; Al Gilbert Grade 1&lt;br /&gt;\r\nArtist: Al Gilbert - musicworksunlimited.com&lt;br /&gt;\r\nTwinkle Star Dance&amp;trade;&lt;br /&gt;\r\nAll Rights Reserved &lt;br /&gt;\r\n&lt;br /&gt;\r\nCostumeManager.com &amp;lt;a style=&amp;quot;color:#0000FF&amp;quot; href=&amp;quot;http://www.costumemanager.com/overview&amp;quot; target=&amp;quot;_blank&amp;quot;&amp;gt;overview video&amp;nbsp; &amp;lt;/a&amp;gt;. Register your studio today.&lt;br /&gt;\r\n&lt;br /&gt;\r\nClass Playlist: Twinkle Stars 3-4&amp;trade;&lt;br /&gt;\r\n&lt;br /&gt;\r\n1.&amp;nbsp; Rockin Pneumonia and the Boogie Woogie Flu - Everyone is a Star&amp;nbsp;&amp;nbsp; &amp;nbsp;Sugar Beats&lt;br /&gt;\r\n2.&amp;nbsp; Shuffles - Al Gilbert Tap One - Al Gilbert&lt;br /&gt;\r\n3.&amp;nbsp; Shuffle Hop - Al Gilbert Tap One - Al Gilbert&lt;br /&gt;\r\n4.&amp;nbsp; Shuffle Hop Toe Back - Al Gilbert Tap One - Al Gilbert&lt;br /&gt;\r\n5.&amp;nbsp; Mockingbird - Back to the Beat Track 6 - Sugar Beats&lt;br /&gt;\r\n6.&amp;nbsp; Working in a Coal Mine - Everyone is a Star&amp;nbsp;&amp;nbsp; &amp;nbsp;- Sugar Beats&lt;br /&gt;\r\n7.&amp;nbsp; Freeway of Love - Car Tunes Track 10&amp;nbsp;&amp;nbsp; &amp;nbsp;- Sugar Beats&lt;br /&gt;\r\n8.&amp;nbsp; Come and Get Your Love - Everyone is a Star - Sugar Beats&lt;br /&gt;\r\n9.&amp;nbsp; Be Our Guest - Beauty and the Beast Soundtrack - Disney&lt;br /&gt;\r\n10.&amp;nbsp; Can You Feel the Love Tonight - The Lion King Soundtrack -&amp;nbsp;&amp;nbsp; &amp;nbsp;Disney&lt;br /&gt;\r\n11.&amp;nbsp; Ballet Walks - I Wonder If I''m Growing Track #6, One Light, One Sun - Statler Music and Video&lt;br /&gt;\r\n12.&amp;nbsp; Chasses and Skips - I Wonder If I''m Growing Track #3, Biscuits in the Oven - Statler Music and Video&lt;br /&gt;\r\n13.&amp;nbsp; Princess Walks - I Wonder If I''m Growing Track #4, All I Really Need - Statler Music and Video&lt;br /&gt;\r\n14.&amp;nbsp; Battements - I Wonder if I''m Growing Track #7, Let''s Do the Numbers Rumba&amp;nbsp;&amp;nbsp; &amp;nbsp;- Statler Music and Video&lt;br /&gt;\r\n15.&amp;nbsp; Freeze Dance - Included in TSD Subscription&amp;nbsp;&amp;nbsp; &amp;nbsp;&lt;br /&gt;\r\n16.&amp;nbsp; Pure Imagination - Glee - Glee Cast', 0.1, 'http://tdapics.smugmug.com/Choreography-Videos/Twinkle-Star-Dance/i-Bc9GkcJ/1/Th/Tap-Barre-Shuffles-3-4-Th.jpg', 'http://api.smugmug.com/services/embed/1710286574_Bc9GkcJ?width=800&height=600', 1, '2012-09-18 15:23:47', '2012-11-02 12:14:05');
INSERT INTO `videos` VALUES(34, 'TS02 - Tap Barre Work/ Technique Twinkle Stars Ages 3-4', 'TS02 - Tap Barre Work/ Technique&lt;br /&gt;\r\nTwinkle Stars Ages 3-4&amp;trade; &lt;br /&gt;\r\nTap Barre&lt;br /&gt;\r\nSong 1: Shuffles&lt;br /&gt;\r\nSong 2:Shuffle Hop&lt;br /&gt;\r\nSong 3: Shuffle Hop Toe&lt;br /&gt;\r\nAlbum:&amp;nbsp; Al Gilbert Grade 1&lt;br /&gt;\r\nArtist: Al Gilbert - musicworksunlimited.com&lt;br /&gt;\r\nTwinkle Star Dance&amp;trade;&lt;br /&gt;\r\nAll Rights Reserved &lt;br /&gt;\r\n&lt;br /&gt;\r\nCostumeManager.com &amp;lt;a style=&amp;quot;color:#0000FF&amp;quot; href=&amp;quot;http://www.costumemanager.com/overview&amp;quot; target=&amp;quot;_blank&amp;quot;&amp;gt;overview video&amp;nbsp; &amp;lt;/a&amp;gt;. Register your studio today.&lt;br /&gt;\r\n&lt;br /&gt;\r\nClass Playlist: Twinkle Stars 3-4&amp;trade;&lt;br /&gt;\r\n&lt;br /&gt;\r\n1.&amp;nbsp; Rockin Pneumonia and the Boogie Woogie Flu - Everyone is a Star&amp;nbsp;&amp;nbsp; &amp;nbsp;Sugar Beats&lt;br /&gt;\r\n2.&amp;nbsp; Shuffles - Al Gilbert Tap One - Al Gilbert&lt;br /&gt;\r\n3.&amp;nbsp; Shuffle Hop - Al Gilbert Tap One - Al Gilbert&lt;br /&gt;\r\n4.&amp;nbsp; Shuffle Hop Toe Back - Al Gilbert Tap One - Al Gilbert&lt;br /&gt;\r\n5.&amp;nbsp; Mockingbird - Back to the Beat Track 6 - Sugar Beats&lt;br /&gt;\r\n6.&amp;nbsp; Working in a Coal Mine - Everyone is a Star&amp;nbsp;&amp;nbsp; &amp;nbsp;- Sugar Beats&lt;br /&gt;\r\n7.&amp;nbsp; Freeway of Love - Car Tunes Track 10&amp;nbsp;&amp;nbsp; &amp;nbsp;- Sugar Beats&lt;br /&gt;\r\n8.&amp;nbsp; Come and Get Your Love - Everyone is a Star - Sugar Beats&lt;br /&gt;\r\n9.&amp;nbsp; Be Our Guest - Beauty and the Beast Soundtrack - Disney&lt;br /&gt;\r\n10.&amp;nbsp; Can You Feel the Love Tonight - The Lion King Soundtrack -&amp;nbsp;&amp;nbsp; &amp;nbsp;Disney&lt;br /&gt;\r\n11.&amp;nbsp; Ballet Walks - I Wonder If I''m Growing Track #6, One Light, One Sun - Statler Music and Video&lt;br /&gt;\r\n12.&amp;nbsp; Chasses and Skips - I Wonder If I''m Growing Track #3, Biscuits in the Oven - Statler Music and Video&lt;br /&gt;\r\n13.&amp;nbsp; Princess Walks - I Wonder If I''m Growing Track #4, All I Really Need - Statler Music and Video&lt;br /&gt;\r\n14.&amp;nbsp; Battements - I Wonder if I''m Growing Track #7, Let''s Do the Numbers Rumba&amp;nbsp;&amp;nbsp; &amp;nbsp;- Statler Music and Video&lt;br /&gt;\r\n15.&amp;nbsp; Freeze Dance - Included in TSD Subscription&amp;nbsp;&amp;nbsp; &amp;nbsp;&lt;br /&gt;\r\n16.&amp;nbsp; Pure Imagination - Glee - Glee Cast', 0.1, 'http://tdapics.smugmug.com/Choreography-Videos/Twinkle-Star-Dance/i-Bc9GkcJ/1/Th/Tap-Barre-Shuffles-3-4-Th.jpg', 'http://api.smugmug.com/services/embed/1710286574_Bc9GkcJ?width=800&height=600', 1, '2012-09-18 15:27:59', '2012-11-02 12:13:49');
INSERT INTO `videos` VALUES(35, 'TS03a - Across the Floor Twinkle Stars Ages 3-4', 'TS03a - Across the Floor&lt;br /&gt;\r\nTwinkle Stars Ages 3-4&amp;trade; &lt;br /&gt;\r\nTap Movement&lt;br /&gt;\r\nSong: Freeway of Love&lt;br /&gt;\r\nAlbum: Car Tunes&lt;br /&gt;\r\nArtist: Sugar Beats - ITUNES&lt;br /&gt;\r\nTwinkle Star Dance&amp;trade;&lt;br /&gt;\r\nAll Rights Reserved &lt;br /&gt;\r\n&lt;br /&gt;\r\n&amp;nbsp;CostumeManager.com &amp;lt;a style=&amp;quot;color:#0000FF&amp;quot; href=&amp;quot;http://www.costumemanager.com/overview&amp;quot; target=&amp;quot;_blank&amp;quot;&amp;gt;overview video&amp;nbsp; &amp;lt;/a&amp;gt;. Register your studio today.&lt;br /&gt;\r\n&lt;br /&gt;\r\nClass Playlist: Twinkle Stars 3-4&amp;trade;&lt;br /&gt;\r\n&lt;br /&gt;\r\n1.&amp;nbsp; Rockin Pneumonia and the Boogie Woogie Flu - Everyone is a Star&amp;nbsp;&amp;nbsp; &amp;nbsp;Sugar Beats&lt;br /&gt;\r\n2.&amp;nbsp; Shuffles - Al Gilbert Tap One - Al Gilbert&lt;br /&gt;\r\n3.&amp;nbsp; Shuffle Hop - Al Gilbert Tap One - Al Gilbert&lt;br /&gt;\r\n4.&amp;nbsp; Shuffle Hop Toe Back - Al Gilbert Tap One - Al Gilbert&lt;br /&gt;\r\n5.&amp;nbsp; Mockingbird - Back to the Beat Track 6 - Sugar Beats&lt;br /&gt;\r\n6.&amp;nbsp; Working in a Coal Mine - Everyone is a Star&amp;nbsp;&amp;nbsp; &amp;nbsp;- Sugar Beats&lt;br /&gt;\r\n7.&amp;nbsp; Freeway of Love - Car Tunes Track 10&amp;nbsp;&amp;nbsp; &amp;nbsp;- Sugar Beats&lt;br /&gt;\r\n8.&amp;nbsp; Come and Get Your Love - Everyone is a Star - Sugar Beats&lt;br /&gt;\r\n9.&amp;nbsp; Be Our Guest - Beauty and the Beast Soundtrack - Disney&lt;br /&gt;\r\n10.&amp;nbsp; Can You Feel the Love Tonight - The Lion King Soundtrack -&amp;nbsp;&amp;nbsp; &amp;nbsp;Disney&lt;br /&gt;\r\n11.&amp;nbsp; Ballet Walks - I Wonder If I''m Growing Track #6, One Light, One Sun - Statler Music and Video&lt;br /&gt;\r\n12.&amp;nbsp; Chasses and Skips - I Wonder If I''m Growing Track #3, Biscuits in the Oven - Statler Music and Video&lt;br /&gt;\r\n13.&amp;nbsp; Princess Walks - I Wonder If I''m Growing Track #4, All I Really Need - Statler Music and Video&lt;br /&gt;\r\n14.&amp;nbsp; Battements - I Wonder if I''m Growing Track #7, Let''s Do the Numbers Rumba&amp;nbsp;&amp;nbsp; &amp;nbsp;- Statler Music and Video&lt;br /&gt;\r\n15.&amp;nbsp; Freeze Dance - Included in TSD Subscription&amp;nbsp;&amp;nbsp; &amp;nbsp;&lt;br /&gt;\r\n16.&amp;nbsp; Pure Imagination - Glee - Glee Cast', 0.1, 'http://tdapics.smugmug.com/Choreography-Videos/Twinkle-Star-Dance/i-6CqWthx/1/Th/Across-the-Floor-Hops-3-4-Th.jpg', 'http://api.smugmug.com/services/embed/1710309713_6CqWthx?width=800&height=600', 1, '2012-09-18 15:28:54', '2012-11-02 12:16:28');
INSERT INTO `videos` VALUES(36, 'TS03 - Ball Heels to Across the Floor Twinkle Stars Ages 3-4', 'TS03 - Ball Heels to Across the Floor&lt;br /&gt;\r\nTwinkle Stars Ages 3-4&amp;trade; &lt;br /&gt;\r\nTap Movement&lt;br /&gt;\r\nSong: Mockingbird&lt;br /&gt;\r\nAlbum:&amp;nbsp; Back to the Beat&lt;br /&gt;\r\nArtist: Sugar Beats - ITUNES&lt;br /&gt;\r\nTwinkle Star Dance&amp;trade;&lt;br /&gt;\r\nAll Rights Reserved &lt;br /&gt;\r\n&lt;br /&gt;\r\nCostumeManager.com &amp;lt;a style=&amp;quot;color:#0000FF&amp;quot; href=&amp;quot;http://www.costumemanager.com/overview&amp;quot; target=&amp;quot;_blank&amp;quot;&amp;gt;overview video&amp;nbsp; &amp;lt;/a&amp;gt;. Register your studio today.&lt;br /&gt;\r\n&lt;br /&gt;\r\nClass Playlist: Twinkle Stars 3-4&amp;trade;&lt;br /&gt;\r\n&lt;br /&gt;\r\n1.&amp;nbsp; Rockin Pneumonia and the Boogie Woogie Flu - Everyone is a Star&amp;nbsp;&amp;nbsp; &amp;nbsp;Sugar Beats&lt;br /&gt;\r\n2.&amp;nbsp; Shuffles - Al Gilbert Tap One - Al Gilbert&lt;br /&gt;\r\n3.&amp;nbsp; Shuffle Hop - Al Gilbert Tap One - Al Gilbert&lt;br /&gt;\r\n4.&amp;nbsp; Shuffle Hop Toe Back - Al Gilbert Tap One - Al Gilbert&lt;br /&gt;\r\n5.&amp;nbsp; Mockingbird - Back to the Beat Track 6 - Sugar Beats&lt;br /&gt;\r\n6.&amp;nbsp; Working in a Coal Mine - Everyone is a Star&amp;nbsp;&amp;nbsp; &amp;nbsp;- Sugar Beats&lt;br /&gt;\r\n7.&amp;nbsp; Freeway of Love - Car Tunes Track 10&amp;nbsp;&amp;nbsp; &amp;nbsp;- Sugar Beats&lt;br /&gt;\r\n8.&amp;nbsp; Come and Get Your Love - Everyone is a Star - Sugar Beats&lt;br /&gt;\r\n9.&amp;nbsp; Be Our Guest - Beauty and the Beast Soundtrack - Disney&lt;br /&gt;\r\n10.&amp;nbsp; Can You Feel the Love Tonight - The Lion King Soundtrack -&amp;nbsp;&amp;nbsp; &amp;nbsp;Disney&lt;br /&gt;\r\n11.&amp;nbsp; Ballet Walks - I Wonder If I''m Growing Track #6, One Light, One Sun - Statler Music and Video&lt;br /&gt;\r\n12.&amp;nbsp; Chasses and Skips - I Wonder If I''m Growing Track #3, Biscuits in the Oven - Statler Music and Video&lt;br /&gt;\r\n13.&amp;nbsp; Princess Walks - I Wonder If I''m Growing Track #4, All I Really Need - Statler Music and Video&lt;br /&gt;\r\n14.&amp;nbsp; Battements - I Wonder if I''m Growing Track #7, Let''s Do the Numbers Rumba&amp;nbsp;&amp;nbsp; &amp;nbsp;- Statler Music and Video&lt;br /&gt;\r\n15.&amp;nbsp; Freeze Dance - Included in TSD Subscription&amp;nbsp;&amp;nbsp; &amp;nbsp;&lt;br /&gt;\r\n16.&amp;nbsp; Pure Imagination - Glee - Glee Cast', 0.1, 'http://tdapics.smugmug.com/Choreography-Videos/Twinkle-Star-Dance/i-wJqLPPK/1/Th/Ball-Heels-to-Across-the-Floor-Th.jpg', 'http://api.smugmug.com/services/embed/1710310604_wJqLPPK?width=800&height=600', 1, '2012-09-18 15:36:14', '2012-11-02 12:15:07');
INSERT INTO `videos` VALUES(37, 'TS05 - Can You Feel the Love Tonight Twinkle Stars Ages 3-4', 'TS05 - Can You Feel the Love Tonight&lt;br /&gt;\r\nTwinkle Stars Ages 3-4&amp;trade; &lt;br /&gt;\r\nBallet Center Movement&lt;br /&gt;\r\nSong: Can You Feel the Love Tonight&lt;br /&gt;\r\nAlbum:&amp;nbsp; The Lion King&lt;br /&gt;\r\nArtist: Disney - ITUNES&lt;br /&gt;\r\n&amp;copy; Twinkle Star Dance&amp;trade; &lt;br /&gt;\r\nAll Rights Reserved &lt;br /&gt;\r\n&lt;br /&gt;\r\nCostumeManager.com &amp;lt;a style=&amp;quot;color:#0000FF&amp;quot; href=&amp;quot;http://www.costumemanager.com/overview&amp;quot; target=&amp;quot;_blank&amp;quot;&amp;gt;overview video&amp;nbsp; &amp;lt;/a&amp;gt;. Register your studio today.&lt;br /&gt;\r\n&lt;br /&gt;\r\nClass Playlist: Twinkle Stars 3-4&amp;trade;&lt;br /&gt;\r\n&lt;br /&gt;\r\n1.&amp;nbsp; Rockin Pneumonia and the Boogie Woogie Flu - Everyone is a Star&amp;nbsp;&amp;nbsp;&amp;nbsp; Sugar Beats&lt;br /&gt;\r\n2.&amp;nbsp; Shuffles - Al Gilbert Tap One - Al Gilbert&lt;br /&gt;\r\n3.&amp;nbsp; Shuffle Hop - Al Gilbert Tap One - Al Gilbert&lt;br /&gt;\r\n4.&amp;nbsp; Shuffle Hop Toe Back - Al Gilbert Tap One - Al Gilbert&lt;br /&gt;\r\n5.&amp;nbsp; Mockingbird - Back to the Beat Track 6 - Sugar Beats&lt;br /&gt;\r\n6.&amp;nbsp; Working in a Coal Mine - Everyone is a Star&amp;nbsp;&amp;nbsp;&amp;nbsp; - Sugar Beats&lt;br /&gt;\r\n7.&amp;nbsp; Freeway of Love - Car Tunes Track 10&amp;nbsp;&amp;nbsp;&amp;nbsp; - Sugar Beats&lt;br /&gt;\r\n8.&amp;nbsp; Come and Get Your Love - Everyone is a Star - Sugar Beats&lt;br /&gt;\r\n9.&amp;nbsp; Be Our Guest - Beauty and the Beast Soundtrack - Disney&lt;br /&gt;\r\n10.&amp;nbsp; Can You Feel the Love Tonight - The Lion King Soundtrack -&amp;nbsp;&amp;nbsp;&amp;nbsp; Disney&lt;br /&gt;\r\n11.&amp;nbsp; Ballet Walks - I Wonder If I''m Growing Track #6, One Light, One Sun - Statler Music and Video&lt;br /&gt;\r\n12.&amp;nbsp; Chasses and Skips - I Wonder If I''m Growing Track #3, Biscuits in the Oven - Statler Music and Video&lt;br /&gt;\r\n13.&amp;nbsp; Princess Walks - I Wonder If I''m Growing Track #4, All I Really Need - Statler Music and Video&lt;br /&gt;\r\n14.&amp;nbsp; Battements - I Wonder if I''m Growing Track #7, Let''s Do the Numbers Rumba&amp;nbsp;&amp;nbsp;&amp;nbsp; - Statler Music and Video&lt;br /&gt;\r\n15.&amp;nbsp; Freeze Dance - Included in TSD Subscription&amp;nbsp;&amp;nbsp;&amp;nbsp; &lt;br /&gt;\r\n16.&amp;nbsp; Pure Imagination - Glee - Glee Cast&lt;br /&gt;', 0.1, 'http://tdapics.smugmug.com/Choreography-Videos/Twinkle-Star-Dance/i-smGLf2N/1/Th/Can-You-Feel-the-Love-Th.jpg', 'http://api.smugmug.com/services/embed/1710247992_smGLf2N?width=800&height=600', 1, '2012-09-18 15:37:28', '2012-11-02 12:25:10');
INSERT INTO `videos` VALUES(38, 'TS06 - Twinkle Bear Ballet Twinkle Stars Ages 3-4', 'TS06 - Twinkle Bear Ballet &lt;br /&gt;\r\nTwinkle Stars Ages 3-4&amp;trade; &lt;br /&gt;\r\nBallet Center Movement&lt;br /&gt;\r\nSong:One Light, One Sun&lt;br /&gt;\r\nAlbum:I Wonder If I''m Growing&lt;br /&gt;\r\nArtist - Statler Music and Video - musicworksunlimited.com&lt;br /&gt;\r\n&amp;copy; Twinkle Star Dance&amp;trade; &lt;br /&gt;\r\nAll Rights Reserved &lt;br /&gt;\r\n&lt;br /&gt;\r\nCostumeManager.com &amp;lt;a style=&amp;quot;color:#0000FF&amp;quot; href=&amp;quot;http://www.costumemanager.com/overview&amp;quot; target=&amp;quot;_blank&amp;quot;&amp;gt;overview video&amp;nbsp; &amp;lt;/a&amp;gt;. Register your studio today.&lt;br /&gt;\r\n&lt;br /&gt;\r\nClass Playlist: Twinkle Stars 3-4&amp;trade;&lt;br /&gt;\r\n&lt;br /&gt;\r\n1.&amp;nbsp; Rockin Pneumonia and the Boogie Woogie Flu - Everyone is a Star&amp;nbsp;&amp;nbsp; &amp;nbsp;Sugar Beats&lt;br /&gt;\r\n2.&amp;nbsp; Shuffles - Al Gilbert Tap One - Al Gilbert&lt;br /&gt;\r\n3.&amp;nbsp; Shuffle Hop - Al Gilbert Tap One - Al Gilbert&lt;br /&gt;\r\n4.&amp;nbsp; Shuffle Hop Toe Back - Al Gilbert Tap One - Al Gilbert&lt;br /&gt;\r\n5.&amp;nbsp; Mockingbird - Back to the Beat Track 6 - Sugar Beats&lt;br /&gt;\r\n6.&amp;nbsp; Working in a Coal Mine - Everyone is a Star&amp;nbsp;&amp;nbsp; &amp;nbsp;- Sugar Beats&lt;br /&gt;\r\n7.&amp;nbsp; Freeway of Love - Car Tunes Track 10&amp;nbsp;&amp;nbsp; &amp;nbsp;- Sugar Beats&lt;br /&gt;\r\n8.&amp;nbsp; Come and Get Your Love - Everyone is a Star - Sugar Beats&lt;br /&gt;\r\n9.&amp;nbsp; Be Our Guest - Beauty and the Beast Soundtrack - Disney&lt;br /&gt;\r\n10.&amp;nbsp; Can You Feel the Love Tonight - The Lion King Soundtrack -&amp;nbsp;&amp;nbsp; &amp;nbsp;Disney&lt;br /&gt;\r\n11.&amp;nbsp; Ballet Walks - I Wonder If I''m Growing Track #6, One Light, One Sun - Statler Music and Video&lt;br /&gt;\r\n12.&amp;nbsp; Chasses and Skips - I Wonder If I''m Growing Track #3, Biscuits in the Oven - Statler Music and Video&lt;br /&gt;\r\n13.&amp;nbsp; Princess Walks - I Wonder If I''m Growing Track #4, All I Really Need - Statler Music and Video&lt;br /&gt;\r\n14.&amp;nbsp; Battements - I Wonder if I''m Growing Track #7, Let''s Do the Numbers Rumba&amp;nbsp;&amp;nbsp; &amp;nbsp;- Statler Music and Video&lt;br /&gt;\r\n15.&amp;nbsp; Freeze Dance - Included in TSD Subscription&amp;nbsp;&amp;nbsp; &amp;nbsp;&lt;br /&gt;\r\n16.&amp;nbsp; Pure Imagination - Glee - Glee Cast', 0.1, 'http://tdapics.smugmug.com/Choreography-Videos/Twinkle-Star-Dance/i-2KNpLQS/1/Th/Twinkle-Bear-Ballet-Th.jpg', 'http://api.smugmug.com/services/embed/1710276219_2KNpLQS?width=800&height=600', 1, '2012-09-18 15:39:05', '2012-11-02 12:27:48');
INSERT INTO `videos` VALUES(39, 'TS07 - Twinkle Bear Across the Floor Twinkle Stars Ages 3-4', 'TS07 - Twinkle Bear Across the Floor&lt;br /&gt;\r\nTwinkle Stars Ages 3-4&amp;trade; &lt;br /&gt;\r\nBallet Movement&lt;br /&gt;\r\nSong 1:Biscuits in the Oven&lt;br /&gt;\r\nSong 2: All I Really Need&lt;br /&gt;\r\nAlbum:I Wonder If I''m Growing&lt;br /&gt;\r\nArtist - Statler Music and Video - musicworksunlimited.com&lt;br /&gt;\r\n&amp;copy; Twinkle Star Dance&amp;trade; &lt;br /&gt;\r\nAll Rights Reserved &lt;br /&gt;\r\n&lt;br /&gt;\r\n&lt;br /&gt;\r\nCostumeManager.com &amp;lt;a style=&amp;quot;color:#0000FF&amp;quot; href=&amp;quot;http://www.costumemanager.com/overview&amp;quot; target=&amp;quot;_blank&amp;quot;&amp;gt;overview video&amp;nbsp; &amp;lt;/a&amp;gt;. Register your studio today.&lt;br /&gt;\r\n&lt;br /&gt;\r\nClass Playlist: Twinkle Stars 3-4&amp;trade;&lt;br /&gt;\r\n&lt;br /&gt;\r\n1.&amp;nbsp; Rockin Pneumonia and the Boogie Woogie Flu - Everyone is a Star&amp;nbsp;&amp;nbsp; &amp;nbsp;Sugar Beats&lt;br /&gt;\r\n2.&amp;nbsp; Shuffles - Al Gilbert Tap One - Al Gilbert&lt;br /&gt;\r\n3.&amp;nbsp; Shuffle Hop - Al Gilbert Tap One - Al Gilbert&lt;br /&gt;\r\n4.&amp;nbsp; Shuffle Hop Toe Back - Al Gilbert Tap One - Al Gilbert&lt;br /&gt;\r\n5.&amp;nbsp; Mockingbird - Back to the Beat Track 6 - Sugar Beats&lt;br /&gt;\r\n6.&amp;nbsp; Working in a Coal Mine - Everyone is a Star&amp;nbsp;&amp;nbsp; &amp;nbsp;- Sugar Beats&lt;br /&gt;\r\n7.&amp;nbsp; Freeway of Love - Car Tunes Track 10&amp;nbsp;&amp;nbsp; &amp;nbsp;- Sugar Beats&lt;br /&gt;\r\n8.&amp;nbsp; Come and Get Your Love - Everyone is a Star - Sugar Beats&lt;br /&gt;\r\n9.&amp;nbsp; Be Our Guest - Beauty and the Beast Soundtrack - Disney&lt;br /&gt;\r\n10.&amp;nbsp; Can You Feel the Love Tonight - The Lion King Soundtrack -&amp;nbsp;&amp;nbsp; &amp;nbsp;Disney&lt;br /&gt;\r\n11.&amp;nbsp; Ballet Walks - I Wonder If I''m Growing Track #6, One Light, One Sun - Statler Music and Video&lt;br /&gt;\r\n12.&amp;nbsp; Chasses and Skips - I Wonder If I''m Growing Track #3, Biscuits in the Oven - Statler Music and Video&lt;br /&gt;\r\n13.&amp;nbsp; Princess Walks - I Wonder If I''m Growing Track #4, All I Really Need - Statler Music and Video&lt;br /&gt;\r\n14.&amp;nbsp; Battements - I Wonder if I''m Growing Track #7, Let''s Do the Numbers Rumba&amp;nbsp;&amp;nbsp; &amp;nbsp;- Statler Music and Video&lt;br /&gt;\r\n15.&amp;nbsp; Freeze Dance - Included in TSD Subscription&amp;nbsp;&amp;nbsp; &amp;nbsp;&lt;br /&gt;\r\n16.&amp;nbsp; Pure Imagination - Glee - Glee Cast', 0.1, 'http://tdapics.smugmug.com/Choreography-Videos/Twinkle-Star-Dance/i-T4w85gH/1/Th/Releve-Walks-Battements-Th.jpg', 'http://api.smugmug.com/services/embed/1710310340_T4w85gH?width=800&height=600', 1, '2012-09-18 15:40:21', '2012-11-02 13:15:38');
INSERT INTO `videos` VALUES(40, 'TS08 - Twinkle Bear Jumps Twinkle Stars Ages 3-4', 'TS08 - Twinkle Bear Jumps&lt;br /&gt;\r\nTwinkle Stars Ages 3-4&amp;trade; &lt;br /&gt;\r\nBallet Movement&lt;br /&gt;\r\n&amp;copy; Twinkle Star Dance&amp;trade; &lt;br /&gt;\r\nAll Rights Reserved &lt;br /&gt;\r\n&lt;br /&gt;\r\nCostumeManager.com &amp;lt;a style=&amp;quot;color:#0000FF&amp;quot; href=&amp;quot;http://www.costumemanager.com/overview&amp;quot; target=&amp;quot;_blank&amp;quot;&amp;gt;overview video&amp;nbsp; &amp;lt;/a&amp;gt;. Register your studio today.&lt;br /&gt;\r\n&lt;br /&gt;\r\nClass Playlist: Twinkle Stars 3-4&amp;trade;&lt;br /&gt;\r\n&lt;br /&gt;\r\n1.&amp;nbsp; Rockin Pneumonia and the Boogie Woogie Flu - Everyone is a Star&amp;nbsp;&amp;nbsp;&amp;nbsp; Sugar Beats&lt;br /&gt;\r\n2.&amp;nbsp; Shuffles - Al Gilbert Tap One - Al Gilbert&lt;br /&gt;\r\n3.&amp;nbsp; Shuffle Hop - Al Gilbert Tap One - Al Gilbert&lt;br /&gt;\r\n4.&amp;nbsp; Shuffle Hop Toe Back - Al Gilbert Tap One - Al Gilbert&lt;br /&gt;\r\n5.&amp;nbsp; Mockingbird - Back to the Beat Track 6 - Sugar Beats&lt;br /&gt;\r\n6.&amp;nbsp; Working in a Coal Mine - Everyone is a Star&amp;nbsp;&amp;nbsp;&amp;nbsp; - Sugar Beats&lt;br /&gt;\r\n7.&amp;nbsp; Freeway of Love - Car Tunes Track 10&amp;nbsp;&amp;nbsp;&amp;nbsp; - Sugar Beats&lt;br /&gt;\r\n8.&amp;nbsp; Come and Get Your Love - Everyone is a Star - Sugar Beats&lt;br /&gt;\r\n9.&amp;nbsp; Be Our Guest - Beauty and the Beast Soundtrack - Disney&lt;br /&gt;\r\n10.&amp;nbsp; Can You Feel the Love Tonight - The Lion King Soundtrack -&amp;nbsp;&amp;nbsp;&amp;nbsp; Disney&lt;br /&gt;\r\n11.&amp;nbsp; Ballet Walks - I Wonder If I''m Growing Track #6, One Light, One Sun - Statler Music and Video&lt;br /&gt;\r\n12.&amp;nbsp; Chasses and Skips - I Wonder If I''m Growing Track #3, Biscuits in the Oven - Statler Music and Video&lt;br /&gt;\r\n13.&amp;nbsp; Princess Walks - I Wonder If I''m Growing Track #4, All I Really Need - Statler Music and Video&lt;br /&gt;\r\n14.&amp;nbsp; Battements - I Wonder if I''m Growing Track #7, Let''s Do the Numbers Rumba&amp;nbsp;&amp;nbsp;&amp;nbsp; - Statler Music and Video&lt;br /&gt;\r\n15.&amp;nbsp; Freeze Dance - Included in TSD Subscription&amp;nbsp;&amp;nbsp;&amp;nbsp; &lt;br /&gt;\r\n16.&amp;nbsp; Pure Imagination - Glee - Glee Cast&lt;br /&gt;', 0.1, 'http://tdapics.smugmug.com/Choreography-Videos/Twinkle-Star-Dance/i-5N9s7H7/1/Th/Twinkle-Bear-Jumps-Th.jpg', 'http://api.smugmug.com/services/embed/1710383708_5N9s7H7?width=800&height=600', 1, '2012-09-18 15:41:13', '2012-11-02 13:17:26');
INSERT INTO `videos` VALUES(41, 'TS09 - Freeze Dance Jazz Movement Twinkle Stars Ages 3-4', 'TS09 - Freeze Dance Jazz Movement&lt;br /&gt;\r\nTwinkle Stars Ages 3-4&amp;trade; &lt;br /&gt;\r\nJazz Center Movement&lt;br /&gt;\r\nSong: Freeze Dance (Included in TSD)&lt;br /&gt;\r\nAlbum: Kids on the Move&lt;br /&gt;\r\nArtist: Greg and Steve - Amazon MP3&lt;br /&gt;\r\n&amp;copy; Twinkle Star Dance&amp;trade;&lt;br /&gt;\r\nAll Rights Reserved &lt;br /&gt;\r\n&lt;br /&gt;\r\nCostumeManager.com &amp;lt;a style=&amp;quot;color:#0000FF&amp;quot; href=&amp;quot;http://www.costumemanager.com/overview&amp;quot; target=&amp;quot;_blank&amp;quot;&amp;gt;overview video&amp;nbsp; &amp;lt;/a&amp;gt;. Register your studio today.&lt;br /&gt;\r\n&lt;br /&gt;\r\nClass Playlist Twinkle Stars 3-4&amp;trade;&lt;br /&gt;\r\n&lt;br /&gt;\r\n1.&amp;nbsp; Rockin Pneumonia and the Boogie Woogie Flu - Everyone is a Star&amp;nbsp;&amp;nbsp;&amp;nbsp; Sugar Beats&lt;br /&gt;\r\n2.&amp;nbsp; Shuffles - Al Gilbert Tap One - Al Gilbert&lt;br /&gt;\r\n3.&amp;nbsp; Shuffle Hop - Al Gilbert Tap One - Al Gilbert&lt;br /&gt;\r\n4.&amp;nbsp; Shuffle Hop Toe Back - Al Gilbert Tap One - Al Gilbert&lt;br /&gt;\r\n5.&amp;nbsp; Mockingbird - Back to the Beat Track 6 - Sugar Beats&lt;br /&gt;\r\n6.&amp;nbsp; Working in a Coal Mine - Everyone is a Star&amp;nbsp;&amp;nbsp;&amp;nbsp; - Sugar Beats&lt;br /&gt;\r\n7.&amp;nbsp; Freeway of Love - Car Tunes Track 10&amp;nbsp;&amp;nbsp;&amp;nbsp; - Sugar Beats&lt;br /&gt;\r\n8.&amp;nbsp; Come and Get Your Love - Everyone is a Star - Sugar Beats&lt;br /&gt;\r\n9.&amp;nbsp; Be Our Guest - Beauty and the Beast Soundtrack - Disney&lt;br /&gt;\r\n10.&amp;nbsp; Can You Feel the Love Tonight - The Lion King Soundtrack -&amp;nbsp;&amp;nbsp;&amp;nbsp; Disney&lt;br /&gt;\r\n11.&amp;nbsp; Ballet Walks - I Wonder If I''m Growing Track #6, One Light, One Sun - Statler Music and Video&lt;br /&gt;\r\n12.&amp;nbsp; Chasses and Skips - I Wonder If I''m Growing Track #3, Biscuits in the Oven - Statler Music and Video&lt;br /&gt;\r\n13.&amp;nbsp; Princess Walks - I Wonder If I''m Growing Track #4, All I Really Need - Statler Music and Video&lt;br /&gt;\r\n14.&amp;nbsp; Battements - I Wonder if I''m Growing Track #7, Let''s Do the Numbers Rumba&amp;nbsp;&amp;nbsp;&amp;nbsp; - Statler Music and Video&lt;br /&gt;\r\n15.&amp;nbsp; Freeze Dance - Included in TSD Subscription&amp;nbsp;&amp;nbsp;&amp;nbsp; &lt;br /&gt;\r\n16.&amp;nbsp; Pure Imagination - Glee - Glee Cast&lt;br /&gt;', 0.1, 'http://tdapics.smugmug.com/Choreography-Videos/Twinkle-Star-Dance/i-T2nBGrt/1/Th/Freeze-Dance-In-Hula-Hoops-Th.jpg', 'http://api.smugmug.com/services/embed/1710285610_T2nBGr?width=800&height=600', 1, '2012-09-18 15:42:01', '2012-11-02 13:19:10');
INSERT INTO `videos` VALUES(42, 'TS10 - Twinkle Dust Reverence Twinkle Stars Ages 3-4', 'TS10 - Twinkle Dust Reverence&lt;br /&gt;\r\nTwinkle Stars Ages 3-4&amp;trade;&lt;br /&gt;\r\nBallet Center Movement&lt;br /&gt;\r\nSong: Pure Imagination&lt;br /&gt;\r\nAlbum:&amp;nbsp; Glee&lt;br /&gt;\r\nArtist: Glee Cast - ITUNES&lt;br /&gt;\r\n&amp;copy; Twinkle Star Dance&amp;trade; &lt;br /&gt;\r\nAll Rights Reserved &lt;br /&gt;\r\n&lt;br /&gt;\r\nCostumeManager.com &amp;lt;a style=&amp;quot;color:#0000FF&amp;quot; href=&amp;quot;http://www.costumemanager.com/overview&amp;quot; target=&amp;quot;_blank&amp;quot;&amp;gt;overview video&amp;nbsp; &amp;lt;/a&amp;gt;. Register your studio today.&lt;br /&gt;\r\n&lt;br /&gt;\r\nClass Playlist: Twinkle Stars 3-4&amp;trade;&lt;br /&gt;\r\n&lt;br /&gt;\r\n1.&amp;nbsp; Rockin Pneumonia and the Boogie Woogie Flu - Everyone is a Star&amp;nbsp;&amp;nbsp;&amp;nbsp; Sugar Beats&lt;br /&gt;\r\n2.&amp;nbsp; Shuffles - Al Gilbert Tap One - Al Gilbert&lt;br /&gt;\r\n3.&amp;nbsp; Shuffle Hop - Al Gilbert Tap One - Al Gilbert&lt;br /&gt;\r\n4.&amp;nbsp; Shuffle Hop Toe Back - Al Gilbert Tap One - Al Gilbert&lt;br /&gt;\r\n5.&amp;nbsp; Mockingbird - Back to the Beat Track 6 - Sugar Beats&lt;br /&gt;\r\n6.&amp;nbsp; Working in a Coal Mine - Everyone is a Star&amp;nbsp;&amp;nbsp;&amp;nbsp; - Sugar Beats&lt;br /&gt;\r\n7.&amp;nbsp; Freeway of Love - Car Tunes Track 10&amp;nbsp;&amp;nbsp;&amp;nbsp; - Sugar Beats&lt;br /&gt;\r\n8.&amp;nbsp; Come and Get Your Love - Everyone is a Star - Sugar Beats&lt;br /&gt;\r\n9.&amp;nbsp; Be Our Guest - Beauty and the Beast Soundtrack - Disney&lt;br /&gt;\r\n10.&amp;nbsp; Can You Feel the Love Tonight - The Lion King Soundtrack -&amp;nbsp;&amp;nbsp;&amp;nbsp; Disney&lt;br /&gt;\r\n11.&amp;nbsp; Ballet Walks - I Wonder If I''m Growing Track #6, One Light, One Sun - Statler Music and Video&lt;br /&gt;\r\n12.&amp;nbsp; Chasses and Skips - I Wonder If I''m Growing Track #3, Biscuits in the Oven - Statler Music and Video&lt;br /&gt;\r\n13.&amp;nbsp; Princess Walks - I Wonder If I''m Growing Track #4, All I Really Need - Statler Music and Video&lt;br /&gt;\r\n14.&amp;nbsp; Battements - I Wonder if I''m Growing Track #7, Let''s Do the Numbers Rumba&amp;nbsp;&amp;nbsp;&amp;nbsp; - Statler Music and Video&lt;br /&gt;\r\n15.&amp;nbsp; Freeze Dance - Included in TSD Subscription&amp;nbsp;&amp;nbsp;&amp;nbsp; &lt;br /&gt;\r\n16.&amp;nbsp; Pure Imagination - Glee - Glee Cast&lt;br /&gt;', 0.1, 'http://tdapics.smugmug.com/Choreography-Videos/Twinkle-Star-Dance/i-Q7dD9t9/1/Th/Twinkle-Dust-Reverence-3-4-Th.jpg', 'http://api.smugmug.com/services/embed/1710735886_Q7dD9t9?width=800&height=600', 1, '2012-09-18 15:42:49', '2012-11-02 13:29:58');
INSERT INTO `videos` VALUES(43, 'TS05a - Can You Feel the Love Tonight - Breakdown Twinkle Stars Ages 3-4', 'TS05a - Can You Feel the Love Tonight - Breakdown&lt;br /&gt;\r\nTwinkle Stars Ages 3-4&amp;trade; &lt;br /&gt;\r\nBallet Center Movement&lt;br /&gt;\r\nSong: Can You Feel the Love Tonight&lt;br /&gt;\r\nAlbum:&amp;nbsp; The Lion King&lt;br /&gt;\r\nArtist: Disney - ITUNES&lt;br /&gt;\r\n&amp;copy; Twinkle Star Dance&amp;trade; &lt;br /&gt;\r\nAll Rights Reserved &lt;br /&gt;\r\n&lt;br /&gt;\r\nCostumeManager.com &amp;lt;a style=&amp;quot;color:#0000FF&amp;quot; href=&amp;quot;http://www.costumemanager.com/overview&amp;quot; target=&amp;quot;_blank&amp;quot;&amp;gt;overview video&amp;nbsp; &amp;lt;/a&amp;gt;. Register your studio today.&lt;br /&gt;\r\n&lt;br /&gt;\r\nClass Playlist: Twinkle Stars 3-4&amp;trade;&lt;br /&gt;\r\n&lt;br /&gt;\r\n1.&amp;nbsp; Rockin Pneumonia and the Boogie Woogie Flu - Everyone is a Star&amp;nbsp;&amp;nbsp;&amp;nbsp; Sugar Beats&lt;br /&gt;\r\n2.&amp;nbsp; Shuffles - Al Gilbert Tap One - Al Gilbert&lt;br /&gt;\r\n3.&amp;nbsp; Shuffle Hop - Al Gilbert Tap One - Al Gilbert&lt;br /&gt;\r\n4.&amp;nbsp; Shuffle Hop Toe Back - Al Gilbert Tap One - Al Gilbert&lt;br /&gt;\r\n5.&amp;nbsp; Mockingbird - Back to the Beat Track 6 - Sugar Beats&lt;br /&gt;\r\n6.&amp;nbsp; Working in a Coal Mine - Everyone is a Star&amp;nbsp;&amp;nbsp;&amp;nbsp; - Sugar Beats&lt;br /&gt;\r\n7.&amp;nbsp; Freeway of Love - Car Tunes Track 10&amp;nbsp;&amp;nbsp;&amp;nbsp; - Sugar Beats&lt;br /&gt;\r\n8.&amp;nbsp; Come and Get Your Love - Everyone is a Star - Sugar Beats&lt;br /&gt;\r\n9.&amp;nbsp; Be Our Guest - Beauty and the Beast Soundtrack - Disney&lt;br /&gt;\r\n10.&amp;nbsp; Can You Feel the Love Tonight - The Lion King Soundtrack -&amp;nbsp;&amp;nbsp;&amp;nbsp; Disney&lt;br /&gt;\r\n11.&amp;nbsp; Ballet Walks - I Wonder If I''m Growing Track #6, One Light, One Sun - Statler Music and Video&lt;br /&gt;\r\n12.&amp;nbsp; Chasses and Skips - I Wonder If I''m Growing Track #3, Biscuits in the Oven - Statler Music and Video&lt;br /&gt;\r\n13.&amp;nbsp; Princess Walks - I Wonder If I''m Growing Track #4, All I Really Need - Statler Music and Video&lt;br /&gt;\r\n14.&amp;nbsp; Battements - I Wonder if I''m Growing Track #7, Let''s Do the Numbers Rumba&amp;nbsp;&amp;nbsp;&amp;nbsp; - Statler Music and Video&lt;br /&gt;\r\n15.&amp;nbsp; Freeze Dance - Included in TSD Subscription&amp;nbsp;&amp;nbsp;&amp;nbsp; &lt;br /&gt;\r\n16.&amp;nbsp; Pure Imagination - Glee - Glee Cast&lt;br /&gt;', 0.1, 'http://tdapics.smugmug.com/Choreography-Videos/Twinkle-Star-Dance/i-qKFt5Nf/1/Th/Breakdown-Can-You-Feel-the-Th.jpg', 'http://api.smugmug.com/services/embed/1710365119_qKFt5Nf?width=800&height=600', 1, '2012-09-18 15:43:41', '2012-11-02 12:26:12');
INSERT INTO `videos` VALUES(44, 'TS05a - Can You Feel the Love Tonight - Breakdown Twinkle Stars Ages 3-4', 'TS05a - Can You Feel the Love Tonight - Breakdown&lt;br /&gt;\r\nTwinkle Stars Ages 3-4&amp;trade; &lt;br /&gt;\r\nBallet Center Movement&lt;br /&gt;\r\nSong: Can You Feel the Love Tonight&lt;br /&gt;\r\nAlbum:&amp;nbsp; The Lion King&lt;br /&gt;\r\nArtist: Disney - ITUNES&lt;br /&gt;\r\n&amp;copy; Twinkle Star Dance&amp;trade; &lt;br /&gt;\r\nAll Rights Reserved &lt;br /&gt;\r\n&lt;br /&gt;\r\nCostumeManager.com  &amp;lt;a style=&amp;quot;color:#0000FF&amp;quot;  href=&amp;quot;http://www.costumemanager.com/overview&amp;quot;  target=&amp;quot;_blank&amp;quot;&amp;gt;overview video&amp;nbsp; &amp;lt;/a&amp;gt;. Register your studio  today.&lt;br /&gt;\r\n&lt;br /&gt;\r\nClass Playlist: Twinkle Stars 3-4&amp;trade;&lt;br /&gt;\r\n&lt;br /&gt;\r\n1.&amp;nbsp; Rockin Pneumonia and the Boogie Woogie Flu - Everyone is a Star&amp;nbsp;&amp;nbsp;&amp;nbsp; Sugar Beats&lt;br /&gt;\r\n2.&amp;nbsp; Shuffles - Al Gilbert Tap One - Al Gilbert&lt;br /&gt;\r\n3.&amp;nbsp; Shuffle Hop - Al Gilbert Tap One - Al Gilbert&lt;br /&gt;\r\n4.&amp;nbsp; Shuffle Hop Toe Back - Al Gilbert Tap One - Al Gilbert&lt;br /&gt;\r\n5.&amp;nbsp; Mockingbird - Back to the Beat Track 6 - Sugar Beats&lt;br /&gt;\r\n6.&amp;nbsp; Working in a Coal Mine - Everyone is a Star&amp;nbsp;&amp;nbsp;&amp;nbsp; - Sugar Beats&lt;br /&gt;\r\n7.&amp;nbsp; Freeway of Love - Car Tunes Track 10&amp;nbsp;&amp;nbsp;&amp;nbsp; - Sugar Beats&lt;br /&gt;\r\n8.&amp;nbsp; Come and Get Your Love - Everyone is a Star - Sugar Beats&lt;br /&gt;\r\n9.&amp;nbsp; Be Our Guest - Beauty and the Beast Soundtrack - Disney&lt;br /&gt;\r\n10.&amp;nbsp; Can You Feel the Love Tonight - The Lion King Soundtrack -&amp;nbsp;&amp;nbsp;&amp;nbsp; Disney&lt;br /&gt;\r\n11.&amp;nbsp; Ballet Walks - I Wonder If I''m Growing Track #6, One Light, One Sun - Statler Music and Video&lt;br /&gt;\r\n12.&amp;nbsp; Chasses and Skips - I Wonder If I''m Growing Track #3, Biscuits in the Oven - Statler Music and Video&lt;br /&gt;\r\n13.&amp;nbsp; Princess Walks - I Wonder If I''m Growing Track #4, All I Really Need - Statler Music and Video&lt;br /&gt;\r\n14.&amp;nbsp; Battements - I Wonder if I''m Growing Track #7, Let''s Do the Numbers Rumba&amp;nbsp;&amp;nbsp;&amp;nbsp; - Statler Music and Video&lt;br /&gt;\r\n15.&amp;nbsp; Freeze Dance - Included in TSD Subscription&amp;nbsp;&amp;nbsp;&amp;nbsp; &lt;br /&gt;\r\n16.&amp;nbsp; Pure Imagination - Glee - Glee Cast', 0.1, 'http://tdapics.smugmug.com/Choreography-Videos/Twinkle-Star-Dance/i-qKFt5Nf/1/Th/Breakdown-Can-You-Feel-the-Th.jpg', 'http://api.smugmug.com/services/embed/1710365119_qKFt5Nf?width=800&height=600', 1, '2012-09-18 15:44:00', '2012-11-02 12:26:37');
INSERT INTO `videos` VALUES(45, 'TS01a - Rockin Pneumonia - Breakdown Twinkle Stars 3-4', 'TS01a - Rockin'' Pneumonia and Boogie Woogie Flu - Breakdown&lt;br /&gt;\r\nTwinkle Stars Ages 3-4&amp;trade;&lt;br /&gt;\r\nTap Warm-up&lt;br /&gt;\r\nSong: Rockin'' Pneumonia and Boogie Woogie Flu&lt;br /&gt;\r\nAlbum:&amp;nbsp; Everyone is a Star &lt;br /&gt;\r\nArtist: Sugar Beats - ITUNES&lt;br /&gt;\r\nTwinkle Star Dance&amp;trade;&lt;br /&gt;\r\nAll Rights Reserved &lt;br /&gt;\r\n&lt;br /&gt;\r\nCostumeManager.com &amp;lt;a style=&amp;quot;color:#0000FF&amp;quot; href=&amp;quot;http://www.costumemanager.com/overview&amp;quot; target=&amp;quot;_blank&amp;quot;&amp;gt;overview video&amp;nbsp; &amp;lt;/a&amp;gt;. Register your studio today.&lt;br /&gt;\r\n&lt;br /&gt;\r\nClass Playlist: Twinkle Stars 3-4&amp;trade;&lt;br /&gt;\r\n&lt;br /&gt;\r\n1.&amp;nbsp; Rockin Pneumonia and the Boogie Woogie Flu - Everyone is a Star&amp;nbsp;&amp;nbsp;&amp;nbsp; Sugar Beats&lt;br /&gt;\r\n2.&amp;nbsp; Shuffles - Al Gilbert Tap One - Al Gilbert&lt;br /&gt;\r\n3.&amp;nbsp; Shuffle Hop - Al Gilbert Tap One - Al Gilbert&lt;br /&gt;\r\n4.&amp;nbsp; Shuffle Hop Toe Back - Al Gilbert Tap One - Al Gilbert&lt;br /&gt;\r\n5.&amp;nbsp; Mockingbird - Back to the Beat Track 6 - Sugar Beats&lt;br /&gt;\r\n6.&amp;nbsp; Working in a Coal Mine - Everyone is a Star&amp;nbsp;&amp;nbsp;&amp;nbsp; - Sugar Beats&lt;br /&gt;\r\n7.&amp;nbsp; Freeway of Love - Car Tunes Track 10&amp;nbsp;&amp;nbsp;&amp;nbsp; - Sugar Beats&lt;br /&gt;\r\n8.&amp;nbsp; Come and Get Your Love - Everyone is a Star - Sugar Beats&lt;br /&gt;\r\n9.&amp;nbsp; Be Our Guest - Beauty and the Beast Soundtrack - Disney&lt;br /&gt;\r\n10.&amp;nbsp; Can You Feel the Love Tonight - The Lion King Soundtrack -&amp;nbsp;&amp;nbsp;&amp;nbsp; Disney&lt;br /&gt;\r\n11.&amp;nbsp; Ballet Walks - I Wonder If I''m Growing Track #6, One Light, One Sun - Statler Music and Video&lt;br /&gt;\r\n12.&amp;nbsp; Chasses and Skips - I Wonder If I''m Growing Track #3, Biscuits in the Oven - Statler Music and Video&lt;br /&gt;\r\n13.&amp;nbsp; Princess Walks - I Wonder If I''m Growing Track #4, All I Really Need - Statler Music and Video&lt;br /&gt;\r\n14.&amp;nbsp; Battements - I Wonder if I''m Growing Track #7, Let''s Do the Numbers Rumba&amp;nbsp;&amp;nbsp;&amp;nbsp; - Statler Music and Video&lt;br /&gt;\r\n15.&amp;nbsp; Freeze Dance - Included in TSD Subscription&amp;nbsp;&amp;nbsp;&amp;nbsp; &lt;br /&gt;\r\n16.&amp;nbsp; Pure Imagination - Glee - Glee Cast&lt;br /&gt;\r\n&lt;br /&gt;', 0.1, 'http://tdapics.smugmug.com/Choreography-Videos/Twinkle-Star-Dance/i-zX6QMfL/1/Th/Breakdown-Rockin-Pnemonia-Th.jpg', 'http://api.smugmug.com/services/embed/1710484924_zX6QMfL?width=800&height=600', 1, '2012-09-18 15:46:29', '2012-11-02 12:12:44');
INSERT INTO `videos` VALUES(46, 'TS04 - Be Our Guest Twinkle Stars 3-4', 'TS04 - Be Our Guest &lt;br /&gt;\r\nTwinkle Stars 3-4&amp;trade; &lt;br /&gt;\r\nBallet Center Stretch&lt;br /&gt;\r\nSong:&amp;nbsp; Be Our Guest&lt;br /&gt;\r\nArtist:&amp;nbsp; Disney - Beauty and the Beast - ITUNES&lt;br /&gt;\r\n&amp;copy; Twinkle Star Dance&amp;trade; &lt;br /&gt;\r\nAll Rights Reserved &lt;br /&gt;\r\n&lt;br /&gt;\r\nCostumeManager.com &amp;lt;a style=&amp;quot;color:#0000FF&amp;quot; href=&amp;quot;http://www.costumemanager.com/overview&amp;quot; target=&amp;quot;_blank&amp;quot;&amp;gt;overview video&amp;nbsp; &amp;lt;/a&amp;gt;. Register your studio today.&lt;br /&gt;\r\n&lt;br /&gt;\r\nClass Playlist: Twinkle Stars 3-4&amp;trade;&lt;br /&gt;\r\n&lt;br /&gt;\r\n1.&amp;nbsp; Rockin Pneumonia and the Boogie Woogie Flu - Everyone is a Star&amp;nbsp;&amp;nbsp; &amp;nbsp;Sugar Beats&lt;br /&gt;\r\n2.&amp;nbsp; Shuffles - Al Gilbert Tap One - Al Gilbert&lt;br /&gt;\r\n3.&amp;nbsp; Shuffle Hop - Al Gilbert Tap One - Al Gilbert&lt;br /&gt;\r\n4.&amp;nbsp; Shuffle Hop Toe Back - Al Gilbert Tap One - Al Gilbert&lt;br /&gt;\r\n5.&amp;nbsp; Mockingbird - Back to the Beat Track 6 - Sugar Beats&lt;br /&gt;\r\n6.&amp;nbsp; Working in a Coal Mine - Everyone is a Star&amp;nbsp;&amp;nbsp; &amp;nbsp;- Sugar Beats&lt;br /&gt;\r\n7.&amp;nbsp; Freeway of Love - Car Tunes Track 10&amp;nbsp;&amp;nbsp; &amp;nbsp;- Sugar Beats&lt;br /&gt;\r\n8.&amp;nbsp; Come and Get Your Love - Everyone is a Star - Sugar Beats&lt;br /&gt;\r\n9.&amp;nbsp; Be Our Guest - Beauty and the Beast Soundtrack - Disney&lt;br /&gt;\r\n10.&amp;nbsp; Can You Feel the Love Tonight - The Lion King Soundtrack -&amp;nbsp;&amp;nbsp; &amp;nbsp;Disney&lt;br /&gt;\r\n11.&amp;nbsp; Ballet Walks - I Wonder If I''m Growing Track #6, One Light, One Sun - Statler Music and Video&lt;br /&gt;\r\n12.&amp;nbsp; Chasses and Skips - I Wonder If I''m Growing Track #3, Biscuits in the Oven - Statler Music and Video&lt;br /&gt;\r\n13.&amp;nbsp; Princess Walks - I Wonder If I''m Growing Track #4, All I Really Need - Statler Music and Video&lt;br /&gt;\r\n14.&amp;nbsp; Battements - I Wonder if I''m Growing Track #7, Let''s Do the Numbers Rumba&amp;nbsp;&amp;nbsp; &amp;nbsp;- Statler Music and Video&lt;br /&gt;\r\n15.&amp;nbsp; Freeze Dance - Included in TSD Subscription&amp;nbsp;&amp;nbsp; &amp;nbsp;&lt;br /&gt;\r\n16.&amp;nbsp; Pure Imagination - Glee - Glee Cast', 0.1, 'http://tdapics.smugmug.com/Choreography-Videos/Twinkle-Star-Dance/i-dzMjmbH/1/Th/Be-Our-Guest-New-Th.jpg', 'http://api.smugmug.com/services/embed/1710278844_dzMjmbH?width=800&height=600', 1, '2012-09-18 15:48:20', '2012-11-02 12:18:14');
INSERT INTO `videos` VALUES(47, 'TS04a - Be Our Guest - Breakdown Twinkle Stars 3-4', 'TS04a - Be Our Guest - Breakdown&lt;br /&gt;\r\nTwinkle Stars 3-4&amp;trade; &lt;br /&gt;\r\nBallet Center Stretch&lt;br /&gt;\r\nSong:&amp;nbsp; Be Our Guest&lt;br /&gt;\r\nArtist: Disney - Beauty and the Beast - ITUNES&lt;br /&gt;\r\n&amp;copy; Twinkle Star Dance&amp;trade;&lt;br /&gt;\r\nAll Rights Reserved &lt;br /&gt;\r\n&lt;br /&gt;\r\nCostumeManager.com &amp;lt;a style=&amp;quot;color:#0000FF&amp;quot; href=&amp;quot;http://www.costumemanager.com/overview&amp;quot; target=&amp;quot;_blank&amp;quot;&amp;gt;overview video&amp;nbsp; &amp;lt;/a&amp;gt;. Register your studio today.&lt;br /&gt;\r\n&lt;br /&gt;\r\nClass Playlist: Twinkle Stars 3-4&amp;trade;&lt;br /&gt;\r\n&lt;br /&gt;\r\n1.&amp;nbsp; Rockin Pneumonia and the Boogie Woogie Flu - Everyone is a Star&amp;nbsp;&amp;nbsp; &amp;nbsp;Sugar Beats&lt;br /&gt;\r\n2.&amp;nbsp; Shuffles - Al Gilbert Tap One - Al Gilbert&lt;br /&gt;\r\n3.&amp;nbsp; Shuffle Hop - Al Gilbert Tap One - Al Gilbert&lt;br /&gt;\r\n4.&amp;nbsp; Shuffle Hop Toe Back - Al Gilbert Tap One - Al Gilbert&lt;br /&gt;\r\n5.&amp;nbsp; Mockingbird - Back to the Beat Track 6 - Sugar Beats&lt;br /&gt;\r\n6.&amp;nbsp; Working in a Coal Mine - Everyone is a Star&amp;nbsp;&amp;nbsp; &amp;nbsp;- Sugar Beats&lt;br /&gt;\r\n7.&amp;nbsp; Freeway of Love - Car Tunes Track 10&amp;nbsp;&amp;nbsp; &amp;nbsp;- Sugar Beats&lt;br /&gt;\r\n8.&amp;nbsp; Come and Get Your Love - Everyone is a Star - Sugar Beats&lt;br /&gt;\r\n9.&amp;nbsp; Be Our Guest - Beauty and the Beast Soundtrack - Disney&lt;br /&gt;\r\n10.&amp;nbsp; Can You Feel the Love Tonight - The Lion King Soundtrack -&amp;nbsp;&amp;nbsp; &amp;nbsp;Disney&lt;br /&gt;\r\n11.&amp;nbsp; Ballet Walks - I Wonder If I''m Growing Track #6, One Light, One Sun - Statler Music and Video&lt;br /&gt;\r\n12.&amp;nbsp; Chasses and Skips - I Wonder If I''m Growing Track #3, Biscuits in the Oven - Statler Music and Video&lt;br /&gt;\r\n13.&amp;nbsp; Princess Walks - I Wonder If I''m Growing Track #4, All I Really Need - Statler Music and Video&lt;br /&gt;\r\n14.&amp;nbsp; Battements - I Wonder if I''m Growing Track #7, Let''s Do the Numbers Rumba&amp;nbsp;&amp;nbsp; &amp;nbsp;- Statler Music and Video&lt;br /&gt;\r\n15.&amp;nbsp; Freeze Dance - Included in TSD Subscription&amp;nbsp;&amp;nbsp; &amp;nbsp;&lt;br /&gt;\r\n16.&amp;nbsp; Pure Imagination - Glee - Glee Cast', 0.1, 'http://tdapics.smugmug.com/Choreography-Videos/Twinkle-Star-Dance/i-WT53VdJ/1/Th/Breakdown-Be-Our-Guest-Th.jpg', 'http://api.smugmug.com/services/embed/1710314412_WT53VdJ?width=800&height=600', 1, '2012-09-18 15:49:35', '2012-11-02 12:23:57');
INSERT INTO `videos` VALUES(48, 'TSS01 - Celebration Twinkle Stars 4-5 and 5-6', 'TSS01 - Celebration&lt;br /&gt;\r\nTwinkle Stars 4-5 and 5-6&amp;trade;&lt;br /&gt;\r\nTap Warm Up&lt;br /&gt;\r\nSong: Celebration&lt;br /&gt;\r\nAlbum:&amp;nbsp; Everyone is a Star&lt;br /&gt;\r\nArtist: Sugar Beats - ITUNES&lt;br /&gt;\r\n&amp;copy; Twinkle Star Dance&amp;trade;&lt;br /&gt;\r\nAll Rights Reserved &lt;br /&gt;\r\n&lt;br /&gt;\r\nCostumeManager.com &amp;lt;a style=&amp;quot;color:#0000FF&amp;quot; href=&amp;quot;http://www.costumemanager.com/overview&amp;quot; target=&amp;quot;_blank&amp;quot;&amp;gt;overview video&amp;nbsp; &amp;lt;/a&amp;gt;. Register your studio today.&lt;br /&gt;\r\n&lt;br /&gt;\r\nClass Palylist: Twinkle Stars 4-5 &amp;amp; 5-6&amp;trade;&lt;br /&gt;\r\n&lt;br /&gt;\r\n1.&amp;nbsp;&amp;nbsp; &amp;nbsp;Celebration-Everyone is a Star-Sugar Beats&amp;nbsp;&amp;nbsp; &amp;nbsp;&amp;nbsp;&amp;nbsp; &amp;nbsp;&amp;nbsp;&amp;nbsp; &amp;nbsp;&lt;br /&gt;\r\n2.&amp;nbsp;&amp;nbsp; &amp;nbsp;Shuffles-Al Gilbert Tap One-Al Gilbert&lt;br /&gt;\r\n3.&amp;nbsp;&amp;nbsp; &amp;nbsp;Shuffle Hop-Al Gilbert Tap One-Al Gilbert&lt;br /&gt;\r\n4.&amp;nbsp;&amp;nbsp; &amp;nbsp;Shuffle Hop Toe Back&amp;nbsp;&amp;nbsp; &amp;nbsp;-Al Gilbert Tap One-Al Gilbert&amp;nbsp;&amp;nbsp; &amp;nbsp;&amp;nbsp;&amp;nbsp; &amp;nbsp;&amp;nbsp;&amp;nbsp; &amp;nbsp;&amp;nbsp;&amp;nbsp; &amp;nbsp;&lt;br /&gt;\r\n5.&amp;nbsp;&amp;nbsp; &amp;nbsp;Shuffle Jump-Al Gilbert Tap One-Al Gilbert&lt;br /&gt;\r\n6.&amp;nbsp;&amp;nbsp; &amp;nbsp;Shuffle Ball Change-Al Gilbert Tap One-Al Gilbert&lt;br /&gt;\r\n7.&amp;nbsp;&amp;nbsp; &amp;nbsp;Working in a Coal Mine-Everyone is a Star-Sugar Beats&amp;nbsp;&amp;nbsp; &amp;nbsp;&lt;br /&gt;\r\n8.&amp;nbsp;&amp;nbsp; &amp;nbsp;Come and Get Your Love-Everyone is a Star-Sugar Beats&lt;br /&gt;\r\n9.&amp;nbsp;&amp;nbsp; &amp;nbsp;Freeway of Love-Car Tunes-Sugar Beats&amp;nbsp;&amp;nbsp; &amp;nbsp;&lt;br /&gt;\r\n10.&amp;nbsp;&amp;nbsp; &amp;nbsp;Be Our Guest&amp;nbsp;&amp;nbsp; &amp;nbsp;Beauty and the Beast Soundtrack-Disney&amp;nbsp;&amp;nbsp; &amp;nbsp;&lt;br /&gt;\r\n11.&amp;nbsp;&amp;nbsp; &amp;nbsp;Can You Feel the Love Tonight-The Lion King Soundtrack-Disney&amp;nbsp;&amp;nbsp; &amp;nbsp;&lt;br /&gt;\r\n12.&amp;nbsp;&amp;nbsp; &amp;nbsp;Ballet Plies-I Wonder if I''m Growing Track #2-Statler Music and Video&lt;br /&gt;\r\n13.&amp;nbsp;&amp;nbsp; &amp;nbsp;Ballet Port de Bras-I Wonder if I''m Growing Track #9, Time to Sing-Statler Music and Video&amp;nbsp;&amp;nbsp; &amp;nbsp;&amp;nbsp;&amp;nbsp; &amp;nbsp;&amp;nbsp;&amp;nbsp; &amp;nbsp;&amp;nbsp;&amp;nbsp; &amp;nbsp;&amp;nbsp;&amp;nbsp; &amp;nbsp;&lt;br /&gt;\r\n14.&amp;nbsp;&amp;nbsp; &amp;nbsp;Ballet Walks&amp;nbsp;&amp;nbsp; &amp;nbsp;I Wonder If I''m Growing Track #6, One Light, One Sun-Statler Music and Video&amp;nbsp;&amp;nbsp; &amp;nbsp;&amp;nbsp;&amp;nbsp; &amp;nbsp;&amp;nbsp;&amp;nbsp; &amp;nbsp;&amp;nbsp;&amp;nbsp; &amp;nbsp;&amp;nbsp;&amp;nbsp; &amp;nbsp;&lt;br /&gt;\r\n15.&amp;nbsp;&amp;nbsp; &amp;nbsp;Chasses and Skips-I Wonder If I''m Growing Track #3, Biscuits in the Oven&amp;nbsp;&amp;nbsp; &amp;nbsp;Statler Music and Video&amp;nbsp;&amp;nbsp; &amp;nbsp;&amp;nbsp;&amp;nbsp; &amp;nbsp;&amp;nbsp;&amp;nbsp; &amp;nbsp;&amp;nbsp;&amp;nbsp; &amp;nbsp;&amp;nbsp;&amp;nbsp; &amp;nbsp;&lt;br /&gt;\r\n16.&amp;nbsp;&amp;nbsp; &amp;nbsp;Princess Walks-I Wonder If I''m Growing Track #4, All I Really Need-Statler Music and Video&amp;nbsp;&amp;nbsp; &amp;nbsp;&amp;nbsp;&amp;nbsp; &amp;nbsp;&amp;nbsp;&amp;nbsp; &amp;nbsp;&amp;nbsp;&amp;nbsp; &amp;nbsp;&amp;nbsp;&amp;nbsp; &amp;nbsp;&lt;br /&gt;\r\n17.&amp;nbsp;&amp;nbsp; &amp;nbsp;Battements-I Wonder if I''m Growing Track #7, Let''s Do the Numbers Rumba Statler Music and Video&amp;nbsp;&amp;nbsp; &amp;nbsp;&amp;nbsp;&amp;nbsp; &amp;nbsp;&amp;nbsp;&amp;nbsp; &amp;nbsp;&amp;nbsp;&amp;nbsp; &amp;nbsp;&amp;nbsp;&amp;nbsp; &amp;nbsp;&lt;br /&gt;\r\n18.&amp;nbsp;&amp;nbsp; &amp;nbsp;Shake Your Body -Everyone is a Star-Sugar Beats&lt;br /&gt;\r\n19.&amp;nbsp;&amp;nbsp; &amp;nbsp;Pure Imagination-Glee -Glee Cast', 0.1, 'http://tdapics.smugmug.com/Choreography-Videos/Twinkle-Star-Dance/i-3LkJFZZ/1/Th/Celebration-Tap-Warm-Up-Th.jpg', 'http://api.smugmug.com/services/embed/1710216111_3LkJFZZ?width=800&height=600', 1, '2012-09-18 15:50:43', '2012-11-02 13:33:53');
INSERT INTO `videos` VALUES(49, 'TSS02 - Twinkle Tap Barre Work/ Technique Twinkle Stars 4-5 &amp; 5-6', 'TSS02 - Twinkle Tap Barre Work/ Technique&lt;br /&gt;\r\nTwinkle Stars 4-5 &amp;amp; 5-6&amp;trade;&lt;br /&gt;\r\nTap Barre&lt;br /&gt;\r\nSong 1: Shuffles&lt;br /&gt;\r\nSong 2:Shuffle Hop&lt;br /&gt;\r\nSong 3: Shuffle Hop Toe&lt;br /&gt;\r\nSong 4: Shuffle Jump&lt;br /&gt;\r\nAlbum:&amp;nbsp; Al Gilbert Grade 1&lt;br /&gt;\r\nArtist: Al Gilbert - musicworksunlimited.com&lt;br /&gt;\r\n&amp;copy; Twinkle Star Dance&amp;trade;&lt;br /&gt;\r\nAll Rights Reserved &lt;br /&gt;\r\n&lt;br /&gt;\r\nCostumeManager.com &amp;lt;a style=&amp;quot;color:#0000FF&amp;quot; href=&amp;quot;http://www.costumemanager.com/overview&amp;quot; target=&amp;quot;_blank&amp;quot;&amp;gt;overview video&amp;nbsp; &amp;lt;/a&amp;gt;. Register your studio today.&lt;br /&gt;\r\n&lt;br /&gt;\r\nClass Playlist: Twinkle Stars 4-5 &amp;amp; 5-6&amp;trade; &lt;br /&gt;\r\n&lt;br /&gt;\r\n1.&amp;nbsp;&amp;nbsp; &amp;nbsp;Celebration-Everyone is a Star-Sugar Beats&amp;nbsp;&amp;nbsp; &amp;nbsp;&amp;nbsp;&amp;nbsp; &amp;nbsp;&amp;nbsp;&amp;nbsp; &amp;nbsp;&lt;br /&gt;\r\n2.&amp;nbsp;&amp;nbsp; &amp;nbsp;Shuffles-Al Gilbert Tap One-Al Gilbert&lt;br /&gt;\r\n3.&amp;nbsp;&amp;nbsp; &amp;nbsp;Shuffle Hop-Al Gilbert Tap One-Al Gilbert&lt;br /&gt;\r\n4.&amp;nbsp;&amp;nbsp; &amp;nbsp;Shuffle Hop Toe Back&amp;nbsp;&amp;nbsp; &amp;nbsp;-Al Gilbert Tap One-Al Gilbert&amp;nbsp;&amp;nbsp; &amp;nbsp;&amp;nbsp;&amp;nbsp; &amp;nbsp;&amp;nbsp;&amp;nbsp; &amp;nbsp;&amp;nbsp;&amp;nbsp; &amp;nbsp;&lt;br /&gt;\r\n5.&amp;nbsp;&amp;nbsp; &amp;nbsp;Shuffle Jump-Al Gilbert Tap One-Al Gilbert&lt;br /&gt;\r\n6.&amp;nbsp;&amp;nbsp; &amp;nbsp;Shuffle Ball Change-Al Gilbert Tap One-Al Gilbert&lt;br /&gt;\r\n7.&amp;nbsp;&amp;nbsp; &amp;nbsp;Working in a Coal Mine-Everyone is a Star-Sugar Beats&amp;nbsp;&amp;nbsp; &amp;nbsp;&lt;br /&gt;\r\n8.&amp;nbsp;&amp;nbsp; &amp;nbsp;Come and Get Your Love-Everyone is a Star-Sugar Beats&lt;br /&gt;\r\n9.&amp;nbsp;&amp;nbsp; &amp;nbsp;Freeway of Love-Car Tunes-Sugar Beats&amp;nbsp;&amp;nbsp; &amp;nbsp;&lt;br /&gt;\r\n10.&amp;nbsp;&amp;nbsp; &amp;nbsp;Be Our Guest&amp;nbsp;&amp;nbsp; &amp;nbsp;Beauty and the Beast Soundtrack-Disney&amp;nbsp;&amp;nbsp; &amp;nbsp;&lt;br /&gt;\r\n11.&amp;nbsp;&amp;nbsp; &amp;nbsp;Can You Feel the Love Tonight-The Lion King Soundtrack-Disney&amp;nbsp;&amp;nbsp; &amp;nbsp;&lt;br /&gt;\r\n12.&amp;nbsp;&amp;nbsp; &amp;nbsp;Ballet Plies-I Wonder if I''m Growing Track #2-Statler Music and Video&lt;br /&gt;\r\n13.&amp;nbsp;&amp;nbsp; &amp;nbsp;Ballet Port de Bras-I Wonder if I''m Growing Track #9, Time to Sing-Statler Music and Video&amp;nbsp;&amp;nbsp; &amp;nbsp;&amp;nbsp;&amp;nbsp; &amp;nbsp;&amp;nbsp;&amp;nbsp; &amp;nbsp;&amp;nbsp;&amp;nbsp; &amp;nbsp;&amp;nbsp;&amp;nbsp; &amp;nbsp;&lt;br /&gt;\r\n14.&amp;nbsp;&amp;nbsp; &amp;nbsp;Ballet Walks&amp;nbsp;&amp;nbsp; &amp;nbsp;I Wonder If I''m Growing Track #6, One Light, One Sun-Statler Music and Video&amp;nbsp;&amp;nbsp; &amp;nbsp;&amp;nbsp;&amp;nbsp; &amp;nbsp;&amp;nbsp;&amp;nbsp; &amp;nbsp;&amp;nbsp;&amp;nbsp; &amp;nbsp;&amp;nbsp;&amp;nbsp; &amp;nbsp;&lt;br /&gt;\r\n15.&amp;nbsp;&amp;nbsp; &amp;nbsp;Chasses and Skips-I Wonder If I''m Growing Track #3, Biscuits in the Oven&amp;nbsp;&amp;nbsp; &amp;nbsp;Statler Music and Video&amp;nbsp;&amp;nbsp; &amp;nbsp;&amp;nbsp;&amp;nbsp; &amp;nbsp;&amp;nbsp;&amp;nbsp; &amp;nbsp;&amp;nbsp;&amp;nbsp; &amp;nbsp;&amp;nbsp;&amp;nbsp; &amp;nbsp;&lt;br /&gt;\r\n16.&amp;nbsp;&amp;nbsp; &amp;nbsp;Princess Walks-I Wonder If I''m Growing Track #4, All I Really Need-Statler Music and Video&amp;nbsp;&amp;nbsp; &amp;nbsp;&amp;nbsp;&amp;nbsp; &amp;nbsp;&amp;nbsp;&amp;nbsp; &amp;nbsp;&amp;nbsp;&amp;nbsp; &amp;nbsp;&amp;nbsp;&amp;nbsp; &amp;nbsp;&lt;br /&gt;\r\n17.&amp;nbsp;&amp;nbsp; &amp;nbsp;Battements-I Wonder if I''m Growing Track #7, Let''s Do the Numbers Rumba Statler Music and Video&amp;nbsp;&amp;nbsp; &amp;nbsp;&amp;nbsp;&amp;nbsp; &amp;nbsp;&amp;nbsp;&amp;nbsp; &amp;nbsp;&amp;nbsp;&amp;nbsp; &amp;nbsp;&amp;nbsp;&amp;nbsp; &amp;nbsp;&lt;br /&gt;\r\n18.&amp;nbsp;&amp;nbsp; &amp;nbsp;Shake Your Body -Everyone is a Star-Sugar Beats&lt;br /&gt;\r\n19.&amp;nbsp;&amp;nbsp; &amp;nbsp;Pure Imagination-Glee -Glee Cast', 0.1, 'http://tdapics.smugmug.com/Choreography-Videos/Twinkle-Star-Dance/i-2LXdSP2/1/Th/Tap-Barre-Shuffles-4-5-Th.jpg', 'http://api.smugmug.com/services/embed/1710237940_2LXdSP2?width=800&height=600', 1, '2012-09-18 15:52:16', '2012-11-02 13:35:33');
INSERT INTO `videos` VALUES(50, 'TSS03 - Flaps to the Mirror Twinkle Stars 4-5 and 5-6', 'TSS03 - Flaps to the Mirror&lt;br /&gt;\r\nTwinkle Stars 4-5 and 5-6&amp;trade;&lt;br /&gt;\r\nTap Center Movement&lt;br /&gt;\r\nSong: Come and Get Your Love&lt;br /&gt;\r\nAlbum:&amp;nbsp; Everyone is a Star&lt;br /&gt;\r\nArtist: Sugar Beats - ITUNES&lt;br /&gt;\r\n&amp;copy; Twinkle Star Dance&amp;trade;&lt;br /&gt;\r\nAll Rights Reserved &lt;br /&gt;\r\n&lt;br /&gt;\r\nCostumeManager.com &amp;lt;a style=&amp;quot;color:#0000FF&amp;quot; href=&amp;quot;http://www.costumemanager.com/overview&amp;quot; target=&amp;quot;_blank&amp;quot;&amp;gt;overview video&amp;nbsp; &amp;lt;/a&amp;gt;. Register your studio today.&lt;br /&gt;\r\n&lt;br /&gt;\r\n&lt;br /&gt;\r\nClass Playlist: Twinkle Stars 4-5 &amp;amp; 5-6&amp;trade;&lt;br /&gt;\r\n&lt;br /&gt;\r\n1.&amp;nbsp;&amp;nbsp;&amp;nbsp; Celebration-Everyone is a Star-Sugar Beats&amp;nbsp;&amp;nbsp;&amp;nbsp; &amp;nbsp;&amp;nbsp;&amp;nbsp; &amp;nbsp;&amp;nbsp;&amp;nbsp; &lt;br /&gt;\r\n2.&amp;nbsp;&amp;nbsp;&amp;nbsp; Shuffles-Al Gilbert Tap One-Al Gilbert&lt;br /&gt;\r\n3.&amp;nbsp;&amp;nbsp;&amp;nbsp; Shuffle Hop-Al Gilbert Tap One-Al Gilbert&lt;br /&gt;\r\n4.&amp;nbsp;&amp;nbsp;&amp;nbsp; Shuffle Hop Toe Back&amp;nbsp;&amp;nbsp;&amp;nbsp; -Al Gilbert Tap One-Al Gilbert&amp;nbsp;&amp;nbsp;&amp;nbsp; &amp;nbsp;&amp;nbsp;&amp;nbsp; &amp;nbsp;&amp;nbsp;&amp;nbsp; &amp;nbsp;&amp;nbsp;&amp;nbsp; &lt;br /&gt;\r\n5.&amp;nbsp;&amp;nbsp;&amp;nbsp; Shuffle Jump-Al Gilbert Tap One-Al Gilbert&lt;br /&gt;\r\n6.&amp;nbsp;&amp;nbsp;&amp;nbsp; Shuffle Ball Change-Al Gilbert Tap One-Al Gilbert&lt;br /&gt;\r\n7.&amp;nbsp;&amp;nbsp;&amp;nbsp; Working in a Coal Mine-Everyone is a Star-Sugar Beats&amp;nbsp;&amp;nbsp;&amp;nbsp; &lt;br /&gt;\r\n8.&amp;nbsp;&amp;nbsp;&amp;nbsp; Come and Get Your Love-Everyone is a Star-Sugar Beats&lt;br /&gt;\r\n9.&amp;nbsp;&amp;nbsp;&amp;nbsp; Freeway of Love-Car Tunes-Sugar Beats&amp;nbsp;&amp;nbsp;&amp;nbsp; &lt;br /&gt;\r\n10.&amp;nbsp;&amp;nbsp;&amp;nbsp; Be Our Guest&amp;nbsp;&amp;nbsp;&amp;nbsp; Beauty and the Beast Soundtrack-Disney&amp;nbsp;&amp;nbsp;&amp;nbsp; &lt;br /&gt;\r\n11.&amp;nbsp;&amp;nbsp;&amp;nbsp; Can You Feel the Love Tonight-The Lion King Soundtrack-Disney&amp;nbsp;&amp;nbsp;&amp;nbsp; &lt;br /&gt;\r\n12.&amp;nbsp;&amp;nbsp;&amp;nbsp; Ballet Plies-I Wonder if I''m Growing Track #2-Statler Music and Video&lt;br /&gt;\r\n13.&amp;nbsp;&amp;nbsp;&amp;nbsp; Ballet Port de Bras-I Wonder if I''m Growing Track #9, Time to Sing-Statler Music and Video&amp;nbsp;&amp;nbsp;&amp;nbsp; &amp;nbsp;&amp;nbsp;&amp;nbsp; &amp;nbsp;&amp;nbsp;&amp;nbsp; &amp;nbsp;&amp;nbsp;&amp;nbsp; &amp;nbsp;&amp;nbsp;&amp;nbsp; &lt;br /&gt;\r\n14.&amp;nbsp;&amp;nbsp;&amp;nbsp; Ballet Walks&amp;nbsp;&amp;nbsp;&amp;nbsp; I Wonder If I''m Growing Track #6, One Light, One Sun-Statler Music and Video&amp;nbsp;&amp;nbsp;&amp;nbsp; &amp;nbsp;&amp;nbsp;&amp;nbsp; &amp;nbsp;&amp;nbsp;&amp;nbsp; &amp;nbsp;&amp;nbsp;&amp;nbsp; &amp;nbsp;&amp;nbsp;&amp;nbsp; &lt;br /&gt;\r\n15.&amp;nbsp;&amp;nbsp;&amp;nbsp; Chasses and Skips-I Wonder If I''m Growing Track #3, Biscuits in the Oven&amp;nbsp;&amp;nbsp;&amp;nbsp; Statler Music and Video&amp;nbsp;&amp;nbsp;&amp;nbsp; &amp;nbsp;&amp;nbsp;&amp;nbsp; &amp;nbsp;&amp;nbsp;&amp;nbsp; &amp;nbsp;&amp;nbsp;&amp;nbsp; &amp;nbsp;&amp;nbsp;&amp;nbsp; &lt;br /&gt;\r\n16.&amp;nbsp;&amp;nbsp;&amp;nbsp; Princess Walks-I Wonder If I''m Growing Track #4, All I Really Need-Statler Music and Video&amp;nbsp;&amp;nbsp;&amp;nbsp; &amp;nbsp;&amp;nbsp;&amp;nbsp; &amp;nbsp;&amp;nbsp;&amp;nbsp; &amp;nbsp;&amp;nbsp;&amp;nbsp; &amp;nbsp;&amp;nbsp;&amp;nbsp; &lt;br /&gt;\r\n17.&amp;nbsp;&amp;nbsp;&amp;nbsp; Battements-I Wonder if I''m Growing Track #7, Let''s Do the Numbers Rumba Statler Music and Video&amp;nbsp;&amp;nbsp;&amp;nbsp; &amp;nbsp;&amp;nbsp;&amp;nbsp; &amp;nbsp;&amp;nbsp;&amp;nbsp; &amp;nbsp;&amp;nbsp;&amp;nbsp; &amp;nbsp;&amp;nbsp;&amp;nbsp; &lt;br /&gt;\r\n18.&amp;nbsp;&amp;nbsp;&amp;nbsp; Shake Your Body -Everyone is a Star-Sugar Beats&lt;br /&gt;\r\n19.&amp;nbsp;&amp;nbsp;&amp;nbsp; Pure Imagination-Glee -Glee Cast&lt;br /&gt;', 0.1, 'http://tdapics.smugmug.com/Choreography-Videos/Twinkle-Star-Dance/i-fhhgbsP/1/Th/Flaps-to-the-Mirror-4-5-Th.jpg', 'http://api.smugmug.com/services/embed/1710793538_fhhgbsP?width=800&height=600', 1, '2012-09-18 15:53:12', '2012-11-02 13:38:10');
INSERT INTO `videos` VALUES(51, 'TSS04 - Across the Floor Twinkle Stars 4-5 and 5-6', 'TSS04 - Across the Floor&lt;br /&gt;\r\nTwinkle Stars 4-5 and 5-6&amp;trade;&lt;br /&gt;\r\nTap Movement&lt;br /&gt;\r\nSong: Come and Get Your Love&lt;br /&gt;\r\nAlbum:&amp;nbsp; Everyone is a Star&lt;br /&gt;\r\nArtist: Sugar Beats - ITUNES&lt;br /&gt;\r\n&amp;copy;Twinkle Star Dance&amp;trade; &lt;br /&gt;\r\nAll Rights Reserved&lt;br /&gt;\r\n&amp;nbsp;&lt;br /&gt;\r\nCostumeManager.com &amp;lt;a style=&amp;quot;color:#0000FF&amp;quot; href=&amp;quot;http://www.costumemanager.com/overview&amp;quot; target=&amp;quot;_blank&amp;quot;&amp;gt;overview video&amp;nbsp; &amp;lt;/a&amp;gt;. Register your studio today.&lt;br /&gt;\r\n&lt;br /&gt;\r\n&lt;br /&gt;\r\nClass Playlist: Twinkle Stars 4-5 &amp;amp; 5-6&amp;trade; &lt;br /&gt;\r\n&lt;br /&gt;\r\n1.&amp;nbsp;&amp;nbsp; &amp;nbsp;Celebration-Everyone is a Star-Sugar Beats&amp;nbsp;&amp;nbsp; &amp;nbsp;&amp;nbsp;&amp;nbsp; &amp;nbsp;&amp;nbsp;&amp;nbsp; &amp;nbsp;&lt;br /&gt;\r\n2.&amp;nbsp;&amp;nbsp; &amp;nbsp;Shuffles-Al Gilbert Tap One-Al Gilbert&lt;br /&gt;\r\n3.&amp;nbsp;&amp;nbsp; &amp;nbsp;Shuffle Hop-Al Gilbert Tap One-Al Gilbert&lt;br /&gt;\r\n4.&amp;nbsp;&amp;nbsp; &amp;nbsp;Shuffle Hop Toe Back&amp;nbsp;&amp;nbsp; &amp;nbsp;-Al Gilbert Tap One-Al Gilbert&amp;nbsp;&amp;nbsp; &amp;nbsp;&amp;nbsp;&amp;nbsp; &amp;nbsp;&amp;nbsp;&amp;nbsp; &amp;nbsp;&amp;nbsp;&amp;nbsp; &amp;nbsp;&lt;br /&gt;\r\n5.&amp;nbsp;&amp;nbsp; &amp;nbsp;Shuffle Jump-Al Gilbert Tap One-Al Gilbert&lt;br /&gt;\r\n6.&amp;nbsp;&amp;nbsp; &amp;nbsp;Shuffle Ball Change-Al Gilbert Tap One-Al Gilbert&lt;br /&gt;\r\n7.&amp;nbsp;&amp;nbsp; &amp;nbsp;Working in a Coal Mine-Everyone is a Star-Sugar Beats&amp;nbsp;&amp;nbsp; &amp;nbsp;&lt;br /&gt;\r\n8.&amp;nbsp;&amp;nbsp; &amp;nbsp;Come and Get Your Love-Everyone is a Star-Sugar Beats&lt;br /&gt;\r\n9.&amp;nbsp;&amp;nbsp; &amp;nbsp;Freeway of Love-Car Tunes-Sugar Beats&amp;nbsp;&amp;nbsp; &amp;nbsp;&lt;br /&gt;\r\n10.&amp;nbsp;&amp;nbsp; &amp;nbsp;Be Our Guest&amp;nbsp;&amp;nbsp; &amp;nbsp;Beauty and the Beast Soundtrack-Disney&amp;nbsp;&amp;nbsp; &amp;nbsp;&lt;br /&gt;\r\n11.&amp;nbsp;&amp;nbsp; &amp;nbsp;Can You Feel the Love Tonight-The Lion King Soundtrack-Disney&amp;nbsp;&amp;nbsp; &amp;nbsp;&lt;br /&gt;\r\n12.&amp;nbsp;&amp;nbsp; &amp;nbsp;Ballet Plies-I Wonder if I''m Growing Track #2-Statler Music and Video&lt;br /&gt;\r\n13.&amp;nbsp;&amp;nbsp; &amp;nbsp;Ballet Port de Bras-I Wonder if I''m Growing Track #9, Time to Sing-Statler Music and Video&amp;nbsp;&amp;nbsp; &amp;nbsp;&amp;nbsp;&amp;nbsp; &amp;nbsp;&amp;nbsp;&amp;nbsp; &amp;nbsp;&amp;nbsp;&amp;nbsp; &amp;nbsp;&amp;nbsp;&amp;nbsp; &amp;nbsp;&lt;br /&gt;\r\n14.&amp;nbsp;&amp;nbsp; &amp;nbsp;Ballet Walks&amp;nbsp;&amp;nbsp; &amp;nbsp;I Wonder If I''m Growing Track #6, One Light, One Sun-Statler Music and Video&amp;nbsp;&amp;nbsp; &amp;nbsp;&amp;nbsp;&amp;nbsp; &amp;nbsp;&amp;nbsp;&amp;nbsp; &amp;nbsp;&amp;nbsp;&amp;nbsp; &amp;nbsp;&amp;nbsp;&amp;nbsp; &amp;nbsp;&lt;br /&gt;\r\n15.&amp;nbsp;&amp;nbsp; &amp;nbsp;Chasses and Skips-I Wonder If I''m Growing Track #3, Biscuits in the Oven&amp;nbsp;&amp;nbsp; &amp;nbsp;Statler Music and Video&amp;nbsp;&amp;nbsp; &amp;nbsp;&amp;nbsp;&amp;nbsp; &amp;nbsp;&amp;nbsp;&amp;nbsp; &amp;nbsp;&amp;nbsp;&amp;nbsp; &amp;nbsp;&amp;nbsp;&amp;nbsp; &amp;nbsp;&lt;br /&gt;\r\n16.&amp;nbsp;&amp;nbsp; &amp;nbsp;Princess Walks-I Wonder If I''m Growing Track #4, All I Really Need-Statler Music and Video&amp;nbsp;&amp;nbsp; &amp;nbsp;&amp;nbsp;&amp;nbsp; &amp;nbsp;&amp;nbsp;&amp;nbsp; &amp;nbsp;&amp;nbsp;&amp;nbsp; &amp;nbsp;&amp;nbsp;&amp;nbsp; &amp;nbsp;&lt;br /&gt;\r\n17.&amp;nbsp;&amp;nbsp; &amp;nbsp;Battements-I Wonder if I''m Growing Track #7, Let''s Do the Numbers Rumba Statler Music and Video&amp;nbsp;&amp;nbsp; &amp;nbsp;&amp;nbsp;&amp;nbsp; &amp;nbsp;&amp;nbsp;&amp;nbsp; &amp;nbsp;&amp;nbsp;&amp;nbsp; &amp;nbsp;&amp;nbsp;&amp;nbsp; &amp;nbsp;&lt;br /&gt;\r\n18.&amp;nbsp;&amp;nbsp; &amp;nbsp;Shake Your Body -Everyone is a Star-Sugar Beats&lt;br /&gt;\r\n19.&amp;nbsp;&amp;nbsp; &amp;nbsp;Pure Imagination-Glee -Glee Cast', 0.1, 'http://tdapics.smugmug.com/Choreography-Videos/Twinkle-Star-Dance/i-nCdmqzD/1/Th/Across-the-Floor-Ball-Heel-4-5-Th.jpg', 'http://api.smugmug.com/services/embed/1710933574_nCdmqzD?width=800&height=600', 1, '2012-09-18 15:53:58', '2012-11-02 13:42:30');
INSERT INTO `videos` VALUES(52, 'TSS05 - Twinkle Bear Barre Twinkle Stars 4-5 and 5-6', 'TSS05 - Twinkle Bear Barre&lt;br /&gt;\r\nTwinkle Stars 4-5 and 5-6&amp;trade;&lt;br /&gt;\r\nBallet Barre&lt;br /&gt;\r\nSong: Track #2&lt;br /&gt;\r\nAlbum:&amp;nbsp; I Wonder If I''m Growing&lt;br /&gt;\r\nArtist: Statler Music and Video - musicworksunlimited.com&lt;br /&gt;\r\n&amp;copy; Twinkle Star Dance&amp;trade;&lt;br /&gt;\r\nAll Rights Reserved &lt;br /&gt;\r\n&lt;br /&gt;\r\nCostumeManager.com &amp;lt;a style=&amp;quot;color:#0000FF&amp;quot; href=&amp;quot;http://www.costumemanager.com/overview&amp;quot; target=&amp;quot;_blank&amp;quot;&amp;gt;overview video&amp;nbsp; &amp;lt;/a&amp;gt;. Register your studio today.&lt;br /&gt;\r\n&lt;br /&gt;\r\nClass Playlist: Twinkle Stars 4-5 &amp;amp; 5-6&amp;trade; &lt;br /&gt;\r\n&lt;br /&gt;\r\n1.&amp;nbsp;&amp;nbsp;&amp;nbsp; Celebration-Everyone is a Star-Sugar Beats&amp;nbsp;&amp;nbsp;&amp;nbsp; &amp;nbsp;&amp;nbsp;&amp;nbsp; &amp;nbsp;&amp;nbsp;&amp;nbsp; &lt;br /&gt;\r\n2.&amp;nbsp;&amp;nbsp;&amp;nbsp; Shuffles-Al Gilbert Tap One-Al Gilbert&lt;br /&gt;\r\n3.&amp;nbsp;&amp;nbsp;&amp;nbsp; Shuffle Hop-Al Gilbert Tap One-Al Gilbert&lt;br /&gt;\r\n4.&amp;nbsp;&amp;nbsp;&amp;nbsp; Shuffle Hop Toe Back&amp;nbsp;&amp;nbsp;&amp;nbsp; -Al Gilbert Tap One-Al Gilbert&amp;nbsp;&amp;nbsp;&amp;nbsp; &amp;nbsp;&amp;nbsp;&amp;nbsp; &amp;nbsp;&amp;nbsp;&amp;nbsp; &amp;nbsp;&amp;nbsp;&amp;nbsp; &lt;br /&gt;\r\n5.&amp;nbsp;&amp;nbsp;&amp;nbsp; Shuffle Jump-Al Gilbert Tap One-Al Gilbert&lt;br /&gt;\r\n6.&amp;nbsp;&amp;nbsp;&amp;nbsp; Shuffle Ball Change-Al Gilbert Tap One-Al Gilbert&lt;br /&gt;\r\n7.&amp;nbsp;&amp;nbsp;&amp;nbsp; Working in a Coal Mine-Everyone is a Star-Sugar Beats&amp;nbsp;&amp;nbsp;&amp;nbsp; &lt;br /&gt;\r\n8.&amp;nbsp;&amp;nbsp;&amp;nbsp; Come and Get Your Love-Everyone is a Star-Sugar Beats&lt;br /&gt;\r\n9.&amp;nbsp;&amp;nbsp;&amp;nbsp; Freeway of Love-Car Tunes-Sugar Beats&amp;nbsp;&amp;nbsp;&amp;nbsp; &lt;br /&gt;\r\n10.&amp;nbsp;&amp;nbsp;&amp;nbsp; Be Our Guest&amp;nbsp;&amp;nbsp;&amp;nbsp; Beauty and the Beast Soundtrack-Disney&amp;nbsp;&amp;nbsp;&amp;nbsp; &lt;br /&gt;\r\n11.&amp;nbsp;&amp;nbsp;&amp;nbsp; Can You Feel the Love Tonight-The Lion King Soundtrack-Disney&amp;nbsp;&amp;nbsp;&amp;nbsp; &lt;br /&gt;\r\n12.&amp;nbsp;&amp;nbsp;&amp;nbsp; Ballet Plies-I Wonder if I''m Growing Track #2-Statler Music and Video&lt;br /&gt;\r\n13.&amp;nbsp;&amp;nbsp;&amp;nbsp; Ballet Port de Bras-I Wonder if I''m Growing Track #9, Time to Sing-Statler Music and Video&amp;nbsp;&amp;nbsp;&amp;nbsp; &amp;nbsp;&amp;nbsp;&amp;nbsp; &amp;nbsp;&amp;nbsp;&amp;nbsp; &amp;nbsp;&amp;nbsp;&amp;nbsp; &amp;nbsp;&amp;nbsp;&amp;nbsp; &lt;br /&gt;\r\n14.&amp;nbsp;&amp;nbsp;&amp;nbsp; Ballet Walks&amp;nbsp;&amp;nbsp;&amp;nbsp; I Wonder If I''m Growing Track #6, One Light, One Sun-Statler Music and Video&amp;nbsp;&amp;nbsp;&amp;nbsp; &amp;nbsp;&amp;nbsp;&amp;nbsp; &amp;nbsp;&amp;nbsp;&amp;nbsp; &amp;nbsp;&amp;nbsp;&amp;nbsp; &amp;nbsp;&amp;nbsp;&amp;nbsp; &lt;br /&gt;\r\n15.&amp;nbsp;&amp;nbsp;&amp;nbsp; Chasses and Skips-I Wonder If I''m Growing Track #3, Biscuits in the Oven&amp;nbsp;&amp;nbsp;&amp;nbsp; Statler Music and Video&amp;nbsp;&amp;nbsp;&amp;nbsp; &amp;nbsp;&amp;nbsp;&amp;nbsp; &amp;nbsp;&amp;nbsp;&amp;nbsp; &amp;nbsp;&amp;nbsp;&amp;nbsp; &amp;nbsp;&amp;nbsp;&amp;nbsp; &lt;br /&gt;\r\n16.&amp;nbsp;&amp;nbsp;&amp;nbsp; Princess Walks-I Wonder If I''m Growing Track #4, All I Really Need-Statler Music and Video&amp;nbsp;&amp;nbsp;&amp;nbsp; &amp;nbsp;&amp;nbsp;&amp;nbsp; &amp;nbsp;&amp;nbsp;&amp;nbsp; &amp;nbsp;&amp;nbsp;&amp;nbsp; &amp;nbsp;&amp;nbsp;&amp;nbsp; &lt;br /&gt;\r\n17.&amp;nbsp;&amp;nbsp;&amp;nbsp; Battements-I Wonder if I''m Growing Track #7, Let''s Do the Numbers Rumba Statler Music and Video&amp;nbsp;&amp;nbsp;&amp;nbsp; &amp;nbsp;&amp;nbsp;&amp;nbsp; &amp;nbsp;&amp;nbsp;&amp;nbsp; &amp;nbsp;&amp;nbsp;&amp;nbsp; &amp;nbsp;&amp;nbsp;&amp;nbsp; &lt;br /&gt;\r\n18.&amp;nbsp;&amp;nbsp;&amp;nbsp; Shake Your Body -Everyone is a Star-Sugar Beats&lt;br /&gt;\r\n19.&amp;nbsp;&amp;nbsp;&amp;nbsp; Pure Imagination-Glee -Glee Cast&lt;br /&gt;', 0.1, 'http://tdapics.smugmug.com/Choreography-Videos/Twinkle-Star-Dance/i-pfZtFWQ/1/Th/Twinkle-Bear-at-the-Barre-4-5-Th.jpg', 'http://api.smugmug.com/services/embed/1712817578_pfZtFWQ?width=800&height=600', 1, '2012-09-18 15:55:36', '2012-11-02 13:44:19');
INSERT INTO `videos` VALUES(53, 'TSS05b - Twinkle Bear Center Twinkle Stars 4-5 and 5-6', 'TSS05b - Twinkle Bear Center&lt;br /&gt;\r\nTwinkle Stars 4-5 and 5-6&amp;trade;&lt;br /&gt;\r\nBallet Center Movement&lt;br /&gt;\r\nSong: Time to Sing&lt;br /&gt;\r\nAlbum:&amp;nbsp; I Wonder If I''m Growing&lt;br /&gt;\r\nArtist: Statler Music and Video - musicworksunlimited.com&lt;br /&gt;\r\n&amp;copy;Twinkle Star Dance&amp;trade;&lt;br /&gt;\r\nAll Rights Reserved &lt;br /&gt;\r\n&lt;br /&gt;\r\nCostumeManager.com &amp;lt;a style=&amp;quot;color:#0000FF&amp;quot; href=&amp;quot;http://www.costumemanager.com/overview&amp;quot; target=&amp;quot;_blank&amp;quot;&amp;gt;overview video&amp;nbsp; &amp;lt;/a&amp;gt;. Register your studio today.&lt;br /&gt;\r\n&lt;br /&gt;\r\nClass Playlist: Twinkle Stars 4-5 &amp;amp; 5-6&amp;trade;&lt;br /&gt;\r\n&lt;br /&gt;\r\n1.&amp;nbsp;&amp;nbsp;&amp;nbsp; Celebration-Everyone is a Star-Sugar Beats&amp;nbsp;&amp;nbsp;&amp;nbsp; &amp;nbsp;&amp;nbsp;&amp;nbsp; &amp;nbsp;&amp;nbsp;&amp;nbsp; &lt;br /&gt;\r\n2.&amp;nbsp;&amp;nbsp;&amp;nbsp; Shuffles-Al Gilbert Tap One-Al Gilbert&lt;br /&gt;\r\n3.&amp;nbsp;&amp;nbsp;&amp;nbsp; Shuffle Hop-Al Gilbert Tap One-Al Gilbert&lt;br /&gt;\r\n4.&amp;nbsp;&amp;nbsp;&amp;nbsp; Shuffle Hop Toe Back&amp;nbsp;&amp;nbsp;&amp;nbsp; -Al Gilbert Tap One-Al Gilbert&amp;nbsp;&amp;nbsp;&amp;nbsp; &amp;nbsp;&amp;nbsp;&amp;nbsp; &amp;nbsp;&amp;nbsp;&amp;nbsp; &amp;nbsp;&amp;nbsp;&amp;nbsp; &lt;br /&gt;\r\n5.&amp;nbsp;&amp;nbsp;&amp;nbsp; Shuffle Jump-Al Gilbert Tap One-Al Gilbert&lt;br /&gt;\r\n6.&amp;nbsp;&amp;nbsp;&amp;nbsp; Shuffle Ball Change-Al Gilbert Tap One-Al Gilbert&lt;br /&gt;\r\n7.&amp;nbsp;&amp;nbsp;&amp;nbsp; Working in a Coal Mine-Everyone is a Star-Sugar Beats&amp;nbsp;&amp;nbsp;&amp;nbsp; &lt;br /&gt;\r\n8.&amp;nbsp;&amp;nbsp;&amp;nbsp; Come and Get Your Love-Everyone is a Star-Sugar Beats&lt;br /&gt;\r\n9.&amp;nbsp;&amp;nbsp;&amp;nbsp; Freeway of Love-Car Tunes-Sugar Beats&amp;nbsp;&amp;nbsp;&amp;nbsp; &lt;br /&gt;\r\n10.&amp;nbsp;&amp;nbsp;&amp;nbsp; Be Our Guest&amp;nbsp;&amp;nbsp;&amp;nbsp; Beauty and the Beast Soundtrack-Disney&amp;nbsp;&amp;nbsp;&amp;nbsp; &lt;br /&gt;\r\n11.&amp;nbsp;&amp;nbsp;&amp;nbsp; Can You Feel the Love Tonight-The Lion King Soundtrack-Disney&amp;nbsp;&amp;nbsp;&amp;nbsp; &lt;br /&gt;\r\n12.&amp;nbsp;&amp;nbsp;&amp;nbsp; Ballet Plies-I Wonder if I''m Growing Track #2-Statler Music and Video&lt;br /&gt;\r\n13.&amp;nbsp;&amp;nbsp;&amp;nbsp; Ballet Port de Bras-I Wonder if I''m Growing Track #9, Time to Sing-Statler Music and Video&amp;nbsp;&amp;nbsp;&amp;nbsp; &amp;nbsp;&amp;nbsp;&amp;nbsp; &amp;nbsp;&amp;nbsp;&amp;nbsp; &amp;nbsp;&amp;nbsp;&amp;nbsp; &amp;nbsp;&amp;nbsp;&amp;nbsp; &lt;br /&gt;\r\n14.&amp;nbsp;&amp;nbsp;&amp;nbsp; Ballet Walks&amp;nbsp;&amp;nbsp;&amp;nbsp; I Wonder If I''m Growing Track #6, One Light, One Sun-Statler Music and Video&amp;nbsp;&amp;nbsp;&amp;nbsp; &amp;nbsp;&amp;nbsp;&amp;nbsp; &amp;nbsp;&amp;nbsp;&amp;nbsp; &amp;nbsp;&amp;nbsp;&amp;nbsp; &amp;nbsp;&amp;nbsp;&amp;nbsp; &lt;br /&gt;\r\n15.&amp;nbsp;&amp;nbsp;&amp;nbsp; Chasses and Skips-I Wonder If I''m Growing Track #3, Biscuits in the Oven&amp;nbsp;&amp;nbsp;&amp;nbsp; Statler Music and Video&amp;nbsp;&amp;nbsp;&amp;nbsp; &amp;nbsp;&amp;nbsp;&amp;nbsp; &amp;nbsp;&amp;nbsp;&amp;nbsp; &amp;nbsp;&amp;nbsp;&amp;nbsp; &amp;nbsp;&amp;nbsp;&amp;nbsp; &lt;br /&gt;\r\n16.&amp;nbsp;&amp;nbsp;&amp;nbsp; Princess Walks-I Wonder If I''m Growing Track #4, All I Really Need-Statler Music and Video&amp;nbsp;&amp;nbsp;&amp;nbsp; &amp;nbsp;&amp;nbsp;&amp;nbsp; &amp;nbsp;&amp;nbsp;&amp;nbsp; &amp;nbsp;&amp;nbsp;&amp;nbsp; &amp;nbsp;&amp;nbsp;&amp;nbsp; &lt;br /&gt;\r\n17.&amp;nbsp;&amp;nbsp;&amp;nbsp; Battements-I Wonder if I''m Growing Track #7, Let''s Do the Numbers Rumba Statler Music and Video&amp;nbsp;&amp;nbsp;&amp;nbsp; &amp;nbsp;&amp;nbsp;&amp;nbsp; &amp;nbsp;&amp;nbsp;&amp;nbsp; &amp;nbsp;&amp;nbsp;&amp;nbsp; &amp;nbsp;&amp;nbsp;&amp;nbsp; &lt;br /&gt;\r\n18.&amp;nbsp;&amp;nbsp;&amp;nbsp; Shake Your Body -Everyone is a Star-Sugar Beats&lt;br /&gt;\r\n19.&amp;nbsp;&amp;nbsp;&amp;nbsp; Pure Imagination-Glee -Glee Cast&lt;br /&gt;', 0.1, 'http://tdapics.smugmug.com/Choreography-Videos/Twinkle-Star-Dance/i-pPPGL8p/1/Th/Twinkle-Bear-Center-4-5-Th.jpg', 'http://api.smugmug.com/services/embed/1712853261_pPPGL8p?width=800&height=600', 1, '2012-09-18 15:58:17', '2012-11-02 13:45:35');
INSERT INTO `videos` VALUES(54, 'TSS06 - Greensleeves Twinkle Stars 4-5 and 5-6', 'TSS06 - Greensleeves&lt;br /&gt;\r\nTwinkle Stars 4-5 and 5-6&amp;trade;&lt;br /&gt;\r\nBallet Center Movement&lt;br /&gt;\r\nSong: Greensleeves&lt;br /&gt;\r\nAlbum: Candlelight Classics&lt;br /&gt;\r\nArtist: London Promenade Orchestra - Itunes&lt;br /&gt;\r\n&amp;copy; Twinkle Star Dance&amp;trade;&lt;br /&gt;\r\nAll Rights Reserved &lt;br /&gt;\r\n&lt;br /&gt;\r\nCostumeManager.com &amp;lt;a style=&amp;quot;color:#0000FF&amp;quot; href=&amp;quot;http://www.costumemanager.com/overview&amp;quot; target=&amp;quot;_blank&amp;quot;&amp;gt;overview video&amp;nbsp; &amp;lt;/a&amp;gt;. Register your studio today.&lt;br /&gt;\r\n&lt;br /&gt;\r\nClass Playlist: Twinkle Stars 4-5 &amp;amp; 5-6&amp;trade; &lt;br /&gt;\r\n&lt;br /&gt;\r\n1.&amp;nbsp;&amp;nbsp;&amp;nbsp; Celebration-Everyone is a Star-Sugar Beats&amp;nbsp;&amp;nbsp;&amp;nbsp; &amp;nbsp;&amp;nbsp;&amp;nbsp; &amp;nbsp;&amp;nbsp;&amp;nbsp; &lt;br /&gt;\r\n2.&amp;nbsp;&amp;nbsp;&amp;nbsp; Shuffles-Al Gilbert Tap One-Al Gilbert&lt;br /&gt;\r\n3.&amp;nbsp;&amp;nbsp;&amp;nbsp; Shuffle Hop-Al Gilbert Tap One-Al Gilbert&lt;br /&gt;\r\n4.&amp;nbsp;&amp;nbsp;&amp;nbsp; Shuffle Hop Toe Back&amp;nbsp;&amp;nbsp;&amp;nbsp; -Al Gilbert Tap One-Al Gilbert&amp;nbsp;&amp;nbsp;&amp;nbsp; &amp;nbsp;&amp;nbsp;&amp;nbsp; &amp;nbsp;&amp;nbsp;&amp;nbsp; &amp;nbsp;&amp;nbsp;&amp;nbsp; &lt;br /&gt;\r\n5.&amp;nbsp;&amp;nbsp;&amp;nbsp; Shuffle Jump-Al Gilbert Tap One-Al Gilbert&lt;br /&gt;\r\n6.&amp;nbsp;&amp;nbsp;&amp;nbsp; Shuffle Ball Change-Al Gilbert Tap One-Al Gilbert&lt;br /&gt;\r\n7.&amp;nbsp;&amp;nbsp;&amp;nbsp; Working in a Coal Mine-Everyone is a Star-Sugar Beats&amp;nbsp;&amp;nbsp;&amp;nbsp; &lt;br /&gt;\r\n8.&amp;nbsp;&amp;nbsp;&amp;nbsp; Come and Get Your Love-Everyone is a Star-Sugar Beats&lt;br /&gt;\r\n9.&amp;nbsp;&amp;nbsp;&amp;nbsp; Freeway of Love-Car Tunes-Sugar Beats&amp;nbsp;&amp;nbsp;&amp;nbsp; &lt;br /&gt;\r\n10.&amp;nbsp;&amp;nbsp;&amp;nbsp; Be Our Guest&amp;nbsp;&amp;nbsp;&amp;nbsp; Beauty and the Beast Soundtrack-Disney&amp;nbsp;&amp;nbsp;&amp;nbsp; &lt;br /&gt;\r\n11.&amp;nbsp;&amp;nbsp;&amp;nbsp; Can You Feel the Love Tonight-The Lion King Soundtrack-Disney&amp;nbsp;&amp;nbsp;&amp;nbsp; &lt;br /&gt;\r\n12.&amp;nbsp;&amp;nbsp;&amp;nbsp; Ballet Plies-I Wonder if I''m Growing Track #2-Statler Music and Video&lt;br /&gt;\r\n13.&amp;nbsp;&amp;nbsp;&amp;nbsp; Ballet Port de Bras-I Wonder if I''m Growing Track #9, Time to Sing-Statler Music and Video&amp;nbsp;&amp;nbsp;&amp;nbsp; &amp;nbsp;&amp;nbsp;&amp;nbsp; &amp;nbsp;&amp;nbsp;&amp;nbsp; &amp;nbsp;&amp;nbsp;&amp;nbsp; &amp;nbsp;&amp;nbsp;&amp;nbsp; &lt;br /&gt;\r\n14.&amp;nbsp;&amp;nbsp;&amp;nbsp; Ballet Walks&amp;nbsp;&amp;nbsp;&amp;nbsp; I Wonder If I''m Growing Track #6, One Light, One Sun-Statler Music and Video&amp;nbsp;&amp;nbsp;&amp;nbsp; &amp;nbsp;&amp;nbsp;&amp;nbsp; &amp;nbsp;&amp;nbsp;&amp;nbsp; &amp;nbsp;&amp;nbsp;&amp;nbsp; &amp;nbsp;&amp;nbsp;&amp;nbsp; &lt;br /&gt;\r\n15.&amp;nbsp;&amp;nbsp;&amp;nbsp; Chasses and Skips-I Wonder If I''m Growing Track #3, Biscuits in the Oven&amp;nbsp;&amp;nbsp;&amp;nbsp; Statler Music and Video&amp;nbsp;&amp;nbsp;&amp;nbsp; &amp;nbsp;&amp;nbsp;&amp;nbsp; &amp;nbsp;&amp;nbsp;&amp;nbsp; &amp;nbsp;&amp;nbsp;&amp;nbsp; &amp;nbsp;&amp;nbsp;&amp;nbsp; &lt;br /&gt;\r\n16.&amp;nbsp;&amp;nbsp;&amp;nbsp; Princess Walks-I Wonder If I''m Growing Track #4, All I Really Need-Statler Music and Video&amp;nbsp;&amp;nbsp;&amp;nbsp; &amp;nbsp;&amp;nbsp;&amp;nbsp; &amp;nbsp;&amp;nbsp;&amp;nbsp; &amp;nbsp;&amp;nbsp;&amp;nbsp; &amp;nbsp;&amp;nbsp;&amp;nbsp; &lt;br /&gt;\r\n17.&amp;nbsp;&amp;nbsp;&amp;nbsp; Battements-I Wonder if I''m Growing Track #7, Let''s Do the Numbers Rumba Statler Music and Video&amp;nbsp;&amp;nbsp;&amp;nbsp; &amp;nbsp;&amp;nbsp;&amp;nbsp; &amp;nbsp;&amp;nbsp;&amp;nbsp; &amp;nbsp;&amp;nbsp;&amp;nbsp; &amp;nbsp;&amp;nbsp;&amp;nbsp; &lt;br /&gt;\r\n18.&amp;nbsp;&amp;nbsp;&amp;nbsp; Shake Your Body -Everyone is a Star-Sugar Beats&lt;br /&gt;\r\n19.&amp;nbsp;&amp;nbsp;&amp;nbsp; Pure Imagination-Glee -Glee Cast&lt;br /&gt;', 0.1, 'http://tdapics.smugmug.com/Choreography-Videos/Twinkle-Star-Dance/i-6nJtW9Q/1/Th/Greensleeves-Ballet-Center-Th.jpg', 'http://api.smugmug.com/services/embed/1715115686_6nJtW9Q?width=800&height=600', 1, '2012-09-18 15:59:10', '2012-11-02 13:47:40');
INSERT INTO `videos` VALUES(55, 'TSS07 - Across the Floor Twinkle Stars 4-5 and 5-6', 'TSS07 - Across the Floor &lt;br /&gt;\r\nTwinkle Stars 4-5 and 5-6&amp;trade;&lt;br /&gt;\r\nBallet Movement&lt;br /&gt;\r\nSong 1: One Light. One Sun&lt;br /&gt;\r\nSong 2: Biscuits in the Oven&lt;br /&gt;\r\nSong 3: All I Really Need&lt;br /&gt;\r\nSong 4:&amp;nbsp; Let''s Do the Numbers Rumba&lt;br /&gt;\r\nAlbum: I Wonder If I''m Growing&lt;br /&gt;\r\nArtist: Statler Music and Video - musicworksunlimited.com&lt;br /&gt;\r\nTwinkle Star Dance&amp;trade;&lt;br /&gt;\r\n&amp;copy; 2011 Tiffany''s Dance Academy, Inc. &lt;br /&gt;\r\nAll Rights Reserved &lt;br /&gt;\r\n&lt;br /&gt;\r\nCostumeManager.com &amp;lt;a style=&amp;quot;color:#0000FF&amp;quot; href=&amp;quot;http://www.costumemanager.com/overview&amp;quot; target=&amp;quot;_blank&amp;quot;&amp;gt;overview video&amp;nbsp; &amp;lt;/a&amp;gt;. Register your studio today.&lt;br /&gt;\r\n&lt;br /&gt;\r\n&lt;br /&gt;\r\nClass Playlist: Twinkle Stars 4-5 &amp;amp; 5-6&amp;trade; &lt;br /&gt;\r\n&lt;br /&gt;\r\n1.&amp;nbsp;&amp;nbsp;&amp;nbsp; Celebration-Everyone is a Star-Sugar Beats&amp;nbsp;&amp;nbsp;&amp;nbsp; &amp;nbsp;&amp;nbsp;&amp;nbsp; &amp;nbsp;&amp;nbsp;&amp;nbsp; &lt;br /&gt;\r\n2.&amp;nbsp;&amp;nbsp;&amp;nbsp; Shuffles-Al Gilbert Tap One-Al Gilbert&lt;br /&gt;\r\n3.&amp;nbsp;&amp;nbsp;&amp;nbsp; Shuffle Hop-Al Gilbert Tap One-Al Gilbert&lt;br /&gt;\r\n4.&amp;nbsp;&amp;nbsp;&amp;nbsp; Shuffle Hop Toe Back&amp;nbsp;&amp;nbsp;&amp;nbsp; -Al Gilbert Tap One-Al Gilbert&amp;nbsp;&amp;nbsp;&amp;nbsp; &amp;nbsp;&amp;nbsp;&amp;nbsp; &amp;nbsp;&amp;nbsp;&amp;nbsp; &amp;nbsp;&amp;nbsp;&amp;nbsp; &lt;br /&gt;\r\n5.&amp;nbsp;&amp;nbsp;&amp;nbsp; Shuffle Jump-Al Gilbert Tap One-Al Gilbert&lt;br /&gt;\r\n6.&amp;nbsp;&amp;nbsp;&amp;nbsp; Shuffle Ball Change-Al Gilbert Tap One-Al Gilbert&lt;br /&gt;\r\n7.&amp;nbsp;&amp;nbsp;&amp;nbsp; Working in a Coal Mine-Everyone is a Star-Sugar Beats&amp;nbsp;&amp;nbsp;&amp;nbsp; &lt;br /&gt;\r\n8.&amp;nbsp;&amp;nbsp;&amp;nbsp; Come and Get Your Love-Everyone is a Star-Sugar Beats&lt;br /&gt;\r\n9.&amp;nbsp;&amp;nbsp;&amp;nbsp; Freeway of Love-Car Tunes-Sugar Beats&amp;nbsp;&amp;nbsp;&amp;nbsp; &lt;br /&gt;\r\n10.&amp;nbsp;&amp;nbsp;&amp;nbsp; Be Our Guest&amp;nbsp;&amp;nbsp;&amp;nbsp; Beauty and the Beast Soundtrack-Disney&amp;nbsp;&amp;nbsp;&amp;nbsp; &lt;br /&gt;\r\n11.&amp;nbsp;&amp;nbsp;&amp;nbsp; Can You Feel the Love Tonight-The Lion King Soundtrack-Disney&amp;nbsp;&amp;nbsp;&amp;nbsp; &lt;br /&gt;\r\n12.&amp;nbsp;&amp;nbsp;&amp;nbsp; Ballet Plies-I Wonder if I''m Growing Track #2-Statler Music and Video&lt;br /&gt;\r\n13.&amp;nbsp;&amp;nbsp;&amp;nbsp; Ballet Port de Bras-I Wonder if I''m Growing Track #9, Time to Sing-Statler Music and Video&amp;nbsp;&amp;nbsp;&amp;nbsp; &amp;nbsp;&amp;nbsp;&amp;nbsp; &amp;nbsp;&amp;nbsp;&amp;nbsp; &amp;nbsp;&amp;nbsp;&amp;nbsp; &amp;nbsp;&amp;nbsp;&amp;nbsp; &lt;br /&gt;\r\n14.&amp;nbsp;&amp;nbsp;&amp;nbsp; Ballet Walks&amp;nbsp;&amp;nbsp;&amp;nbsp; I Wonder If I''m Growing Track #6, One Light, One Sun-Statler Music and Video&amp;nbsp;&amp;nbsp;&amp;nbsp; &amp;nbsp;&amp;nbsp;&amp;nbsp; &amp;nbsp;&amp;nbsp;&amp;nbsp; &amp;nbsp;&amp;nbsp;&amp;nbsp; &amp;nbsp;&amp;nbsp;&amp;nbsp; &lt;br /&gt;\r\n15.&amp;nbsp;&amp;nbsp;&amp;nbsp; Chasses and Skips-I Wonder If I''m Growing Track #3, Biscuits in the Oven&amp;nbsp;&amp;nbsp;&amp;nbsp; Statler Music and Video&amp;nbsp;&amp;nbsp;&amp;nbsp; &amp;nbsp;&amp;nbsp;&amp;nbsp; &amp;nbsp;&amp;nbsp;&amp;nbsp; &amp;nbsp;&amp;nbsp;&amp;nbsp; &amp;nbsp;&amp;nbsp;&amp;nbsp; &lt;br /&gt;\r\n16.&amp;nbsp;&amp;nbsp;&amp;nbsp; Princess Walks-I Wonder If I''m Growing Track #4, All I Really Need-Statler Music and Video&amp;nbsp;&amp;nbsp;&amp;nbsp; &amp;nbsp;&amp;nbsp;&amp;nbsp; &amp;nbsp;&amp;nbsp;&amp;nbsp; &amp;nbsp;&amp;nbsp;&amp;nbsp; &amp;nbsp;&amp;nbsp;&amp;nbsp; &lt;br /&gt;\r\n17.&amp;nbsp;&amp;nbsp;&amp;nbsp; Battements-I Wonder if I''m Growing Track #7, Let''s Do the Numbers Rumba Statler Music and Video&amp;nbsp;&amp;nbsp;&amp;nbsp; &amp;nbsp;&amp;nbsp;&amp;nbsp; &amp;nbsp;&amp;nbsp;&amp;nbsp; &amp;nbsp;&amp;nbsp;&amp;nbsp; &amp;nbsp;&amp;nbsp;&amp;nbsp; &lt;br /&gt;\r\n18.&amp;nbsp;&amp;nbsp;&amp;nbsp; Shake Your Body -Everyone is a Star-Sugar Beats&lt;br /&gt;\r\n19.&amp;nbsp;&amp;nbsp;&amp;nbsp; Pure Imagination-Glee -Glee Cast&lt;br /&gt;', 0.1, 'http://tdapics.smugmug.com/Choreography-Videos/Twinkle-Star-Dance/i-wpGTCSw/1/Th/Across-the-Floor-Chasses-Skips-Th.jpg', 'http://api.smugmug.com/services/embed/1715114230_wpGTCSw?width=800&height=600', 1, '2012-09-18 16:01:12', '2012-11-02 13:50:52');
INSERT INTO `videos` VALUES(56, 'TSS08 - Shake Your Body Twinkle Stars 4-5 and 5-6', 'TSS08 - Shake Your Body&lt;br /&gt;\r\nTwinkle Stars 4-5 and 5-6&amp;trade;&lt;br /&gt;\r\nJazz Center Movement&lt;br /&gt;\r\nSong: Shake Your Body&lt;br /&gt;\r\nAlbum: Everyone is a Star&lt;br /&gt;\r\nArtist: Sugar Beats - ITUNES&lt;br /&gt;\r\n&amp;copy;Twinkle Star Dance&amp;trade;&lt;br /&gt;\r\nAll Rights Reserved &lt;br /&gt;\r\n&lt;br /&gt;\r\nCostumeManager.com &amp;lt;a style=&amp;quot;color:#0000FF&amp;quot; href=&amp;quot;http://www.costumemanager.com/overview&amp;quot; target=&amp;quot;_blank&amp;quot;&amp;gt;overview video&amp;nbsp; &amp;lt;/a&amp;gt;. Register your studio today.&lt;br /&gt;\r\n&lt;br /&gt;\r\nClass Playlist: Twinkle Stars 4-5 &amp;amp; 5-6&amp;trade;&lt;br /&gt;\r\n&lt;br /&gt;\r\n1.&amp;nbsp;&amp;nbsp;&amp;nbsp; Celebration-Everyone is a Star-Sugar Beats&amp;nbsp;&amp;nbsp;&amp;nbsp; &amp;nbsp;&amp;nbsp;&amp;nbsp; &amp;nbsp;&amp;nbsp;&amp;nbsp; &lt;br /&gt;\r\n2.&amp;nbsp;&amp;nbsp;&amp;nbsp; Shuffles-Al Gilbert Tap One-Al Gilbert&lt;br /&gt;\r\n3.&amp;nbsp;&amp;nbsp;&amp;nbsp; Shuffle Hop-Al Gilbert Tap One-Al Gilbert&lt;br /&gt;\r\n4.&amp;nbsp;&amp;nbsp;&amp;nbsp; Shuffle Hop Toe Back&amp;nbsp;&amp;nbsp;&amp;nbsp; -Al Gilbert Tap One-Al Gilbert&amp;nbsp;&amp;nbsp;&amp;nbsp; &amp;nbsp;&amp;nbsp;&amp;nbsp; &amp;nbsp;&amp;nbsp;&amp;nbsp; &amp;nbsp;&amp;nbsp;&amp;nbsp; &lt;br /&gt;\r\n5.&amp;nbsp;&amp;nbsp;&amp;nbsp; Shuffle Jump-Al Gilbert Tap One-Al Gilbert&lt;br /&gt;\r\n6.&amp;nbsp;&amp;nbsp;&amp;nbsp; Shuffle Ball Change-Al Gilbert Tap One-Al Gilbert&lt;br /&gt;\r\n7.&amp;nbsp;&amp;nbsp;&amp;nbsp; Working in a Coal Mine-Everyone is a Star-Sugar Beats&amp;nbsp;&amp;nbsp;&amp;nbsp; &lt;br /&gt;\r\n8.&amp;nbsp;&amp;nbsp;&amp;nbsp; Come and Get Your Love-Everyone is a Star-Sugar Beats&lt;br /&gt;\r\n9.&amp;nbsp;&amp;nbsp;&amp;nbsp; Freeway of Love-Car Tunes-Sugar Beats&amp;nbsp;&amp;nbsp;&amp;nbsp; &lt;br /&gt;\r\n10.&amp;nbsp;&amp;nbsp;&amp;nbsp; Be Our Guest&amp;nbsp;&amp;nbsp;&amp;nbsp; Beauty and the Beast Soundtrack-Disney&amp;nbsp;&amp;nbsp;&amp;nbsp; &lt;br /&gt;\r\n11.&amp;nbsp;&amp;nbsp;&amp;nbsp; Can You Feel the Love Tonight-The Lion King Soundtrack-Disney&amp;nbsp;&amp;nbsp;&amp;nbsp; &lt;br /&gt;\r\n12.&amp;nbsp;&amp;nbsp;&amp;nbsp; Ballet Plies-I Wonder if I''m Growing Track #2-Statler Music and Video&lt;br /&gt;\r\n13.&amp;nbsp;&amp;nbsp;&amp;nbsp; Ballet Port de Bras-I Wonder if I''m Growing Track #9, Time to Sing-Statler Music and Video&amp;nbsp;&amp;nbsp;&amp;nbsp; &amp;nbsp;&amp;nbsp;&amp;nbsp; &amp;nbsp;&amp;nbsp;&amp;nbsp; &amp;nbsp;&amp;nbsp;&amp;nbsp; &amp;nbsp;&amp;nbsp;&amp;nbsp; &lt;br /&gt;\r\n14.&amp;nbsp;&amp;nbsp;&amp;nbsp; Ballet Walks&amp;nbsp;&amp;nbsp;&amp;nbsp; I Wonder If I''m Growing Track #6, One Light, One Sun-Statler Music and Video&amp;nbsp;&amp;nbsp;&amp;nbsp; &amp;nbsp;&amp;nbsp;&amp;nbsp; &amp;nbsp;&amp;nbsp;&amp;nbsp; &amp;nbsp;&amp;nbsp;&amp;nbsp; &amp;nbsp;&amp;nbsp;&amp;nbsp; &lt;br /&gt;\r\n15.&amp;nbsp;&amp;nbsp;&amp;nbsp; Chasses and Skips-I Wonder If I''m Growing Track #3, Biscuits in the Oven&amp;nbsp;&amp;nbsp;&amp;nbsp; Statler Music and Video&amp;nbsp;&amp;nbsp;&amp;nbsp; &amp;nbsp;&amp;nbsp;&amp;nbsp; &amp;nbsp;&amp;nbsp;&amp;nbsp; &amp;nbsp;&amp;nbsp;&amp;nbsp; &amp;nbsp;&amp;nbsp;&amp;nbsp; &lt;br /&gt;\r\n16.&amp;nbsp;&amp;nbsp;&amp;nbsp; Princess Walks-I Wonder If I''m Growing Track #4, All I Really Need-Statler Music and Video&amp;nbsp;&amp;nbsp;&amp;nbsp; &amp;nbsp;&amp;nbsp;&amp;nbsp; &amp;nbsp;&amp;nbsp;&amp;nbsp; &amp;nbsp;&amp;nbsp;&amp;nbsp; &amp;nbsp;&amp;nbsp;&amp;nbsp; &lt;br /&gt;\r\n17.&amp;nbsp;&amp;nbsp;&amp;nbsp; Battements-I Wonder if I''m Growing Track #7, Let''s Do the Numbers Rumba Statler Music and Video&amp;nbsp;&amp;nbsp;&amp;nbsp; &amp;nbsp;&amp;nbsp;&amp;nbsp; &amp;nbsp;&amp;nbsp;&amp;nbsp; &amp;nbsp;&amp;nbsp;&amp;nbsp; &amp;nbsp;&amp;nbsp;&amp;nbsp; &lt;br /&gt;\r\n18.&amp;nbsp;&amp;nbsp;&amp;nbsp; Shake Your Body -Everyone is a Star-Sugar Beats&lt;br /&gt;\r\n19.&amp;nbsp;&amp;nbsp;&amp;nbsp; Pure Imagination-Glee -Glee Cast&lt;br /&gt;', 0.1, 'http://tdapics.smugmug.com/Choreography-Videos/Twinkle-Star-Dance/i-LR35xM5/1/Th/Shake-Your-Body-Jazz-4-5-Th.jpg', 'http://api.smugmug.com/services/embed/1711031451_LR35xM5?width=800&height=600', 1, '2012-09-18 16:03:07', '2012-11-02 13:52:38');
INSERT INTO `videos` VALUES(57, 'TSS09 - Twinkle Dust Reverence Twinkle Stars 4-5 and 5-6', 'TSS09 - Twinkle Dust Reverence&lt;br /&gt;\r\nTwinkle Stars 4-5 and 5-6&amp;trade;&lt;br /&gt;\r\nBallet Reverence&lt;br /&gt;\r\nSong: Pure Imagination&lt;br /&gt;\r\nAlbum: Glee&lt;br /&gt;\r\nArtist: Glee Cast - ITUNES&lt;br /&gt;\r\n&amp;copy; Twinkle Star Dance&amp;trade;&lt;br /&gt;\r\nAll Rights Reserved &lt;br /&gt;\r\n&lt;br /&gt;\r\nCostumeManager.com &amp;lt;a style=&amp;quot;color:#0000FF&amp;quot; href=&amp;quot;http://www.costumemanager.com/overview&amp;quot; target=&amp;quot;_blank&amp;quot;&amp;gt;overview video&amp;nbsp; &amp;lt;/a&amp;gt;. Register your studio today.&lt;br /&gt;\r\n&lt;br /&gt;\r\nClass Playlist: Twinkle Stars 4-5 &amp;amp; 5-6&amp;trade;&lt;br /&gt;\r\n&lt;br /&gt;\r\n1.&amp;nbsp;&amp;nbsp;&amp;nbsp; Celebration-Everyone is a Star-Sugar Beats&amp;nbsp;&amp;nbsp;&amp;nbsp; &amp;nbsp;&amp;nbsp;&amp;nbsp; &amp;nbsp;&amp;nbsp;&amp;nbsp; &lt;br /&gt;\r\n2.&amp;nbsp;&amp;nbsp;&amp;nbsp; Shuffles-Al Gilbert Tap One-Al Gilbert&lt;br /&gt;\r\n3.&amp;nbsp;&amp;nbsp;&amp;nbsp; Shuffle Hop-Al Gilbert Tap One-Al Gilbert&lt;br /&gt;\r\n4.&amp;nbsp;&amp;nbsp;&amp;nbsp; Shuffle Hop Toe Back&amp;nbsp;&amp;nbsp;&amp;nbsp; -Al Gilbert Tap One-Al Gilbert&amp;nbsp;&amp;nbsp;&amp;nbsp; &amp;nbsp;&amp;nbsp;&amp;nbsp; &amp;nbsp;&amp;nbsp;&amp;nbsp; &amp;nbsp;&amp;nbsp;&amp;nbsp; &lt;br /&gt;\r\n5.&amp;nbsp;&amp;nbsp;&amp;nbsp; Shuffle Jump-Al Gilbert Tap One-Al Gilbert&lt;br /&gt;\r\n6.&amp;nbsp;&amp;nbsp;&amp;nbsp; Shuffle Ball Change-Al Gilbert Tap One-Al Gilbert&lt;br /&gt;\r\n7.&amp;nbsp;&amp;nbsp;&amp;nbsp; Working in a Coal Mine-Everyone is a Star-Sugar Beats&amp;nbsp;&amp;nbsp;&amp;nbsp; &lt;br /&gt;\r\n8.&amp;nbsp;&amp;nbsp;&amp;nbsp; Come and Get Your Love-Everyone is a Star-Sugar Beats&lt;br /&gt;\r\n9.&amp;nbsp;&amp;nbsp;&amp;nbsp; Freeway of Love-Car Tunes-Sugar Beats&amp;nbsp;&amp;nbsp;&amp;nbsp; &lt;br /&gt;\r\n10.&amp;nbsp;&amp;nbsp;&amp;nbsp; Be Our Guest&amp;nbsp;&amp;nbsp;&amp;nbsp; Beauty and the Beast Soundtrack-Disney&amp;nbsp;&amp;nbsp;&amp;nbsp; &lt;br /&gt;\r\n11.&amp;nbsp;&amp;nbsp;&amp;nbsp; Can You Feel the Love Tonight-The Lion King Soundtrack-Disney&amp;nbsp;&amp;nbsp;&amp;nbsp; &lt;br /&gt;\r\n12.&amp;nbsp;&amp;nbsp;&amp;nbsp; Ballet Plies-I Wonder if I''m Growing Track #2-Statler Music and Video&lt;br /&gt;\r\n13.&amp;nbsp;&amp;nbsp;&amp;nbsp; Ballet Port de Bras-I Wonder if I''m Growing Track #9, Time to Sing-Statler Music and Video&amp;nbsp;&amp;nbsp;&amp;nbsp; &amp;nbsp;&amp;nbsp;&amp;nbsp; &amp;nbsp;&amp;nbsp;&amp;nbsp; &amp;nbsp;&amp;nbsp;&amp;nbsp; &amp;nbsp;&amp;nbsp;&amp;nbsp; &lt;br /&gt;\r\n14.&amp;nbsp;&amp;nbsp;&amp;nbsp; Ballet Walks&amp;nbsp;&amp;nbsp;&amp;nbsp; I Wonder If I''m Growing Track #6, One Light, One Sun-Statler Music and Video&amp;nbsp;&amp;nbsp;&amp;nbsp; &amp;nbsp;&amp;nbsp;&amp;nbsp; &amp;nbsp;&amp;nbsp;&amp;nbsp; &amp;nbsp;&amp;nbsp;&amp;nbsp; &amp;nbsp;&amp;nbsp;&amp;nbsp; &lt;br /&gt;\r\n15.&amp;nbsp;&amp;nbsp;&amp;nbsp; Chasses and Skips-I Wonder If I''m Growing Track #3, Biscuits in the Oven&amp;nbsp;&amp;nbsp;&amp;nbsp; Statler Music and Video&amp;nbsp;&amp;nbsp;&amp;nbsp; &amp;nbsp;&amp;nbsp;&amp;nbsp; &amp;nbsp;&amp;nbsp;&amp;nbsp; &amp;nbsp;&amp;nbsp;&amp;nbsp; &amp;nbsp;&amp;nbsp;&amp;nbsp; &lt;br /&gt;\r\n16.&amp;nbsp;&amp;nbsp;&amp;nbsp; Princess Walks-I Wonder If I''m Growing Track #4, All I Really Need-Statler Music and Video&amp;nbsp;&amp;nbsp;&amp;nbsp; &amp;nbsp;&amp;nbsp;&amp;nbsp; &amp;nbsp;&amp;nbsp;&amp;nbsp; &amp;nbsp;&amp;nbsp;&amp;nbsp; &amp;nbsp;&amp;nbsp;&amp;nbsp; &lt;br /&gt;\r\n17.&amp;nbsp;&amp;nbsp;&amp;nbsp; Battements-I Wonder if I''m Growing Track #7, Let''s Do the Numbers Rumba Statler Music and Video&amp;nbsp;&amp;nbsp;&amp;nbsp; &amp;nbsp;&amp;nbsp;&amp;nbsp; &amp;nbsp;&amp;nbsp;&amp;nbsp; &amp;nbsp;&amp;nbsp;&amp;nbsp; &amp;nbsp;&amp;nbsp;&amp;nbsp; &lt;br /&gt;\r\n18.&amp;nbsp;&amp;nbsp;&amp;nbsp; Shake Your Body -Everyone is a Star-Sugar Beats&lt;br /&gt;\r\n19.&amp;nbsp;&amp;nbsp;&amp;nbsp; Pure Imagination-Glee -Glee Cast&lt;br /&gt;\r\n&lt;br /&gt;', 0.1, 'http://tdapics.smugmug.com/Choreography-Videos/Twinkle-Star-Dance/i-nLWLqDR/1/Th/Twinkle-Dust-Reveremce-4-5-Th.jpg', '?width=800&height=600', 1, '2012-09-18 16:05:06', '2012-11-02 13:55:57');
INSERT INTO `videos` VALUES(58, 'TSS08a - Shake Your Body - Breakdown Twinkle Stars 4-5 and 5-6', 'TSS08a - Shake Your Body - Breakdown&lt;br /&gt;\r\nTwinkle Stars 4-5 and 5-6&amp;trade;&lt;br /&gt;\r\nJazz Center Movement&lt;br /&gt;\r\nSong: Shake Your Body&lt;br /&gt;\r\nAlbum: Everyone is a Star&lt;br /&gt;\r\nArtist: Sugar Beats - ITUNES&lt;br /&gt;\r\n&amp;copy; Twinkle Star Dance&amp;trade;&lt;br /&gt;\r\nAll Rights Reserved &lt;br /&gt;\r\n&lt;br /&gt;\r\nCostumeManager.com &amp;lt;a style=&amp;quot;color:#0000FF&amp;quot; href=&amp;quot;http://www.costumemanager.com/overview&amp;quot; target=&amp;quot;_blank&amp;quot;&amp;gt;overview video&amp;nbsp; &amp;lt;/a&amp;gt;. Register your studio today.&lt;br /&gt;\r\n&lt;br /&gt;\r\n&lt;br /&gt;\r\nClass Playlist: Twinkle Stars 4-5 &amp;amp; 5-6&amp;trade; &lt;br /&gt;\r\n&lt;br /&gt;\r\n1.&amp;nbsp;&amp;nbsp;&amp;nbsp; Celebration-Everyone is a Star-Sugar Beats&amp;nbsp;&amp;nbsp;&amp;nbsp; &amp;nbsp;&amp;nbsp;&amp;nbsp; &amp;nbsp;&amp;nbsp;&amp;nbsp; &lt;br /&gt;\r\n2.&amp;nbsp;&amp;nbsp;&amp;nbsp; Shuffles-Al Gilbert Tap One-Al Gilbert&lt;br /&gt;\r\n3.&amp;nbsp;&amp;nbsp;&amp;nbsp; Shuffle Hop-Al Gilbert Tap One-Al Gilbert&lt;br /&gt;\r\n4.&amp;nbsp;&amp;nbsp;&amp;nbsp; Shuffle Hop Toe Back&amp;nbsp;&amp;nbsp;&amp;nbsp; -Al Gilbert Tap One-Al Gilbert&amp;nbsp;&amp;nbsp;&amp;nbsp; &amp;nbsp;&amp;nbsp;&amp;nbsp; &amp;nbsp;&amp;nbsp;&amp;nbsp; &amp;nbsp;&amp;nbsp;&amp;nbsp; &lt;br /&gt;\r\n5.&amp;nbsp;&amp;nbsp;&amp;nbsp; Shuffle Jump-Al Gilbert Tap One-Al Gilbert&lt;br /&gt;\r\n6.&amp;nbsp;&amp;nbsp;&amp;nbsp; Shuffle Ball Change-Al Gilbert Tap One-Al Gilbert&lt;br /&gt;\r\n7.&amp;nbsp;&amp;nbsp;&amp;nbsp; Working in a Coal Mine-Everyone is a Star-Sugar Beats&amp;nbsp;&amp;nbsp;&amp;nbsp; &lt;br /&gt;\r\n8.&amp;nbsp;&amp;nbsp;&amp;nbsp; Come and Get Your Love-Everyone is a Star-Sugar Beats&lt;br /&gt;\r\n9.&amp;nbsp;&amp;nbsp;&amp;nbsp; Freeway of Love-Car Tunes-Sugar Beats&amp;nbsp;&amp;nbsp;&amp;nbsp; &lt;br /&gt;\r\n10.&amp;nbsp;&amp;nbsp;&amp;nbsp; Be Our Guest&amp;nbsp;&amp;nbsp;&amp;nbsp; Beauty and the Beast Soundtrack-Disney&amp;nbsp;&amp;nbsp;&amp;nbsp; &lt;br /&gt;\r\n11.&amp;nbsp;&amp;nbsp;&amp;nbsp; Can You Feel the Love Tonight-The Lion King Soundtrack-Disney&amp;nbsp;&amp;nbsp;&amp;nbsp; &lt;br /&gt;\r\n12.&amp;nbsp;&amp;nbsp;&amp;nbsp; Ballet Plies-I Wonder if I''m Growing Track #2-Statler Music and Video&lt;br /&gt;\r\n13.&amp;nbsp;&amp;nbsp;&amp;nbsp; Ballet Port de Bras-I Wonder if I''m Growing Track #9, Time to Sing-Statler Music and Video&amp;nbsp;&amp;nbsp;&amp;nbsp; &amp;nbsp;&amp;nbsp;&amp;nbsp; &amp;nbsp;&amp;nbsp;&amp;nbsp; &amp;nbsp;&amp;nbsp;&amp;nbsp; &amp;nbsp;&amp;nbsp;&amp;nbsp; &lt;br /&gt;\r\n14.&amp;nbsp;&amp;nbsp;&amp;nbsp; Ballet Walks&amp;nbsp;&amp;nbsp;&amp;nbsp; I Wonder If I''m Growing Track #6, One Light, One Sun-Statler Music and Video&amp;nbsp;&amp;nbsp;&amp;nbsp; &amp;nbsp;&amp;nbsp;&amp;nbsp; &amp;nbsp;&amp;nbsp;&amp;nbsp; &amp;nbsp;&amp;nbsp;&amp;nbsp; &amp;nbsp;&amp;nbsp;&amp;nbsp; &lt;br /&gt;\r\n15.&amp;nbsp;&amp;nbsp;&amp;nbsp; Chasses and Skips-I Wonder If I''m Growing Track #3, Biscuits in the Oven&amp;nbsp;&amp;nbsp;&amp;nbsp; Statler Music and Video&amp;nbsp;&amp;nbsp;&amp;nbsp; &amp;nbsp;&amp;nbsp;&amp;nbsp; &amp;nbsp;&amp;nbsp;&amp;nbsp; &amp;nbsp;&amp;nbsp;&amp;nbsp; &amp;nbsp;&amp;nbsp;&amp;nbsp; &lt;br /&gt;\r\n16.&amp;nbsp;&amp;nbsp;&amp;nbsp; Princess Walks-I Wonder If I''m Growing Track #4, All I Really Need-Statler Music and Video&amp;nbsp;&amp;nbsp;&amp;nbsp; &amp;nbsp;&amp;nbsp;&amp;nbsp; &amp;nbsp;&amp;nbsp;&amp;nbsp; &amp;nbsp;&amp;nbsp;&amp;nbsp; &amp;nbsp;&amp;nbsp;&amp;nbsp; &lt;br /&gt;\r\n17.&amp;nbsp;&amp;nbsp;&amp;nbsp; Battements-I Wonder if I''m Growing Track #7, Let''s Do the Numbers Rumba Statler Music and Video&amp;nbsp;&amp;nbsp;&amp;nbsp; &amp;nbsp;&amp;nbsp;&amp;nbsp; &amp;nbsp;&amp;nbsp;&amp;nbsp; &amp;nbsp;&amp;nbsp;&amp;nbsp; &amp;nbsp;&amp;nbsp;&amp;nbsp; &lt;br /&gt;\r\n18.&amp;nbsp;&amp;nbsp;&amp;nbsp; Shake Your Body -Everyone is a Star-Sugar Beats&lt;br /&gt;\r\n19.&amp;nbsp;&amp;nbsp;&amp;nbsp; Pure Imagination-Glee -Glee Cast&lt;br /&gt;', 0.1, 'http://tdapics.smugmug.com/Choreography-Videos/Twinkle-Star-Dance/i-Qg3Gn9c/1/Th/Breakdown-Jazz-Center-Movement-Th.jpg', 'http://api.smugmug.com/services/embed/1710221407_Qg3Gn9c?width=800&height=600', 1, '2012-09-18 16:06:19', '2012-11-02 13:53:57');
INSERT INTO `videos` VALUES(59, 'TSS06a - Greensleeves - Breakdown Twinkle Stars 4-5 and 5-6', 'TSS06a - Greensleeves - Breakdown&lt;br /&gt;\r\nTwinkle Stars 4-5 and 5-6&amp;trade;&lt;br /&gt;\r\nBallet Center Movement&lt;br /&gt;\r\nSong: Greensleeves&lt;br /&gt;\r\nAlbum: Candlelight Classics&lt;br /&gt;\r\nArtist: London Promenade Orchestra - Itunes&lt;br /&gt;\r\n&amp;copy; Twinkle Star Dance&amp;trade;&lt;br /&gt;\r\nAll Rights Reserved &lt;br /&gt;\r\n&lt;br /&gt;\r\nCostumeManager.com &amp;lt;a style=&amp;quot;color:#0000FF&amp;quot; href=&amp;quot;http://www.costumemanager.com/overview&amp;quot; target=&amp;quot;_blank&amp;quot;&amp;gt;overview video&amp;nbsp; &amp;lt;/a&amp;gt;. Register your studio today.&lt;br /&gt;\r\n&lt;br /&gt;\r\nClass Playlist: Twinkle Stars 4-5 &amp;amp; 5-6&amp;trade; &lt;br /&gt;\r\n&lt;br /&gt;\r\n1.&amp;nbsp;&amp;nbsp;&amp;nbsp; Celebration-Everyone is a Star-Sugar Beats&amp;nbsp;&amp;nbsp;&amp;nbsp; &amp;nbsp;&amp;nbsp;&amp;nbsp; &amp;nbsp;&amp;nbsp;&amp;nbsp; &lt;br /&gt;\r\n2.&amp;nbsp;&amp;nbsp;&amp;nbsp; Shuffles-Al Gilbert Tap One-Al Gilbert&lt;br /&gt;\r\n3.&amp;nbsp;&amp;nbsp;&amp;nbsp; Shuffle Hop-Al Gilbert Tap One-Al Gilbert&lt;br /&gt;\r\n4.&amp;nbsp;&amp;nbsp;&amp;nbsp; Shuffle Hop Toe Back&amp;nbsp;&amp;nbsp;&amp;nbsp; -Al Gilbert Tap One-Al Gilbert&amp;nbsp;&amp;nbsp;&amp;nbsp; &amp;nbsp;&amp;nbsp;&amp;nbsp; &amp;nbsp;&amp;nbsp;&amp;nbsp; &amp;nbsp;&amp;nbsp;&amp;nbsp; &lt;br /&gt;\r\n5.&amp;nbsp;&amp;nbsp;&amp;nbsp; Shuffle Jump-Al Gilbert Tap One-Al Gilbert&lt;br /&gt;\r\n6.&amp;nbsp;&amp;nbsp;&amp;nbsp; Shuffle Ball Change-Al Gilbert Tap One-Al Gilbert&lt;br /&gt;\r\n7.&amp;nbsp;&amp;nbsp;&amp;nbsp; Working in a Coal Mine-Everyone is a Star-Sugar Beats&amp;nbsp;&amp;nbsp;&amp;nbsp; &lt;br /&gt;\r\n8.&amp;nbsp;&amp;nbsp;&amp;nbsp; Come and Get Your Love-Everyone is a Star-Sugar Beats&lt;br /&gt;\r\n9.&amp;nbsp;&amp;nbsp;&amp;nbsp; Freeway of Love-Car Tunes-Sugar Beats&amp;nbsp;&amp;nbsp;&amp;nbsp; &lt;br /&gt;\r\n10.&amp;nbsp;&amp;nbsp;&amp;nbsp; Be Our Guest&amp;nbsp;&amp;nbsp;&amp;nbsp; Beauty and the Beast Soundtrack-Disney&amp;nbsp;&amp;nbsp;&amp;nbsp; &lt;br /&gt;\r\n11.&amp;nbsp;&amp;nbsp;&amp;nbsp; Can You Feel the Love Tonight-The Lion King Soundtrack-Disney&amp;nbsp;&amp;nbsp;&amp;nbsp; &lt;br /&gt;\r\n12.&amp;nbsp;&amp;nbsp;&amp;nbsp; Ballet Plies-I Wonder if I''m Growing Track #2-Statler Music and Video&lt;br /&gt;\r\n13.&amp;nbsp;&amp;nbsp;&amp;nbsp; Ballet Port de Bras-I Wonder if I''m Growing Track #9, Time to Sing-Statler Music and Video&amp;nbsp;&amp;nbsp;&amp;nbsp; &amp;nbsp;&amp;nbsp;&amp;nbsp; &amp;nbsp;&amp;nbsp;&amp;nbsp; &amp;nbsp;&amp;nbsp;&amp;nbsp; &amp;nbsp;&amp;nbsp;&amp;nbsp; &lt;br /&gt;\r\n14.&amp;nbsp;&amp;nbsp;&amp;nbsp; Ballet Walks&amp;nbsp;&amp;nbsp;&amp;nbsp; I Wonder If I''m Growing Track #6, One Light, One Sun-Statler Music and Video&amp;nbsp;&amp;nbsp;&amp;nbsp; &amp;nbsp;&amp;nbsp;&amp;nbsp; &amp;nbsp;&amp;nbsp;&amp;nbsp; &amp;nbsp;&amp;nbsp;&amp;nbsp; &amp;nbsp;&amp;nbsp;&amp;nbsp; &lt;br /&gt;\r\n15.&amp;nbsp;&amp;nbsp;&amp;nbsp; Chasses and Skips-I Wonder If I''m Growing Track #3, Biscuits in the Oven&amp;nbsp;&amp;nbsp;&amp;nbsp; Statler Music and Video&amp;nbsp;&amp;nbsp;&amp;nbsp; &amp;nbsp;&amp;nbsp;&amp;nbsp; &amp;nbsp;&amp;nbsp;&amp;nbsp; &amp;nbsp;&amp;nbsp;&amp;nbsp; &amp;nbsp;&amp;nbsp;&amp;nbsp; &lt;br /&gt;\r\n16.&amp;nbsp;&amp;nbsp;&amp;nbsp; Princess Walks-I Wonder If I''m Growing Track #4, All I Really Need-Statler Music and Video&amp;nbsp;&amp;nbsp;&amp;nbsp; &amp;nbsp;&amp;nbsp;&amp;nbsp; &amp;nbsp;&amp;nbsp;&amp;nbsp; &amp;nbsp;&amp;nbsp;&amp;nbsp; &amp;nbsp;&amp;nbsp;&amp;nbsp; &lt;br /&gt;\r\n17.&amp;nbsp;&amp;nbsp;&amp;nbsp; Battements-I Wonder if I''m Growing Track #7, Let''s Do the Numbers Rumba Statler Music and Video&amp;nbsp;&amp;nbsp;&amp;nbsp; &amp;nbsp;&amp;nbsp;&amp;nbsp; &amp;nbsp;&amp;nbsp;&amp;nbsp; &amp;nbsp;&amp;nbsp;&amp;nbsp; &amp;nbsp;&amp;nbsp;&amp;nbsp; &lt;br /&gt;\r\n18.&amp;nbsp;&amp;nbsp;&amp;nbsp; Shake Your Body -Everyone is a Star-Sugar Beats&lt;br /&gt;\r\n19.&amp;nbsp;&amp;nbsp;&amp;nbsp; Pure Imagination-Glee -Glee Cast&lt;br /&gt;', 0.1, 'http://tdapics.smugmug.com/Choreography-Videos/Twinkle-Star-Dance/i-3F5xWWQ/1/Th/Breakdown-Greensleeves-Ballet-Th.jpg', 'http://api.smugmug.com/services/embed/1710224968_3F5xWWQ?width=800&height=600', 1, '2012-09-18 16:07:04', '2012-11-02 13:49:24');
INSERT INTO `videos` VALUES(60, 'Ain''t Too Proud to Beg', 'Fire it Up Dance Fitness\r\nAin''t Too Proud to Beg\r\n 2011 Tiffany''s Dance Academy, Inc. \r\nAll Rights Reserved \r\nCostumeManager.com overview video . Register your studio today', 0.1, 'http://tdapics.smugmug.com/Choreography-Videos/Twinkle-Star-Dance/i-PNJgthx/1/Th/Aint-Too-Proud-to-Beg-Th.jpg', 'http://api.smugmug.com/services/embed/1711586075_PNJgthx?width=800&height=600', 1, '2012-09-18 16:09:26', '0000-00-00 00:00:00');
INSERT INTO `videos` VALUES(61, 'Beat It', 'Fire it Up Dance Fitness\r\nBeat It\r\n 2011 Tiffany''s Dance Academy, Inc. \r\nAll Rights Reserved \r\nCostumeManager.com overview video . Register your studio today.', 0.1, 'http://tdapics.smugmug.com/Choreography-Videos/Twinkle-Star-Dance/i-JTQXLHM/1/Th/Beat-It-Th.jpg', 'http://api.smugmug.com/services/embed/1711477019_JTQXLHM?width=800&height=600', 1, '2012-09-18 16:10:19', '0000-00-00 00:00:00');
INSERT INTO `videos` VALUES(62, 'Boogie Woogie Bugle Boy', 'Fire it Up Dance Fitness\r\nBoogie Woogie Bugle Boy\r\n 2011 Tiffany''s Dance Academy, Inc. \r\nAll Rights Reserved \r\nCostumeManager.com overview video . Register your studio today.', 0.1, 'http://tdapics.smugmug.com/Choreography-Videos/Twinkle-Star-Dance/i-n4hQdpD/1/Th/Boogie-Woogie-Bugle-Boy-Th.jpg', 'http://api.smugmug.com/services/embed/1705517026_n4hQdpD?width=800&height=600', 1, '2012-09-18 16:11:19', '0000-00-00 00:00:00');
INSERT INTO `videos` VALUES(63, 'Bust a Move', 'Fire it Up Dance Fitness\r\nBust a Move\r\n 2012 Twinkle Star Dance, LLC \r\nAll Rights Reserved \r\nCostumeManager.com overview video . Register your studio today.', 0.1, 'http://tdapics.smugmug.com/Choreography-Videos/Twinkle-Star-Dance/i-F2g3FjQ/2/Th/Bust-a-Move-Th.jpg', 'http://api.smugmug.com/services/embed/1768011641_F2g3FjQ?width=800&height=600', 1, '2012-09-18 16:19:54', '0000-00-00 00:00:00');
INSERT INTO `videos` VALUES(64, 'Gold Digger', 'Fire it Up Dance Fitness\r\nGold Digger\r\n 2011 Tiffany''s Dance Academy, Inc. \r\nAll Rights Reserved \r\nCostumeManager.com overview video . Register your studio today.', 0.1, 'http://tdapics.smugmug.com/Choreography-Videos/Fire-it-Up/i-5mh46Xc/2/Th/Golddigger-Th.jpg', 'http://api.smugmug.com/services/embed/1660257911_5mh46Xc?width=800&height=600', 1, '2012-09-18 16:21:14', '0000-00-00 00:00:00');
INSERT INTO `videos` VALUES(65, 'Gold Digger', 'Fire it Up Dance Fitness\r\nGold Digger\r\n 2011 Tiffany''s Dance Academy, Inc. \r\nAll Rights Reserved \r\nCostumeManager.com overview video . Register your studio today.', 0.1, 'http://tdapics.smugmug.com/Choreography-Videos/Twinkle-Star-Dance/i-JDJfD4g/1/Th/Fire-it-Up-Gold-Digger-Th.jpg', 'http://api.smugmug.com/services/embed/1711075799_JDJfD4g?width=800&height=600', 1, '2012-09-18 16:21:59', '0000-00-00 00:00:00');
INSERT INTO `videos` VALUES(66, 'I Know You by Heart', 'Fire it Up Dance Fitness\r\nI Know You by Heart\r\n 2011 Tiffany''s Dance Academy, Inc. \r\nAll Rights Reserved \r\nCostumeManager.com overview video . Register your studio today.', 0.1, 'http://tdapics.smugmug.com/Choreography-Videos/Twinkle-Star-Dance/i-Q24Js6r/1/Th/I-Know-You-by-Heart-Th.jpg', 'http://api.smugmug.com/services/embed/1705577346_Q24Js6r?width=800&height=600', 1, '2012-09-18 16:23:42', '0000-00-00 00:00:00');
INSERT INTO `videos` VALUES(67, 'I''m Alive', 'Fire it Up Dance Fitness\r\nI''m Alive\r\n 2011 Tiffany''s Dance Academy, Inc. \r\nAll Rights Reserved \r\nCostumeManager.com overview video . Register your studio today.', 0.1, 'http://tdapics.smugmug.com/Choreography-Videos/Twinkle-Star-Dance/i-pXfwPGg/1/Th/Im-Alive-Th.jpg', 'http://api.smugmug.com/services/embed/1705612877_pXfwPGg?width=800&height=600', 1, '2012-09-18 16:24:33', '0000-00-00 00:00:00');
INSERT INTO `videos` VALUES(68, 'On Broadway', 'Fire it Up Dance Fitness\r\nOn Broadway\r\n 2012 Twinkle Star Dance, LLC \r\nAll Rights Reserved \r\nCostumeManager.com overview video . Register your studio today.', 0.1, 'http://tdapics.smugmug.com/Choreography-Videos/Twinkle-Star-Dance/i-xf779vp/1/Th/On-Broadway-Th.jpg', 'http://api.smugmug.com/services/embed/1767978635_xf779vp?width=800&height=600', 1, '2012-09-18 16:25:33', '0000-00-00 00:00:00');
INSERT INTO `videos` VALUES(69, 'Open Your Heart', 'Fire it Up Dance Fitness\r\nOpen Your Heart\r\n 2012 Twinkle Star Dance, LLC \r\nAll Rights Reserved \r\nCostumeManager.com overview video . Register your studio today.', 0.1, 'http://tdapics.smugmug.com/Choreography-Videos/Twinkle-Star-Dance/i-hWDDZsx/1/Th/Open-Your-Heart-Th.jpg', 'http://api.smugmug.com/services/embed/1767988523_hWDDZsx?width=800&height=600', 1, '2012-09-18 16:26:21', '0000-00-00 00:00:00');
INSERT INTO `videos` VALUES(70, 'Party Rock', 'Fire it Up Dance Fitness\r\nParty Rock\r\n 2011 Tiffany''s Dance Academy, Inc. \r\nAll Rights Reserved \r\nCostumeManager.com overview video . Register your studio today.', 0.1, 'http://tdapics.smugmug.com/Choreography-Videos/Twinkle-Star-Dance/i-hKLwhGD/1/Th/Party-Rock-Th.jpg', 'http://api.smugmug.com/services/embed/1711687556_hKLwhGD?width=800&height=600', 1, '2012-09-18 16:47:31', '0000-00-00 00:00:00');
INSERT INTO `videos` VALUES(71, 'Proud Mary', 'Fire it Up Dance Fitness\r\nProud Mary\r\n 2012 Twinkle Star Dance, LLC \r\nAll Rights Reserved \r\nCostumeManager.com overview video . Register your studio today.', 0.1, 'http://tdapics.smugmug.com/Choreography-Videos/Twinkle-Star-Dance/i-4Cf3KNZ/1/Th/Proud-Mary-Th.jpg', 'http://api.smugmug.com/services/embed/1767973491_4Cf3KNZ?width=800&height=600', 1, '2012-09-18 16:48:33', '0000-00-00 00:00:00');
INSERT INTO `videos` VALUES(72, 'Redneck Woman', 'Fire it Up Dance Fitness\r\nRedneck Woman\r\n 2011 Tiffany''s Dance Academy, Inc. \r\nAll Rights Reserved \r\nCostumeManager.com overview video . Register your studio today', 0.1, 'http://tdapics.smugmug.com/Choreography-Videos/Twinkle-Star-Dance/i-LL232MQ/1/Th/Redneck-Woman-Th.jpg', 'http://api.smugmug.com/services/embed/1711502218_LL232MQ?width=800&height=600', 1, '2012-09-18 16:50:03', '0000-00-00 00:00:00');
INSERT INTO `videos` VALUES(73, 'Across the Floor', 'Class Training\r\nTwinkle Babies 2-3\r\nAcross the Floor\r\nTwinkle Star Dance\r\n 2011 Tiffany''s Dance Academy, Inc. \r\nAll Rights Reserved \r\nCostumeManager.com overview video . Register your studio today.', 0.1, 'http://tdapics.smugmug.com/Choreography-Videos/Twinkle-Star-Dance/i-GzpZ37m/0/Th/Twinkle-Babies-Across-the-Th.jpg', 'http://api.smugmug.com/services/embed/1587148944_GzpZ37m?width=800&height=600', 2, '2012-09-20 09:49:51', '2012-09-28 10:19:52');
INSERT INTO `videos` VALUES(74, 'Ballet Section', '&lt;p&gt;Class Training Twinkle Babies 2-3&amp;trade; Ballet Section Twinkle Star Dance&amp;trade; &amp;copy; 2011 Tiffany''s Dance Academy, Inc.  All Rights Reserved  CostumeManager.com overview video . Register your studio today.&lt;/p&gt;', 0.1, 'http://tdapics.smugmug.com/Choreography-Videos/Twinkle-Star-Dance/i-6WWdvp4/0/Th/Twinkle-Babies-Ballet-Class-Th.jpg', 'http://api.smugmug.com/services/embed/1587191164_6WWdvp4?width=800&height=600', 2, '2012-09-20 09:50:52', '2012-10-08 02:08:26');
INSERT INTO `videos` VALUES(75, 'Tap Section', 'Class Training\r\nTwinkle Babies 2-3\r\nTap Section\r\nTwinkle Star Dance\r\n 2011 Tiffany''s Dance Academy, Inc. \r\nAll Rights Reserved \r\nCostumeManager.com overview video . Register your studio today.', 0.1, 'http://tdapics.smugmug.com/Choreography-Videos/Twinkle-Star-Dance/i-jSfsvdP/0/Th/Twinkle-Babies-Tap-Class-Th.jpg', 'http://api.smugmug.com/services/embed/1587230380_jSfsvdP?width=800&height=600', 2, '2012-09-20 09:52:25', '0000-00-00 00:00:00');
INSERT INTO `videos` VALUES(76, 'Ballet Section', '&lt;p&gt;Class Training Twinkle Stars 3-4&amp;trade; Ballet Section Twinkle Star Dance&amp;trade; &amp;copy; 2011 Tiffany''s Dance Academy, Inc.  All Rights Reserved  CostumeManager.com overview video . Register your studio today.&lt;/p&gt;', 0.1, 'http://tdapics.smugmug.com/Choreography-Videos/Twinkle-Star-Dance/i-KChc6bx/0/Th/Twinkle-Stars-3-4-Ballet-Th.jpg', 'http://api.smugmug.com/services/embed/1692680366_KChc6bx?width=800&height=600', 2, '2012-09-20 09:53:31', '2012-10-08 02:08:17');
INSERT INTO `videos` VALUES(77, 'Ballet Section-Across the Floor and Freeze Dance', 'Class Training\r\nTwinkle Stars 3-4\r\nBallet Section-Across the Floor and Freeze Dance\r\nTwinkle Star Dance\r\n 2011 Tiffany''s Dance Academy, Inc. \r\nAll Rights Reserved \r\nCostumeManager.com overview video . Register your studio today.', 0.1, 'http://tdapics.smugmug.com/Choreography-Videos/Twinkle-Star-Dance/i-TFsPqCV/0/Th/Twinkle-Stars-3-4-Across-the-Th.jpg', 'http://api.smugmug.com/services/embed/1692764031_TFsPqCV?width=800&height=600', 2, '2012-09-20 09:58:14', '2012-09-28 10:25:51');
INSERT INTO `videos` VALUES(78, 'Tap Section', 'Class Training\r\nTwinkle Stars 3-4\r\nTap Section\r\nTwinkle Star Dance\r\n 2011 Tiffany''s Dance Academy, Inc. \r\nAll Rights Reserved \r\nCostumeManager.com overview video . Register your studio today.', 0.1, 'http://tdapics.smugmug.com/Choreography-Videos/Twinkle-Star-Dance/i-2t6NnCN/0/Th/Twinkle-Stars-3-4-Tap-Class-Th.jpg', 'http://api.smugmug.com/services/embed/1587154613_2t6NnCN?width=800&height=600', 2, '2012-09-20 09:58:38', '2012-09-28 10:17:10');
INSERT INTO `videos` VALUES(79, 'Ballet Section', '&lt;p&gt;Class Training Twinkle Stars 4-5&amp;trade; Ballet Section Twinkle Star Dance&amp;trade; &amp;copy; 2011 Tiffany''s Dance Academy, Inc.  All Rights Reserved  CostumeManager.com overview video . Register your studio today.&lt;/p&gt;', 0.1, 'http://tdapics.smugmug.com/Choreography-Videos/Twinkle-Star-Dance/i-CZdw75v/0/Th/Twinkle-Stars-4-5-Ballet-Class-Th.jpg', 'http://api.smugmug.com/services/embed/1586994663_CZdw75v?width=800&height=600', 2, '2012-09-20 09:59:22', '2012-10-08 02:08:06');
INSERT INTO `videos` VALUES(80, 'Mambo Run Thru', 'Class Training\r\nTwinkle Stars 4-5\r\nMambo Run Thru\r\nTwinkle Star Dance\r\n 2011 Tiffany''s Dance Academy, Inc. \r\nAll Rights Reserved \r\nCostumeManager.com overview video . Register your studio today.', 0.1, 'http://tdapics.smugmug.com/Choreography-Videos/Twinkle-Star-Dance/i-dftbGK3/0/Th/Twinkle-Stars-4-5-Mambo-Run-Th.jpg', 'http://api.smugmug.com/services/embed/1586985762_dftbGK3?width=800&height=600', 2, '2012-09-20 10:00:22', '2012-09-28 10:16:57');
INSERT INTO `videos` VALUES(81, 'Tap Section', 'Class Training\r\nTwinkle Stars 4-5\r\nTap Section\r\nTwinkle Star Dance\r\n 2011 Tiffany''s Dance Academy, Inc. \r\nAll Rights Reserved \r\nCostumeManager.com overview video . Register your studio today.', 0.1, 'http://tdapics.smugmug.com/Choreography-Videos/Twinkle-Star-Dance/i-GSgWKv6/0/Th/Twinkle-Stars-4-5-Tap-Class-Th.jpg', 'http://api.smugmug.com/services/embed/1587075396_GSgWKv6?width=800&height=600', 2, '2012-09-20 10:01:20', '2012-09-28 10:16:52');
INSERT INTO `videos` VALUES(82, 'Broken Hearted', 'Fire it Up Dance Fitness\r\nSong: Fire it Up Dance Fitness\r\nSong: Broken Hearted\r\nArtist: Karmin\r\n 2012 Twinkle Star Dance, LLC \r\nAll Rights Reserved \r\nArtist: Karmin\r\n 2012 Twinkle Star Dance, LLC \r\nAll Rights Reserved', 0.1, 'http://tdapics.smugmug.com/Choreography-Videos/Twinkle-Star-Dance/i-hV5F8Tt/0/Th/Sequence-36-Fire-it-Up-Broken-Th.jpg', 'http://api.smugmug.com/services/embed/2084274793_hV5F8T?width=800&height=600', 1, '2012-09-20 10:02:33', '0000-00-00 00:00:00');
INSERT INTO `videos` VALUES(83, 'Get Down on It', 'Fire it Up Dance Fitness\r\nSong: Get Down on It\r\nArtist: Kool and the Gang\r\n 2012 Twinkle Star Dance, LLC \r\nAll Rights Reserved', 0.1, 'http://tdapics.smugmug.com/Choreography-Videos/Twinkle-Star-Dance/i-Q8WZBKG/0/Th/Sequence-42-Fire-it-Up-Get-Th.jpg', 'http://api.smugmug.com/services/embed/2084287616_Q8WZBKG?width=800&height=600', 1, '2012-09-20 10:03:16', '0000-00-00 00:00:00');
INSERT INTO `videos` VALUES(84, 'Calabria', 'Fire it Up Dance Fitness Song: Calabria Artist: Enur &amp;Acirc;&amp;copy; 2012 Twinkle Star Dance&amp;acirc;&amp;bdquo;&amp;cent;, LLC  All Rights Reserved', 0.1, 'http://tdapics.smugmug.com/Choreography-Videos/Twinkle-Star-Dance/i-sDQJbtQ/0/Th/Sequence-37-Fire-it-Up-Th.jpg', 'http://api.smugmug.com/services/embed/2084276210_sDQJbtQ?width=800&height=600', 1, '2012-09-20 10:03:55', '2012-10-26 09:25:49');
INSERT INTO `videos` VALUES(85, 'Country Girl - Shake it for Me', 'Fire it Up Dance Fitness Song: Country Girl - Shake it for Me Artist: Luke Bryan &amp;Acirc;&amp;copy; 2012 Twinkle Star Dance&amp;acirc;&amp;bdquo;&amp;cent;, LLC  All Rights Reserved', 0.1, 'http://tdapics.smugmug.com/Choreography-Videos/Twinkle-Star-Dance/i-bgx9NfW/0/Th/Sequence-38-Fire-it-Up-Country-Th.jpg', 'http://api.smugmug.com/services/embed/2084277091_bgx9NfW?width=800&height=600', 1, '2012-09-20 10:04:39', '2012-10-26 09:25:30');
INSERT INTO `videos` VALUES(86, 'Desi Girl', 'Fire it Up Dance Fitness Song: Desi Girl Artist: Shankar Mahadevan, Sunidhi Clauhan and Vishal Dadlani &amp;Acirc;&amp;copy; 2012 Twinkle Star Dance&amp;acirc;&amp;bdquo;&amp;cent;, LLC  All Rights Reserved', 0.1, 'http://tdapics.smugmug.com/Choreography-Videos/Twinkle-Star-Dance/i-TqZ5VRR/0/Th/Sequence-46-Fire-it-Up-Th.jpg', 'http://api.smugmug.com/services/embed/2084298963_TqZ5VRR?width=800&height=600', 1, '2012-09-20 10:05:25', '2012-10-24 14:06:34');
INSERT INTO `videos` VALUES(87, 'It Don''t Mean a Thing', 'Fire it Up Dance Fitness\r\nSong: It Don''t Mean a Thing\r\nArtist: Club des Belugas\r\n 2012 Twinkle Star Dance, LLC \r\nAll Rights Reserved', 0.1, 'http://tdapics.smugmug.com/Choreography-Videos/Twinkle-Star-Dance/i-98cr87w/0/Th/Sequence-45-Fire-it-Up-Swing-Th.jpg', 'http://api.smugmug.com/services/embed/2084296920_98cr87w?width=800&height=600', 1, '2012-09-20 10:06:06', '0000-00-00 00:00:00');
INSERT INTO `videos` VALUES(88, 'We Found Love', 'Fire it Up Dance Fitness\r\nWe Found Love\r\n 2012 Twinkle Star Dance. \r\nAll Rights Reserved \r\nCostumeManager.com overview video . Register your studio today.', 0.1, 'http://tdapics.smugmug.com/Choreography-Videos/Twinkle-Star-Dance/i-bTkPKmt/1/Th/We-Found-Love-Th.jpg', 'http://api.smugmug.com/services/embed/1705349585_bTkPKm?width=800&height=600', 1, '2012-09-20 10:07:03', '0000-00-00 00:00:00');
INSERT INTO `videos` VALUES(89, 'Who Are You', 'Fire it Up Dance Fitness\r\nWho Are You\r\n 2011 Tiffany''s Dance Academy, Inc. \r\nAll Rights Reserved \r\nCostumeManager.com overview video . Register your studio today.', 0.1, 'http://tdapics.smugmug.com/Choreography-Videos/Twinkle-Star-Dance/i-X8db4Hp/1/Th/Who-You-Are-Th.jpg', 'http://api.smugmug.com/services/embed/1705555465_X8db4Hp?width=800&height=600', 1, '2012-09-20 10:07:41', '0000-00-00 00:00:00');
INSERT INTO `videos` VALUES(90, 'You Know You Want Me', 'Fire it Up Dance Fitness\r\nYou Know You Want Me\r\n 2011 Tiffany''s Dance Academy, Inc. \r\nAll Rights Reserved \r\nCostumeManager.com overview video . Register your studio today.', 0.1, 'http://tdapics.smugmug.com/Choreography-Videos/Twinkle-Star-Dance/i-rQQcDQm/1/Th/You-Know-You-Want-Me-Th.jpg', 'http://api.smugmug.com/services/embed/1711436764_rQQcDQm?width=800&height=600', 1, '2012-09-20 10:08:16', '0000-00-00 00:00:00');
INSERT INTO `videos` VALUES(91, 'You Should be Dancing', 'Fire it Up Dance Fitness\r\nYou Should be Dancing\r\n 2011 Tiffany''s Dance Academy, Inc. \r\nAll Rights Reserved \r\nCostumeManager.com overview video . Register your studio today.', 0.1, 'http://tdapics.smugmug.com/Choreography-Videos/Twinkle-Star-Dance/i-GVtJvtR/1/Th/You-Should-Be-Dancing-Th.jpg', 'http://api.smugmug.com/services/embed/1705635341_GVtJvtR?width=800&height=600', 1, '2012-09-20 10:09:02', '0000-00-00 00:00:00');
INSERT INTO `videos` VALUES(92, 'I Know You Want Me', 'Fire it Up&amp;trade; - Adult Dance Fitness I Know You Want Me &amp;Acirc;&amp;copy; 2011 Tiffany''s Dance Academy, Inc.  All Rights Reserved  CostumeManager.com overview video . Register your studio today.', 0.1, 'http://tdapics.smugmug.com/Choreography-Videos/Twinkle-Star-Dance/i-mjXsxxx/2/Th/I-Know-You-Want-Me-Th.jpg', 'http://api.smugmug.com/services/embed/1657587136_mjXsxxx?width=800&height=600', 1, '2012-09-20 10:09:51', '2012-10-24 14:00:00');
INSERT INTO `videos` VALUES(93, 'A Dream Is A Wish - Bonnie Fisk', 'Recital Choreography\r\nA Dream Is A Wish - Bonnie Fisk\r\nAges 5-6\r\nTwinkle Star Dance\r\n 2011 Tiffany''s Dance Academy, Inc. \r\nAll Rights Reserved\r\n\r\nMusic info: Dream Ballet - Recital Hits! For Little Dancers - Kimbo Educational\r\n\r\nRECOMMENDED COSTUME via CostumeManager.com\r\n\r\n1. A Child''s Prayer - Costume Gallery - Lt Pink\r\n\r\nCostumeManager.com overview video . \r\n\r\nRegister your studio today.', 0.1, 'http://tdapics.smugmug.com/Choreography-Videos/Twinkle-Star-Dance/A-Dream-is-a-Wish/765074490_wpwrE-Th-2.jpg', 'http://api.smugmug.com/services/embed/765074490_wpwrE?width=800&height=600', 1, '2012-09-20 10:11:18', '0000-00-00 00:00:00');
INSERT INTO `videos` VALUES(94, 'A Penny A Kiss - Twinkle Stars Recital Choreography', '&lt;p&gt;Recital Choreography A Penny A Kiss - Tiffany Henderson Ages 2-3 and Ages 3-4 Twinkle Star Dance&amp;trade; &amp;copy; 2011 Tiffany''s Dance Academy.  All Rights Reserved.  Music Info: A Penny A Kiss - Children&amp;rsquo;s Dance Favorite - Kimbo Educational  CostumeManager.com overview video . Register your studio today.&lt;/p&gt;', 0.1, 'http://tdapics.smugmug.com/Choreography-Videos/Choreography-Videos-2011/i-4DdwLRR/2/Th/APENNYAKISS2009-Th.jpg', 'http://api.smugmug.com/services/embed/1154907071_4DdwLRR?width=800&height=600', 1, '2012-09-20 10:12:17', '2012-10-12 13:39:06');
INSERT INTO `videos` VALUES(95, 'ABC - ShowSTARS Recital Choreography', '&lt;p&gt;Recital Choreography ABC - Sarah Garske Twinkle Star Dance&amp;trade; &amp;copy; 2011 Tiffany''s Dance Academy, Inc.  All Rights Reserved   Music Info: ABC - Show Stars Recital Jazz Ages 5-7 - Michael Jackson - ITUNES  CostumeManager.com overview video . Register your studio today.&lt;/p&gt;', 0.1, 'http://tdapics.smugmug.com/Choreography-Videos/Twinkle-Star-Dance/ABC/766070130_gyWiw-Th-2.jpg', 'http://api.smugmug.com/services/embed/766070130_gyWiw?width=800&height=600', 1, '2012-09-20 10:12:57', '2012-10-12 13:38:25');
INSERT INTO `videos` VALUES(96, 'All Shook Up - Twinkle Stars Recital Choreography', '&lt;p&gt;Recital Choreography All Shook Up - Tiffany Henderson Twinkle Stars&amp;trade; Ages 3-4 Twinkle Star Dance&amp;trade; &amp;copy; 2012 Twinkle Star Dance&amp;trade;, LLC All Rights Reserved.  CostumeManager.com overview video . Register your studio today.&lt;/p&gt;', 0.1, 'http://tdapics.smugmug.com/Choreography-Videos/Twinkle-Star-Dance/i-FbfhMF2/1/Th/All-Shook-Up-Th.jpg', 'http://api.smugmug.com/services/embed/1766467462_FbfhMF2?width=800&height=600', 1, '2012-09-20 10:13:38', '2012-10-12 13:38:01');
INSERT INTO `videos` VALUES(97, 'At the Hop - Kristina Sutherland', 'Recital Choreography\r\nAt the Hop - Kristina Sutherland\r\nTwinkle Stars 5-6\r\nTwinkle Star Dance\r\n 2011 Tiffany''s Dance Academy. \r\nAll Rights Reserved. \r\nCostumeManager.com overview video . Register your studio today.', 0.1, 'http://tdapics.smugmug.com/Choreography-Videos/Choreography-Videos-2011/i-vgTMkPN/1/Th/At-the-Hop-Choreography-2011-Th.jpg', 'http://api.smugmug.com/services/embed/1233145997_vgTMkPN?width=800&height=600', 2, '2012-09-20 10:14:23', '0000-00-00 00:00:00');
INSERT INTO `videos` VALUES(98, 'At the Hop - Twinkle Stars Recital Choreography', '&lt;p&gt;Recital Choreography At the Hop - Kristina Sutherland Twinkle Stars&amp;trade; 5-6 Twinkle Star Dance&amp;trade; &amp;copy; 2011 Tiffany''s Dance Academy.  All Rights Reserved.  CostumeManager.com overview video . Register your studio today.&lt;/p&gt;', 0.1, 'http://tdapics.smugmug.com/Choreography-Videos/Choreography-Videos-2011/i-vgTMkPN/1/Th/At-the-Hop-Choreography-2011-Th.jpg', 'http://api.smugmug.com/services/embed/1233145997_vgTMkPN?width=800&height=600', 1, '2012-09-20 10:14:24', '2012-10-10 16:36:40');
INSERT INTO `videos` VALUES(99, 'Baby I''m a Star', 'Recital Choreography\r\nBaby I''m a Star\r\nTwinkle Star Dance\r\n 2011 Tiffany''s Dance Academy, Inc. \r\nAll Rights Reserved \r\nCostumeManager.com overview video . Register your studio today.', 0.1, 'http://tdapics.smugmug.com/Rehearsal-Videos/Instructors/Baby-Im-A-Star-Instruction/Baby20I27m20A20Star/643578804_KxePo-Th-1.jpg', 'http://api.smugmug.com/services/embed/643578804_KxeP?width=800&height=600', 2, '2012-09-20 10:15:34', '0000-00-00 00:00:00');
INSERT INTO `videos` VALUES(100, 'Baby Take a Bow - Tiffany Henderson', 'Recital Choreography\r\nBaby Take a Bow - Tiffany Henderson\r\nTwinkle Stars Ages 3-4\r\nTwinkle Star Dance\r\n 2011 Tiffany''s Dance Academy. \r\nAll Rights Reserved. \r\n\r\nMusic Info: Baby Take a Bow - Childrens Dance Favorites - Blue Series - Kimbo Educational\r\n\r\nCostumeManager.com overview video . Register your studio today.', 0.1, 'http://tdapics.smugmug.com/Choreography-Videos/Choreography-Videos-2011/TD1001011PMBABYTAKEABOW/763264014_iLUoh-Th-2.jpg', 'http://api.smugmug.com/services/embed/763264014_iLUoh?width=800&height=600', 2, '2012-09-20 10:26:18', '0000-00-00 00:00:00');
INSERT INTO `videos` VALUES(101, 'Baby Take a Bow - Twinkle Stars Recital Choreography', '&lt;p&gt;Recital Choreography Baby Take a Bow - Tiffany Henderson Twinkle Stars&amp;trade; Ages 3-4 Twinkle Star Dance&amp;trade; &amp;copy; 2011 Tiffany''s Dance Academy.  All Rights Reserved.  CostumeManager.com overview video . Register your studio today.&lt;/p&gt;', 0.1, 'http://tdapics.smugmug.com/Choreography-Videos/Twinkle-Star-Dance/i-b4TkXvF/1/Th/Baby-Take-a-Bow-Th.jpg', 'http://api.smugmug.com/services/embed/1715411617_b4TkXvF?width=800&height=600', 1, '2012-09-20 10:27:06', '2012-10-10 16:36:22');
INSERT INTO `videos` VALUES(102, 'Belle - Twinkle Stars Recital Choreography', '&lt;p&gt;Recital Choreography Belle - Bonnie Fisk Twinkle Stars&amp;trade; Ages 5-6 Twinkle Star Dance&amp;trade; &amp;copy; 2011 Tiffany''s Dance Academy, Inc.  All Rights Reserved   Music Info: Belle - Disney - Beauty and the Beast and &amp;ldquo;Be Our Guest&amp;rdquo; - Beauty and the Beast - ITUNES  CostumeManager.com overview video . Register your studio today.&lt;/p&gt;', 0.1, 'http://tdapics.smugmug.com/Choreography-Videos/Twinkle-Star-Dance/Belle/765077365_Av4w3-Th-1.jpg', 'http://api.smugmug.com/services/embed/765077365_Av4w3?width=800&height=600', 1, '2012-09-20 10:27:44', '2012-10-10 16:36:01');
INSERT INTO `videos` VALUES(103, 'Blue Suede Shoes - Twinkle Stars Recital Choreography', '&lt;p&gt;Recital Choreography Blue Suede Shoes - Tiffany Henderson Twinkle Stars&amp;trade; Ages 4-5 Twinkle Star Dance&amp;trade; &amp;copy; 2011 Tiffany''s Dance Academy.  All Rights Reserved.  Music Info: Blue Suede Shoes - Blue Suede Shoes: Elvis Songs for Kids - ITUNES  CostumeManager.com overview video . Register your studio today.&lt;/p&gt;', 0.1, 'http://tdapics.smugmug.com/Choreography-Videos/Choreography-Videos-2011/i-8x8gpWx/1/Th/BLUESUEDESHOES2009-Th.jpg', 'http://api.smugmug.com/services/embed/1154911943_8x8gpWx?width=800&height=600', 1, '2012-09-20 10:28:21', '2012-10-10 16:35:43');
INSERT INTO `videos` VALUES(104, 'Brahm''s Lullabye - Twinkle Stars Recital Choreography', '&lt;p&gt;Recital Choreography Brahm''s Lullabye - Leah Webber Twinkle Stars 5-6&amp;trade; Twinkle Star Dance&amp;trade; &amp;copy; 2011 Tiffany''s Dance Academy, Inc.  All Rights Reserved   Music Info: Brahm''s Lullabye - Show Stars Recital Ballet Ages 7-10 - Celine Dion - ITUNES  CostumeManager.com overview video . Register your studio today.&lt;/p&gt;', 0.1, 'http://tdapics.smugmug.com/Choreography-Videos/Twinkle-Star-Dance/Lullabye/764885539_fqHUF-Th-1.jpg', 'http://api.smugmug.com/services/embed/764885539_fqHUF?width=800&height=600', 1, '2012-09-20 10:29:05', '2012-10-10 16:35:19');
INSERT INTO `videos` VALUES(105, 'Broadway Baby - Twinkle Stars Recital Choreography', '&lt;p&gt;Recital Choreography Broadway Baby - Tiffany Henderson Twinkle Babies 2-3&amp;trade; Twinkle Star Dance&amp;trade; &amp;copy; 2007-2012 Tiffany''s Dance Academy, Inc.  All Rights Reserved  CostumeManager.com overview video . Register your studio today.&lt;/p&gt;', 0.1, 'http://tdapics.smugmug.com/Choreography-Videos/Twinkle-Star-Dance/i-VhqNvLJ/2/Th/Broadway-Baby-Th.jpg', 'http://api.smugmug.com/services/embed/1701975230_VhqNvLJ?width=800&height=600', 1, '2012-09-20 10:29:46', '2012-10-10 16:34:44');
INSERT INTO `videos` VALUES(106, 'Bunny Rabbit Blues - Twinkle Stars Recital Choreography', '&lt;p&gt;Recital Choreography Bunny Rabbit Blues - Bonnie Fisk Ages 2-3 and Ages 3-4 Twinkle Star Dance&amp;trade; &amp;copy; 2011 Tiffany''s Dance Academy, Inc.  All Rights Reserved  Music Info: Bunny Rabbit Blues - Children&amp;rsquo;s Dance Favorites - Blue Series - Kimbo Educational  Recommended Costume via CostumeManager.com Dansco Style 891 - Cottontail! CostumeManager.com overview video . Register your studio today.&lt;/p&gt;', 0.1, 'http://tdapics.smugmug.com/Choreography-Videos/Twinkle-Star-Dance/TD1001011PMBunnyRabbitBlues/763264708_hcus7-Th-2.jpg', 'http://api.smugmug.com/services/embed/763264708_hcus7?width=800&height=600', 1, '2012-09-20 10:31:41', '2012-10-10 16:34:25');
INSERT INTO `videos` VALUES(107, 'Caddyshack - ShowSTARS Recital Choreography', '&lt;p&gt;Recital Choreography Caddyshack Twinkle Star Dance&amp;trade; &amp;copy; 2011 Tiffany''s Dance Academy, Inc.  All Rights Reserved   Music Info: CaddyShack (I&amp;rsquo;m Alright) - Show Stars Recital Jazz Ages 5-7 - Kenny Loggins - ITUNES  CostumeManager.com overview video . Register your studio today.&lt;/p&gt;', 0.1, 'http://tdapics.smugmug.com/Choreography-Videos/Twinkle-Star-Dance/i-FnRXFFT/2/Th/Caddyshack-Th.jpg', 'http://api.smugmug.com/services/embed/1584705151_FnRXFFT?width=800&height=600', 1, '2012-09-20 10:32:14', '2012-10-10 16:34:06');
INSERT INTO `videos` VALUES(108, 'Cuban Pete - Twinkle Stars Recital Choreography', '&lt;p&gt;Recital Choreography Cuban Pete - Leah Webber Twinkle Stars 5-6&amp;trade; Twinkle Star Dance&amp;trade; &amp;copy; 2011 Tiffany''s Dance Academy, Inc.  All Rights Reserved  CostumeManager.com overview video . Register your studio today.&lt;/p&gt;', 0.1, 'http://tdapics.smugmug.com/Choreography-Videos/2009-2011/Cuban-Pete/767801565_c63au-Th-1.jpg', 'http://api.smugmug.com/services/embed/767801565_c63a?width=800&height=600', 1, '2012-09-20 10:32:50', '2012-10-10 16:33:50');
INSERT INTO `videos` VALUES(109, 'Cuddle Bug Boogie - Twinkle Stars Recital Choreography', '&lt;p&gt;Recital Choreography Cuddle Bug Boogie - Tiffany Henderson Twinkle Babies 2-3&amp;trade; Twinkle Star Dance&amp;trade; &amp;copy; 2012 Tiffany''s Dance Academy, Inc CostumeManager.com overview video . Register your studio today.&lt;/p&gt;', 0.1, 'http://tdapics.smugmug.com/Choreography-Videos/Twinkle-Star-Dance/i-rcMSXSx/1/Th/Cuddle-Bug-Boogie-Th.jpg', 'http://api.smugmug.com/services/embed/1701335414_rcMSXSx?width=800&height=600', 1, '2012-09-20 10:33:37', '2012-10-10 16:33:17');
INSERT INTO `videos` VALUES(110, 'Do You Believe in Magic? - Twinkle Stars Recital Choreography', '&lt;p&gt;Recital Choreography Do You Believe in Magic? - Leah WebberTwinkle Stars 5-6&amp;trade; Twinkle Star Dance&amp;trade; &amp;copy; 2011 Tiffany''s Dance Academy, Inc.  All Rights Reserved   Music Info: Do You Believe in Magic - Show Stars Recital Jazz Ages 5-7 - Aly &amp;amp; AJ - Wizards of Waverly Place - ITUNES  CostumeManager.com overview video . Register your studio today.&lt;/p&gt;', 0.1, 'http://tdapics.smugmug.com/Choreography-Videos/Twinkle-Star-Dance/Do-You-Believe-in-Magic/765359075_7VvMo-Th-1.jpg', 'http://api.smugmug.com/services/embed/765359075_7VvM?width=800&height=600', 1, '2012-09-20 10:34:39', '2012-10-12 13:37:25');
INSERT INTO `videos` VALUES(111, 'Dream Ballet - Twinkle Stars Recital Choreography', '&lt;p&gt;Recital Choreography Dream Ballet - Tiffany Henderson Twinkle Stars&amp;trade; Ages 3-4 Twinkle Star Dance&amp;trade; &amp;copy; 2012 Twinkle Star Dance&amp;trade;, LLC All Rights Reserved.  CostumeManager.com overview video . Register your studio today.&lt;/p&gt;', 0.1, 'http://tdapics.smugmug.com/Choreography-Videos/Twinkle-Star-Dance/i-qKjfb4r/1/Th/Dream-Ballet-Th.jpg', 'http://api.smugmug.com/services/embed/1766490529_qKjfb4r?width=800&height=600', 1, '2012-09-20 10:35:12', '2012-10-12 13:36:25');
INSERT INTO `videos` VALUES(112, 'Fantasia - ShowSTARS Recital Choreography', '&lt;p&gt;Recital Choreography Fantasia ShowSTARS Ballet&amp;trade; Ages 5-7 Twinkle Star Dance&amp;trade; &amp;copy; 2011 Tiffany''s Dance Academy, Inc.  All Rights Reserved   Fantasia - Show Stars Recital Ballet Ages 5-7 - Dance of the Reed Flutes - Disney - ITUNES  CostumeManager.com overview video . Register your studio today.&lt;/p&gt;', 0.1, 'http://tdapics.smugmug.com/Choreography-Videos/Twinkle-Star-Dance/i-G4FGBnX/1/Th/Fantasia-Th.jpg', 'http://api.smugmug.com/services/embed/1584705162_G4FGBnX?width=800&height=600', 1, '2012-09-20 10:36:03', '2012-10-12 13:48:02');
INSERT INTO `videos` VALUES(113, 'Goin'' to the Chapel - Twinkle Stars Recital Choreography', '&lt;p&gt;Recital Choreography Goin'' to the Chapel Twinkle Star 5-6 Twinkle Star Dance&amp;trade; &amp;copy; 2011 Tiffany''s Dance Academy, Inc.  All Rights Reserved  CostumeManager.com overview video . Register your studio today.&lt;/p&gt;', 0.1, 'http://tdapics.smugmug.com/Choreography-Videos/Twinkle-Star-Dance/i-FQCtXpc/2/Th/My-Best-Friends-Wedding-Th.jpg', 'http://api.smugmug.com/services/embed/1584676369_FQCtXpc?width=800&height=600', 1, '2012-09-20 10:36:47', '2012-10-12 13:36:56');
INSERT INTO `videos` VALUES(114, 'I Am Ready for the Show Tonight - Twinkle Stars Recital Choreography', '&lt;p&gt;Recital Choreography I Am Ready for the Show Tonight - Tiffany Henderson Twinkle Stars 3-4&amp;trade; Twinkle Star Dance&amp;trade; &amp;copy; 2011 Tiffany''s Dance Academy, Inc.  All Rights Reserved  Music info: I&amp;rsquo;m Ready for the Show Tonight - Dancin&amp;rsquo; Fun - Kimbo Educational  CostumeManager.com overview video . Register your studio today.   CostumeManager.com&lt;/p&gt;', 0.1, 'http://tdapics.smugmug.com/Choreography-Videos/Twinkle-Star-Dance/TD1001011PMREADYFORTHESHOWTONI/763262986_XcXhN-Th-1.jpg', 'http://api.smugmug.com/services/embed/763262986_XcXhN?width=800&height=600', 1, '2012-09-20 10:37:31', '2012-10-12 13:36:00');
INSERT INTO `videos` VALUES(115, 'I Want Candy - Twinkle Stars Recital Choreography', '&lt;p&gt;Recital Choreography I Want Candy - Jessi Rodriguez Twinkle Stars 5-6&amp;trade; Twinkle Star Dance&amp;trade; &amp;copy; 2011 Tiffany''s Dance Academy, Inc.  All Rights Reserved  Music Info: I Want Candy - Show Stars Recital Jazz Ages 5-7 - Aaron Carter - ITUNES  CostumeManager.com overview video . Register your studio today.&lt;/p&gt;', 0.1, 'http://tdapics.smugmug.com/Choreography-Videos/Twinkle-Star-Dance/I-Want-Candy/764897672_T7UZc-Th-1.jpg', 'http://api.smugmug.com/services/embed/764897672_T7UZc?width=800&height=600', 1, '2012-09-20 10:38:08', '2012-10-12 13:47:27');
INSERT INTO `videos` VALUES(116, 'Ice Cream Freeze - Twinkle Stars Recital Choreography', '&lt;p&gt;Recital Choreography Ice Cream Freeze - Sarah Garske Twinkle Stars 5-6&amp;trade; Twinkle Star Dance&amp;trade; &amp;copy; 2011 Tiffany''s Dance Academy, Inc.  All Rights Reserved   Music Info: Ice Cream Freeze - Show Stars Recital Jazz Ages 5-7 Miley Cyrus - ITUNES  CostumeManager.com overview video . Register your studio today. edit&lt;/p&gt;', 0.1, 'http://tdapics.smugmug.com/Choreography-Videos/Twinkle-Star-Dance/Garske-Ice-Cream-Freeze/767591977_TgcRB-Th-1.jpg', 'http://api.smugmug.com/services/embed/767591977_TgcRB?width=800&height=600', 1, '2012-09-20 10:38:46', '2012-10-12 13:35:39');
INSERT INTO `videos` VALUES(117, 'Jump - Twinkle Stars Recital Choreography', '&lt;p&gt;Recital Choreography Jump - Leah Webber Twinkle Stars 5-6&amp;trade; Twinkle Star Dance&amp;trade; &amp;copy; 2011 Tiffany''s Dance Academy, Inc.  All Rights Reserved   Music Info: Jump - Show Stars Recital Jazz Ages 5-7 - Girls Aloud - ITUNES  CostumeManager.com overview video . Register your studio today.&lt;/p&gt;', 0.1, 'http://tdapics.smugmug.com/Choreography-Videos/Twinkle-Star-Dance/Jump/764890140_3FHtP-Th-1.jpg', 'http://api.smugmug.com/services/embed/764890140_3FHtP?width=800&height=600', 1, '2012-09-20 10:39:36', '2012-10-12 13:34:44');
INSERT INTO `videos` VALUES(118, 'Jungle Book - Twinkle Stars Recital Choreography', '&lt;p&gt;Recital Choreography Jungle Book - Leah Webber Twinkle Stars 5-6&amp;trade; Twinkle Star Dance&amp;trade; &amp;copy; 2011 Tiffany''s Dance Academy, Inc.  All Rights Reserved  CostumeManager.com overview video . Register your studio today.&lt;/p&gt;', 0.1, 'http://tdapics.smugmug.com/Choreography-Videos/Twinkle-Star-Dance/Jungle-Book/764893213_uihm5-Th-1.jpg', 'http://api.smugmug.com/services/embed/764893213_uihm5?width=800&height=600', 1, '2012-09-20 10:40:28', '2012-10-12 13:35:09');
INSERT INTO `videos` VALUES(119, 'Kimbo Bop - Twinkle Stars Recital Choreography', '&lt;p&gt;Recital Choreography Kimbo Bop Twinkle Stars 3-4&amp;trade; Twinkle Star Dance&amp;trade; &amp;copy; 2011 Tiffany''s Dance Academy, Inc.  All Rights Reserved  Music info: Kimbo Bop - Children&amp;rsquo;s Novelites: Recital Favorites - Kimbo Educational  CostumeManager.com overview video . Register your studio today.&lt;/p&gt;', 0.1, 'http://tdapics.smugmug.com/Choreography-Videos/Twinkle-Star-Dance/i-fTLTm6R/1/Th/Kimbo-Bop-Th.jpg', 'http://api.smugmug.com/services/embed/1584689343_fTLTm6R?width=800&height=600', 1, '2012-09-20 10:42:53', '2012-10-12 13:33:47');
INSERT INTO `videos` VALUES(120, 'Land of 1000 Dances - Twinkle Stars Recital Choreography', '&lt;p&gt;Recital Choreography Land of 1000 Dances - Tiffany Henderson Twinkle Stars 5-6&amp;trade; Twinkle Star Dance&amp;trade; &amp;copy; 2007-2012 Tiffany''s Dance Academy, Inc.  All Rights Reserved   Music Info: Land of 1000 Dances - Sugar Beats - Everybody is a Star - ITUNES  CostumeManager.com overview video . Register your studio today.&lt;/p&gt;', 0.1, 'http://tdapics.smugmug.com/Choreography-Videos/Twinkle-Star-Dance/i-r9cc97r/1/Th/Land-of-1000-dances-Th.jpg', 'http://api.smugmug.com/services/embed/1675987848_r9cc97r?width=800&height=600', 1, '2012-09-20 10:43:51', '2012-10-12 13:44:51');
INSERT INTO `videos` VALUES(121, 'Little Clouds - Twinkle Stars Recital Choreography', '&lt;p&gt;Recital Choreography Little Clouds - Tiffany Henderson Twinkle Babies 2-3&amp;trade; Twinkle Star Dance&amp;trade; &amp;copy; 2011 Tiffany''s Dance Academy, Inc.  All Rights Reserved   Music info: Little Clouds - Children&amp;rsquo;s Novelties - Recital Favorites - Kimbo Educational  CostumeManager.com overview video . Register your studio today.&lt;/p&gt;', 0.1, 'http://tdapics.smugmug.com/Choreography-Videos/Twinkle-Star-Dance/TD1001011PMLITTLECLOUDS/763260579_yccNQ-Th-2.jpg', 'http://api.smugmug.com/services/embed/763260579_yccNQ?width=800&height=600', 1, '2012-09-20 10:44:41', '2012-10-12 13:34:05');
INSERT INTO `videos` VALUES(122, 'Little Tap Shoes - Twinkle Star Recital Choreography', '&lt;p&gt;Recital Choreography Little Tap Shoes - Tiffany Henderson Ages 2-3 Twinkle Star Dance&amp;trade; &amp;copy; 2011 Tiffany''s Dance Academy.  All Rights Reserved.   Music info: Little Tap Shoes - Children&amp;rsquo;s Dance Favorite - Blue Series - Kimbo Educational  Costume via CostumeManager.com Weissman''s Style 5540 - Candyman! CostumeManager.com overview video . Register your studio today.&lt;/p&gt;', 0.1, 'http://tdapics.smugmug.com/Choreography-Videos/Choreography-Videos-2011/Little-Tap-Shoes-2/768478789_BcFdx-Th-2.jpg', 'http://api.smugmug.com/services/embed/768478789_BcFdx?width=800&height=600', 1, '2012-09-20 10:45:20', '2012-10-12 13:33:12');
INSERT INTO `videos` VALUES(123, 'Magic Tutu- Twinkle Stars Recital Choreography', '&lt;p&gt;Recital Choreography Magic Tutu Twinkle Stars&amp;trade; Ages 3-4 Twinkle Star Dance&amp;trade; &amp;copy; 2011 Tiffany''s Dance Academy, Inc.  All Rights Reserved   Music Info: Pending  CostumeManager.com overview video . Register your studio today&lt;/p&gt;', 0.1, 'http://tdapics.smugmug.com/Choreography-Videos/Twinkle-Star-Dance/i-Z7SJtRZ/1/Th/Magic-Tutu-Th.jpg', 'http://api.smugmug.com/services/embed/1761030322_Z7SJtRZ?width=800&height=600', 1, '2012-09-20 10:45:54', '2012-10-12 13:42:37');
INSERT INTO `videos` VALUES(124, 'Mambo No. 5 - Twinkle Stars Recital Choreography', '&lt;p&gt;Recital Choreography Mambo No. 5 Twinkle Stars 4-5&amp;trade; Twinkle Star Dance&amp;trade; &amp;copy; 2011 Tiffany''s Dance Academy, Inc.  All Rights Reserved   Music info: Mambo #5 - La Vida Mickey - Disney - ITUNES  CostumeManager.com overview video . Register your studio today.&lt;/p&gt;', 0.1, 'http://tdapics.smugmug.com/Choreography-Videos/Twinkle-Star-Dance/i-822tKGq/1/Th/Mambo-No-5-Th.jpg', 'http://api.smugmug.com/services/embed/1584690564_822tKG?width=800&height=600', 1, '2012-09-20 10:46:29', '2012-10-12 13:32:50');
INSERT INTO `videos` VALUES(125, 'Mary Poppins Medley - Twinkle Stars Recital Choreography', '&lt;p&gt;Recital Choreography Mary Poppins Medley - Tiffany Henderson Twinkle Babies 2-3&amp;trade; Twinkle Star Dance&amp;trade; &amp;copy; 2007-2012 Tiffany''s Dance Academy, Inc.  All Rights Reserved  CostumeManager.com overview video . Register your studio today.&lt;/p&gt;', 0.1, 'http://tdapics.smugmug.com/Choreography-Videos/Twinkle-Star-Dance/i-bBVdpWZ/1/Th/Mery-Poppins-Medley-Th.jpg', 'http://api.smugmug.com/services/embed/1701419173_bBVdpWZ?width=800&height=600', 1, '2012-09-20 10:47:04', '2012-10-12 13:32:35');
INSERT INTO `videos` VALUES(126, 'Me and My Teddy Bear - Twinkle Stars Recital Choreography', '&lt;p&gt;Recital Choreography Me and My Teddy Bear - Bonnie Fisk Twinkle Babies 2-3&amp;trade; Twinkle Star Dance&amp;trade; &amp;copy; 2011 Tiffany''s Dance Academy.  All Rights Reserved.  Music Info: Me and My Teddy Bear- Georgina Stewart - Teddy Bear Tunes - I TUNES  Recommended Costume via CostumeManager.comArt Stone Style 2063 - A Wink and a Smile! CostumeManager.com overview video . Register your studio today.&lt;/p&gt;', 0.1, 'http://tdapics.smugmug.com/Choreography-Videos/Choreography-Videos-2011/i-kGtz7H2/2/Th/MEANDMYTEDDYBEAR2009-Th.jpg', 'http://api.smugmug.com/services/embed/1154905719_kGtz7H2?width=800&height=600', 1, '2012-09-20 10:47:47', '2012-10-12 13:32:19');
INSERT INTO `videos` VALUES(127, 'Mickey Motion - Twinkle Stars Recital Choreography', '&lt;p&gt;Recital Choreography Mickey Motion Twinkle Stars 3-4&amp;trade; Twinkle Star Dance&amp;trade; &amp;copy; 2011 Tiffany''s Dance Academy, Inc.  All Rights Reserved  CostumeManager.com overview video . Register your studio today.&lt;/p&gt;', 0.1, 'http://tdapics.smugmug.com/Choreography-Videos/Twinkle-Star-Dance/i-czhW73K/1/Th/Mickey-Motion-Th.jpg', 'http://api.smugmug.com/services/embed/1584692451_czhW73K?width=800&height=600', 1, '2012-09-20 10:48:23', '2012-10-12 13:31:25');
INSERT INTO `videos` VALUES(128, 'My Favorite Things - ShowSTARS Recital Choreography', '&lt;p&gt;Recital Choreography My Favorite Things - Ages 7-9 ShowSTARS Ballet&amp;trade; Twinkle Star Dance&amp;trade; &amp;copy; 2011 Tiffany''s Dance Academy, Inc.  All Rights Reserved   My Favorite Things - ShowSTARS&amp;trade; Recital Ballet Ages 7-10 - Maria and Original Soundtrack - Sound of Music - ITUNES  CostumeManager.com overview video . Register your studio today.&lt;/p&gt;', 0.1, 'http://tdapics.smugmug.com/Choreography-Videos/Twinkle-Star-Dance/i-kDszk46/2/Th/My-Favorite-Things-Th.jpg', 'http://api.smugmug.com/services/embed/1584676454_kDszk46?width=800&height=600', 1, '2012-09-20 10:48:59', '2012-10-12 13:43:03');
INSERT INTO `videos` VALUES(129, 'Neutron Dance - ShowSTARS Recital Choreography', '&lt;p&gt;Recital Choreography Neutron Dance Twinkle Star 5-6 Twinkle Star Dance&amp;trade; &amp;copy; 2012 Twinkle Star Dance&amp;trade;  All Rights Reserved  CostumeManager.com overview video . Register your studio today.&lt;/p&gt;', 0.1, 'http://tdapics.smugmug.com/Choreography-Videos/Twinkle-Star-Dance/i-ZQQnxVM/1/Th/Neutron-Dance-Th.jpg', 'http://api.smugmug.com/services/embed/1834474796_ZQQnxVM?width=800&height=600', 1, '2012-09-20 10:57:02', '2012-10-12 13:48:50');
INSERT INTO `videos` VALUES(130, 'Now We''re Gonna Shine - Twinkle Star Recital Choreography', '&lt;p&gt;Recital Choreography Now We''re Gonna Shine - Tiffany Henderson Twinkle Stars 3-4 and 4-5&amp;trade; Twinkle Star Dance&amp;trade; &amp;copy; 2011 Tiffany''s Dance Academy, Inc.  All Rights Reserved   Music info: Now We&amp;rsquo;re Going to Shine - Dancin&amp;rsquo; Fun - Kimbo Educational  CostumeManager.com overview video . Register your studio today.&lt;/p&gt;', 0.1, 'http://tdapics.smugmug.com/Choreography-Videos/Twinkle-Star-Dance/TD1001011PMNOWWEAREGOINGTOSHIN/763261635_TtoC4-Th-1.jpg', 'http://api.smugmug.com/services/embed/763261635_TtoC4?width=800&height=600', 1, '2012-09-20 10:57:41', '2012-10-12 13:28:27');
INSERT INTO `videos` VALUES(131, 'Oh You Beautiful Doll - Twinkle Star Recital Choreography', '&lt;p&gt;Recital Choreography Oh You Beautiful Doll - Tiffany Henderson Twinkle Stars 3-4&amp;trade; Twinkle Star Dance&amp;trade; &amp;copy; 2012 Tiffany''s Dance Academy, Inc  All Rights Reserved&lt;/p&gt;', 0.1, 'http://tdapics.smugmug.com/Choreography-Videos/Twinkle-Star-Dance/i-jQsWDvn/1/Th/Oh-You-Beautiful-Doll-Th.jpg', 'http://api.smugmug.com/services/embed/1701279451_jQsWDvn?width=800&height=600', 1, '2012-09-20 11:06:01', '2012-10-12 13:29:13');
INSERT INTO `videos` VALUES(132, 'Oogie Woogie Boogie - Twinkle Star Recital Choreography', '&lt;p&gt;Recital Choreography Oogie Woogie Boogie - Tiffany Henderson Twinkle Stars 3-4&amp;trade; Twinkle Star Dance&amp;trade; &amp;copy; 2011 Tiffany''s Dance Academy, Inc.  All Rights Reserved&lt;/p&gt;', 0.1, 'http://tdapics.smugmug.com/Choreography-Videos/Twinkle-Star-Dance/Oogie-Woogie-Boogie/764788894_7LLbu-Th-1.jpg', 'http://api.smugmug.com/services/embed/764788894_7LLb?width=800&height=600', 1, '2012-09-20 11:06:32', '2012-10-10 16:38:17');
INSERT INTO `videos` VALUES(133, 'Over the Rainbow - Twinkle Star Recital Choreography', '&lt;p&gt;Recital Choreography Over the Rainbow Twinkle Stars 4-5 and 5-6&amp;trade; Twinkle Star Dance&amp;trade; &amp;copy; 2011 Tiffany''s Dance Academy.  All Rights Reserved.  CostumeManager.com overview video . Register your studio today.&lt;/p&gt;', 0.1, 'http://tdapics.smugmug.com/Choreography-Videos/Choreography-Videos-2011/i-5G2jdvZ/1/Th/Over-the-Rainbow-Th.jpg', 'http://api.smugmug.com/services/embed/1155747948_5G2jdvZ?width=800&height=600', 1, '2012-09-20 11:07:07', '2012-10-12 13:30:25');
INSERT INTO `videos` VALUES(134, 'Party Rock - Recital Finale - Nicole Pagan', 'Recital Choreography\r\nParty Rock - Recital Finale - Nicole Pagan\r\nTwinkle Star Dance\r\n 2012 Twinkle Star Dance, LLC\r\nAll Rights Reserved. \r\nCostumeManager.com overview video . Register your studio today.', 0.1, 'http://tdapics.smugmug.com/Choreography-Videos/Twinkle-Star-Dance/i-Sq9WWxT/1/Th/Party-Rock-Th.jpg', 'http://api.smugmug.com/services/embed/1766533942_Sq9WWxT?width=800&height=600', 2, '2012-09-20 11:07:47', '0000-00-00 00:00:00');
INSERT INTO `videos` VALUES(135, 'Personality - Twinkle Star Recital Choreography', '&lt;p&gt;Recital Choreography Personality-Tiffany Henderson Twinkle Stars 3-4&amp;trade; and 4-5 Twinkle Star Dance&amp;trade; &amp;copy; 2011 Tiffany''s Dance Academy, Inc.  All Rights Reserved   Music info: Personality - Children&amp;rsquo;s Dance Favorites - Dancin&amp;rsquo; Fun - Kimbo Educational  CostumeManager.com overview video . Register your studio today.&lt;/p&gt;', 0.1, 'http://tdapics.smugmug.com/Choreography-Videos/Choreography-Videos-2011/i-3kgBwRM/1/Th/Personality-Th.jpg', 'http://api.smugmug.com/services/embed/1155728118_3kgBwRM?width=800&height=600', 1, '2012-09-20 11:08:25', '2012-10-10 16:38:45');
INSERT INTO `videos` VALUES(136, 'Rainbow Connection - Tiffany Henderson', 'Recital Choreography\r\nRainbow Connection - Tiffany Henderson\r\nTwinkle Stars 4-5\r\nTwinkle Star Dance\r\n 2011 Tiffany''s Dance Academy, Inc. \r\nAll Rights Reserved \r\n\r\nMusic info: Rainbow Connection - Return to Pooh Corner - Kenny Loggins - ITUNES\r\n\r\nCostumeManager.com overview video . Register your studio today.', 0.1, 'http://tdapics.smugmug.com/Choreography-Videos/Twinkle-Star-Dance/TD1001011PMRainbowConnection/763262355_bRaqV-Th-1.jpg', 'http://api.smugmug.com/services/embed/763262355_bRaqV?width=800&height=600', 1, '2012-09-20 11:09:00', '0000-00-00 00:00:00');
INSERT INTO `videos` VALUES(137, 'Ratatouille - Ages 6-8', 'Recital Choreography\r\nRatatouille - Ages 6-8\r\nShowSTARS Tap\r\nTwinkle Star Dance\r\n 2011 Tiffany''s Dance Academy, Inc. \r\nAll Rights Reserved \r\n\r\nMusic Info: Ratatouille - (Shoo Fly Pie and Apple Pan Dowdy) - Show Stars Recital Tap Ages 5-7 - Kim Keyes - &quot;What''s Cooking?&quot; Inspired by Ratatouille - ITUNES\r\n\r\nCostumeManager.com overview video . Register your studio today.', 0.1, 'http://tdapics.smugmug.com/Choreography-Videos/Twinkle-Star-Dance/i-NCj9SJb/2/Th/Ratatouille-Shoo-Fly-Th.jpg', 'http://api.smugmug.com/services/embed/1584673196_NCj9SJb?width=800&height=600', 1, '2012-09-20 11:09:35', '0000-00-00 00:00:00');
INSERT INTO `videos` VALUES(138, 'Rock Star - Jessi Rodriguez', 'Recital Choreography\r\nRock Star - Jessi Rodriguez\r\nTwinkle Stars 5-6\r\nTwinkle Star Dance\r\n 2011 Tiffany''s Dance Academy, Inc. \r\nAll Rights Reserved \r\n\r\nMusic Info: Rock Star - Show Stars Recital Jazz Ages 5-7 - Hannah Montana 2 - ITUNES\r\n\r\nCostumeManager.com overview video . Register your studio today.', 0.1, 'http://tdapics.smugmug.com/Choreography-Videos/Twinkle-Star-Dance/Rock-Star/764896501_F2ek9-Th-1.jpg', 'http://api.smugmug.com/services/embed/764896501_F2ek9?width=800&height=600', 1, '2012-09-20 11:10:07', '0000-00-00 00:00:00');
INSERT INTO `videos` VALUES(139, 'Sea Cruise - ShowSTARS Recital Choreography', '&lt;p&gt;Recital Choreography Sea Cruise - Ages 5-7 ShowSTARS&amp;trade; Tap Twinkle Star Dance&amp;trade; &amp;copy; 2011 Tiffany''s Dance Academy, Inc.  All Rights Reserved   Music info: Sea Cruise SHow Stars Recital Tap Ages 5-7 - Blue Sea Band and Fred Mollin - Finding Nemo - ITUNES  CostumeManager.com overview video . Register your studio today.&lt;/p&gt;', 0.1, 'http://tdapics.smugmug.com/Choreography-Videos/Twinkle-Star-Dance/i-TWw6Bk3/2/Th/Sea-Cruise-Th.jpg', 'http://api.smugmug.com/services/embed/1584658968_TWw6Bk3?width=800&height=600', 1, '2012-09-20 11:10:43', '2012-10-12 13:48:33');
INSERT INTO `videos` VALUES(140, 'Shake Rattle and Roll - Twinkle Star Recital Choreography', '&lt;p&gt;Recital Choreography Shake Rattle and Roll - Tiffany Henderson Twinkle Stars 4-5&amp;trade; Twinkle Star Dance&amp;trade; &amp;copy; 2011 Tiffany''s Dance Academy, Inc.  All Rights Reserved  Music info: Shake Rattle and Roll - Blue Suede Shoes: Elvis Songs for Kids - ITUNES  CostumeManager.com overview video . Register your studio today.&lt;/p&gt;', 0.1, 'http://tdapics.smugmug.com/Choreography-Videos/Twinkle-Star-Dance/TD1001011PMSHAKERATTLEROLL/768458522_iZ5dp-Th-1.jpg', 'http://api.smugmug.com/services/embed/768458522_iZ5dp?width=800&height=600', 1, '2012-09-20 11:11:32', '2012-10-12 13:28:07');
INSERT INTO `videos` VALUES(141, 'A Mother''s Prayer - Leah Webber', 'Recital Choreography\r\nShowSTARS Recital Ballet Ages 7-10\r\nA Mother''s Prayer - Leah Webber\r\nTwinkle Star Dance\r\n 2011 Tiffany''s Dance Academy, Inc. \r\nAll Rights Reserved\r\n\r\nMusic Info: A Mother''s Prayer - Show Stars Recital Ballet Ages 7-10 - Celine Dion - ITUNES\r\n\r\nCostumeManager.com overview video . Register your studio today.', 0.1, 'http://tdapics.smugmug.com/Choreography-Videos/Twinkle-Star-Dance/A-Mothers-Prayer/764892087_wfpUY-Th-2.jpg', 'http://api.smugmug.com/services/embed/764892087_wfpUY?width=800&height=600', 1, '2012-09-20 11:12:08', '0000-00-00 00:00:00');
INSERT INTO `videos` VALUES(142, 'Candyshop', 'Recital Choreography\r\nShowSTARS Hip Hop\r\nCandyshop\r\nTwinkle Star Dance\r\n 2012 Twinkle Star Dance\r\nAll Rights Reserved \r\nCostumeManager.com overview video . Register your studio today.', 0.1, 'http://tdapics.smugmug.com/Choreography-Videos/Twinkle-Star-Dance/i-rmncccs/1/Th/Candyshop-Th.jpg', 'http://api.smugmug.com/services/embed/1763170753_rmncccs?width=800&height=600', 1, '2012-09-20 11:12:44', '0000-00-00 00:00:00');
INSERT INTO `videos` VALUES(143, 'Snow White Part 1 - Ages 5-7', 'Recital Choreography\r\nSnow White Part 1 - Ages 5-7\r\nShowSTARS Tap\r\nTwinkle Star Dance\r\n 2011 Tiffany''s Dance Academy, Inc. \r\nAll Rights Reserved \r\nCostumeManager.com overview video . Register your studio today.', 0.1, 'http://tdapics.smugmug.com/Choreography-Videos/Twinkle-Star-Dance/i-WGdkLcj/2/Th/Snow-White-Pt-1-Th.jpg', 'http://api.smugmug.com/services/embed/1584660777_WGdkLcj?width=800&height=600', 1, '2012-09-20 11:13:17', '0000-00-00 00:00:00');
INSERT INTO `videos` VALUES(144, 'Snow White Part 2 - Ages 5-7', 'Recital Choreography\r\nSnow White Part 2 - Ages 5-7\r\nShowSTARS Tap\r\nTwinkle Star Dance\r\n 2011 Tiffany''s Dance Academy, Inc. \r\nAll Rights Reserved \r\nCostumeManager.com overview video . Register your studio today.', 0.1, 'http://tdapics.smugmug.com/Choreography-Videos/Twinkle-Star-Dance/i-KwcWhzd/2/Th/Snow-White-Pt-2-Th.jpg', 'http://api.smugmug.com/services/embed/1584657112_KwcWhzd?width=800&height=600', 1, '2012-09-20 11:13:46', '0000-00-00 00:00:00');
INSERT INTO `videos` VALUES(145, 'Somewhere Out There - Twinkle Star Recital Choreography', '&lt;p&gt;Recital Choreography Somewhere Out There Twinkle Stars 4-5&amp;trade; Twinkle Star Dance&amp;trade; &amp;copy; 2011 Tiffany''s Dance Academy, Inc.  All Rights Reserved  CostumeManager.com overview video . Register your studio today.&lt;/p&gt;', 0.1, 'http://tdapics.smugmug.com/Choreography-Videos/Twinkle-Star-Dance/i-rqs7q4v/1/Th/American-Tale-Th.jpg', 'http://api.smugmug.com/services/embed/1584705615_rqs7q4v?width=800&height=600', 1, '2012-09-20 11:14:20', '2012-10-12 13:27:38');
INSERT INTO `videos` VALUES(146, 'Sound of Music - Twinkle Star Recital Choreography', '&lt;p&gt;Recital Choreography Sound of Music - Tiffany Henderson Twinkle Stars 3-4&amp;trade; Twinkle Star Dance&amp;trade; &amp;copy; 2007-2012 Tiffany''s Dance Academy, Inc.  All Rights Reserved  Music Info: Sound of Music - The Broadway Kids - The Best of Broadway - ITUNES  CostumeManager.com overview video . Register your studio today.&lt;/p&gt;', 0.1, 'http://tdapics.smugmug.com/Choreography-Videos/Twinkle-Star-Dance/i-zHpxd5S/2/Th/Sound-of-Music-Th.jpg', 'http://api.smugmug.com/services/embed/1701545493_zHpxd5S?width=800&height=600', 1, '2012-09-20 11:14:55', '2012-10-10 16:43:02');
INSERT INTO `videos` VALUES(147, 'Supercalifragilisticexpialidocious - Twinkle Star Recital Choreography', '&lt;p&gt;Recital Choreography Supercalifragilisticexpialidocious - Tiffany Henderson Twinkle Stars 4-5&amp;trade; and 5-6 Twinkle Star Dance&amp;trade; &amp;copy; 2011 Tiffany''s Dance Academy, Inc.  All Rights Reserved  Music Info: Supercalifragilistic - Disney Classics - Mary Poppins - ITUNES  CostumeManager.com overview video . Register your studio today.&lt;/p&gt;', 0.1, 'http://tdapics.smugmug.com/Choreography-Videos/Twinkle-Star-Dance/Supercalifrag/764789739_ETLcX-Th-1.jpg', 'http://api.smugmug.com/services/embed/764789739_ETLcX?width=800&height=600', 1, '2012-09-20 11:15:33', '2012-10-10 16:42:46');
INSERT INTO `videos` VALUES(148, 'Sweet Old Fashioned Girl', 'Recital Choreography\r\nSweet Old Fashioned Girl\r\nTwinkle Stars 4-5\r\nTwinkle Star Dance\r\n 2011 Tiffany''s Dance Academy, Inc. \r\nAll Rights Reserved\r\n\r\nMusic info: Sweet Old Fashioned Girl - Teresa Brewer - Big Hits and Highlights from 1956 - ITUNES\r\n\r\nCostumeManager.com overview video . Register your studio today.', 0.1, 'http://tdapics.smugmug.com/Choreography-Videos/Twinkle-Star-Dance/i-FvkxrX3/1/Th/Sweet-Old-Fashioned-Girl-Th.jpg', 'http://api.smugmug.com/services/embed/1155728835_FvkxrX3?width=800&height=600', 2, '2012-09-20 11:16:12', '0000-00-00 00:00:00');
INSERT INTO `videos` VALUES(149, 'Sweet Old Fashioned Girl - Twinkle Star Recital Choreography', '&lt;p&gt;Recital Choreography Sweet Old Fashioned Girl - Tiffany Henderson Twinkle Stars 4-5&amp;trade; Twinkle Star Dance&amp;trade; &amp;copy; 2011 Tiffany''s Dance Academy.  All Rights Reserved.   Music Info: Sweet Old Fashioned Girl - Teresa Brewer - Big Hits and Highlights from 1956 - ITUNES  CostumeManager.com overview video . Register your studio today.&lt;/p&gt;', 0.1, 'http://tdapics.smugmug.com/Choreography-Videos/Choreography-Videos-2011/i-K9z4Bdh/1/Th/Sweet-Old-Fashioned-Girl-Th.jpg', 'http://api.smugmug.com/services/embed/1155723070_K9z4Bdh?width=800&height=600', 1, '2012-09-20 11:16:55', '2012-10-10 16:42:31');
INSERT INTO `videos` VALUES(150, 'Swinging on a Star - Twinkle Star Recital Choreography', '&lt;p&gt;Recital Choreography Swinging on a Star - Tiffany Henderson Twinkle Babies&amp;trade; Ages 2-3 Twinkle Star Dance&amp;trade; &amp;copy; 2012 Tiffany''s Dance Academy, Inc.  All Rights Reserved  Music Info: Swingin on a Star - Christa Larson - Minnie and Me - ITUNES  CostumeManager.com overview video . Register your studio today.&lt;/p&gt;', 0.1, 'http://tdapics.smugmug.com/Choreography-Videos/Twinkle-Star-Dance/i-6jsqsS2/1/Th/Swinging-on-a-Star-Th.jpg', 'http://api.smugmug.com/services/embed/1701162403_6jsqsS2?width=800&height=600', 1, '2012-09-20 11:17:35', '2012-10-10 16:42:15');
INSERT INTO `videos` VALUES(151, 'Tiny Tots Ballet- Twinkle Star Recital Choreography', '&lt;p&gt;Recital Choreography Tiny Tots Ballet Twinkle Stars&amp;trade; Ages 3-4 Twinkle Star Dance&amp;trade; &amp;copy; 2011 Tiffany''s Dance Academy, Inc.  All Rights Reserved   Music Info: Tiny Tots Ballet - Children&amp;rsquo;s Dance Favorites - Red Series - Kimbo Educational  CostumeManager.com overview video . Register your studio today.&lt;/p&gt;', 0.1, 'http://tdapics.smugmug.com/Choreography-Videos/Twinkle-Star-Dance/i-MnfvP7g/1/Th/Tiny-Tots-Choreography-Th.jpg', 'http://api.smugmug.com/services/embed/1155727504_MnfvP7g?width=800&height=600', 1, '2012-09-20 11:18:09', '2012-10-12 13:27:13');
INSERT INTO `videos` VALUES(152, 'Baby Bumble Bee Choreography - Twinkle Star Recital Choreography', '&lt;p&gt;Recital Choreography Twinkle Babies&amp;trade; 2-3  Baby Bumble Bee Choreography - Tiffany  Twinkle Star Dance&amp;trade; &amp;copy; 2011 Tiffany''s Dance Academy.  All Rights Reserved.  Music info: Be My Baby Bumble Bee - Children&amp;rsquo;s Dance Favorites - Red Series - Kimbo Educational  Recommended Costume via CostumeManager.com Dansco Style 544 - Honey Bee! CostumeManager.com overview video . Register your studio today.&lt;/p&gt;', 0.1, 'http://tdapics.smugmug.com/Choreography-Videos/Choreography-Videos-2011/i-5MZwzwd/2/Th/Baby-Bumble-Bee-Choreography-Th.jpg', 'http://api.smugmug.com/services/embed/1155727492_5MZwzwd?width=800&height=600', 1, '2012-09-20 11:18:56', '2012-10-10 16:41:39');
INSERT INTO `videos` VALUES(153, 'Twinkle Twinkle Little Star - Twinkle Star Recital Choreography', '&lt;p&gt;Recital Choreography Twinkle Twinkle Little Star - Tiffany Henderson Twinkle Babies&amp;trade; Ages 2-3 Twinkle Star Dance&amp;trade; &amp;copy; 2012 Tiffany''s Dance Academy, Inc.  All Rights Reserved  Music Info: Twinkle Twinkle Little Star - Twinkle Twinkle Little Star - Twinkle Twinkle Little Star - ITUNES  CostumeManager.com overview video . Register your studio today.&lt;/p&gt;', 0.1, 'http://tdapics.smugmug.com/Choreography-Videos/Twinkle-Star-Dance/i-KWsVGqZ/1/Th/Twinkle-Twinkle-Little-Star-Th.jpg', 'http://api.smugmug.com/services/embed/1701213916_KWsVGqZ?width=800&height=600', 1, '2012-09-20 11:19:43', '2012-10-10 16:41:18');
INSERT INTO `videos` VALUES(154, 'Under the Big Top - Twinkle Star Recital Choreography', '&lt;p&gt;Recital Choreography Under the Big Top - Tiffany Henderson Twinkle Stars 4-5&amp;trade; Twinkle Star Dance&amp;trade; &amp;copy; 2007-2012 Tiffany''s Dance Academy, Inc.  All Rights Reserved   Music info: Under the Big Top - Linda Arnold - Circus Magic - ITUNES  CostumeManager.com overview video . Register your studio today.&lt;/p&gt;', 0.1, 'http://tdapics.smugmug.com/Choreography-Videos/Twinkle-Star-Dance/i-TKf4qK5/1/Th/Under-the-Big-Top-Th.jpg', 'http://api.smugmug.com/services/embed/1701818733_TKf4qK5?width=800&height=600', 1, '2012-09-20 11:20:18', '2012-10-10 16:40:52');
INSERT INTO `videos` VALUES(155, 'When She Loved Me - Bonnie Fisk', 'Recital Choreography\r\nWhen She Loved Me - Bonnie Fisk\r\nTwinkle Stars 5-6\r\nTwinkle Star Dance\r\n 2011 Tiffany''s Dance Academy, Inc. \r\nAll Rights Reserved \r\n\r\nMusic Info: When She Loved Me - Show Stars Recital Ballet Ages 5-7 - Jordan Pruitt - Disneymania - ITUNES\r\n\r\nCostumeManager.com overview video . Register your studio today.', 0.1, 'http://tdapics.smugmug.com/Choreography-Videos/Twinkle-Star-Dance/When-She-Loved-Me/765074963_kQXrF-Th.jpg', 'http://api.smugmug.com/services/embed/765074963_kQXrF?width=800&height=600', 1, '2012-09-20 11:20:54', '0000-00-00 00:00:00');
INSERT INTO `videos` VALUES(156, 'Land of 1000 Dances - Tiffany Henderson', 'Recital Choreography \r\nLand of 1000 Dances - Tiffany Henderson\r\nTwinkle Stars 4-5\r\nTwinkle Star Dance\r\n 2011 Tiffany''s Dance Academy, Inc. \r\nAll Rights Reserved \r\n\r\nMusic info: Land of 1000 Dances - Sugar Beats - Everybody is a Star - ITUNES\r\n\r\nCostumeManager.com overview video . Register your studio today.', 0.1, 'http://tdapics.smugmug.com/Choreography-Videos/Twinkle-Star-Dance/TD1001011PMLANDOF1000DANCES/763260094_xMGVM-Th.jpg', 'http://api.smugmug.com/services/embed/763260094_xMGVM?width=800&height=600', 1, '2012-09-20 11:21:42', '0000-00-00 00:00:00');
INSERT INTO `videos` VALUES(157, 'Sample Class Training - Twinkle Babies 2-3', 'Sample Class Training Twinkle Babies 2-3&amp;acirc;&amp;bdquo;&amp;cent; Twinkle Star Dance&amp;acirc;&amp;bdquo;&amp;cent; &amp;Acirc;&amp;copy; 2011 Tiffany''s Dance Academy, Inc.  All Rights Reserved  CostumeManager.com overview video . Register your studio today.', 0.1, 'http://tdapics.smugmug.com/Choreography-Videos/Twinkle-Star-Dance/i-CrCTSBP/1/Th/Twinkle-Babies-Class-Sample-Th.jpg', 'http://api.smugmug.com/services/embed/1705135215_CrCTSBP?width=800&height=600', 1, '2012-09-20 11:22:27', '2012-10-26 09:42:07');
INSERT INTO `videos` VALUES(158, 'Sample Class Training - Twinkle Stars 3-4', 'Sample Class Training Twinkle Stars 3-4&amp;acirc;&amp;bdquo;&amp;cent; Twinkle Star Dance&amp;acirc;&amp;bdquo;&amp;cent; &amp;Acirc;&amp;copy; 2011 Tiffany''s Dance Academy, Inc.  All Rights Reserved  CostumeManager.com overview video . Register your studio today.', 0.1, 'http://tdapics.smugmug.com/Choreography-Videos/Twinkle-Star-Dance/i-VbW2pcb/1/Th/Twinkle-Stars-3-4-Sample-Th.jpg', 'http://api.smugmug.com/services/embed/1705208324_VbW2pcb?width=800&height=600', 1, '2012-09-20 11:23:11', '2012-10-26 09:41:57');
INSERT INTO `videos` VALUES(159, 'Sample Class Training - Twinkle Stars 4-5', 'Sample Class Training Twinkle Stars 4-5&amp;acirc;&amp;bdquo;&amp;cent; Twinkle Star Dance&amp;acirc;&amp;bdquo;&amp;cent; &amp;Acirc;&amp;copy; 2011 Tiffany''s Dance Academy, Inc.  All Rights Reserved  CostumeManager.com overview video . Register your studio today.', 0.1, 'http://tdapics.smugmug.com/Choreography-Videos/Twinkle-Star-Dance/i-DTvmZdZ/1/Th/Twinkle-Stars-4-5-Sample-Th.jpg', 'http://api.smugmug.com/services/embed/1705161943_DTvmZdZ?width=800&height=600', 1, '2012-09-20 11:26:54', '2012-10-26 09:41:50');
INSERT INTO `videos` VALUES(160, 'Sample Recital Choreography - Twinkle Babies 2-3 - Broadway Babies', 'Sample Recital Choreography Twinkle Babies 2-3&amp;acirc;&amp;bdquo;&amp;cent; Broadway Babies Twinkle Star Dance&amp;copy; 2011 Tiffany''s Dance Academy, Inc.  All Rights Reserved  CostumeManager.com overview video . Register your studio today.', 0.1, 'http://tdapics.smugmug.com/Choreography-Videos/Twinkle-Star-Dance/i-HbzKZG8/1/Th/Broadway-Baby-Sample-Th.jpg', 'http://api.smugmug.com/services/embed/1705090068_HbzKZG8?width=800&height=600', 1, '2012-09-20 11:27:52', '2012-10-26 09:41:43');
INSERT INTO `videos` VALUES(161, 'Sample Recital Choreography - Twinkle Babies 2-3 - Cuddle Bug Boogie', 'Sample Recital Choreography Twinkle Babies 2-3&amp;acirc;&amp;bdquo;&amp;cent; Cuddle Bug Boogie Twinkle Star Dance&amp;acirc;&amp;bdquo;&amp;cent; &amp;Acirc;&amp;copy; 2011 Tiffany''s Dance Academy, Inc.  All Rights Reserved  CostumeManager.com overview video . Register your studio today.', 0.1, 'http://tdapics.smugmug.com/Choreography-Videos/Twinkle-Star-Dance/i-FXS5sQM/1/Th/Cuddle-Bug-Sample-Th.jpg', 'http://api.smugmug.com/services/embed/1705104344_FXS5sQM?width=800&height=600', 1, '2012-09-20 11:28:37', '2012-10-26 09:41:26');
INSERT INTO `videos` VALUES(162, 'Sample Recital Choreography - Twinkle Babies 2-3 - Mary Poppins Medley', 'Sample Recital Choreography Twinkle Babies 2-3&amp;acirc;&amp;bdquo;&amp;cent; Mary Poppins Medley Twinkle Star Dance&amp;acirc;&amp;bdquo;&amp;cent; &amp;Acirc;&amp;copy; 2011 Tiffany''s Dance Academy, Inc.  All Rights Reserved  CostumeManager.com overview video . Register your studio today.', 0.1, 'http://tdapics.smugmug.com/Choreography-Videos/Twinkle-Star-Dance/i-QGb3QQf/1/Th/Mary-Poppins-Sample-Th.jpg', 'http://api.smugmug.com/services/embed/1705114513_QGb3QQf?width=800&height=600', 1, '2012-09-20 11:34:11', '2012-10-26 09:41:18');
INSERT INTO `videos` VALUES(163, 'Sample Recital Choreography - Twinkle Babies 2-3 - Sound of Music', 'Sample Recital Choreography Twinkle Babies 2-3&amp;acirc;&amp;bdquo;&amp;cent; Sound of Music Twinkle Star Dance&amp;acirc;&amp;bdquo;&amp;cent; &amp;Acirc;&amp;copy; 2011 Tiffany''s Dance Academy, Inc.  All Rights Reserved  CostumeManager.com overview video . Register your studio today.', 0.1, 'http://tdapics.smugmug.com/Choreography-Videos/Twinkle-Star-Dance/i-7Hjkdfr/1/Th/Sound-of-Music-Sample-Th.jpg', 'http://api.smugmug.com/services/embed/1705126035_7Hjkdfr?width=800&height=600', 1, '2012-09-20 11:39:24', '2012-10-26 09:41:10');
INSERT INTO `videos` VALUES(164, 'Dgag - ShowSTARS Ballet Class Training', '&lt;p&gt;ShowSTARS&amp;trade; Ballet Class Training 03-Ballet -D&amp;eacute;gag&amp;eacute; Twinkle Star Dance&amp;trade; &amp;copy; 2012 Tiffany''s Dance Academy, Inc.  All Rights Reserved&lt;/p&gt;', 0.1, 'http://tdapics.smugmug.com/Choreography-Videos/Twinkle-Star-Dance/i-htPgRgW/0/Th/Sequence-22-Show-Stars-Ballet-Th.jpg', 'http://api.smugmug.com/services/embed/2084233035_htPgRgW?width=800&height=600', 1, '2012-09-20 11:43:35', '2012-10-10 16:32:21');
INSERT INTO `videos` VALUES(165, 'Fondu at Barre with Coup de Pied - ShowSTARS Ballet Class Training', '&lt;p&gt;ShowSTARS&amp;trade; Ballet Class Training Ballet Fondu at Barre with Coup de Pied Song: Fondu Slow Tango Artist: Behind the Barre III, Judy Rice and Paul Lewis Twinkle Star Dance&amp;trade; &amp;copy; 2012 Tiffany''s Dance Academy, Inc.  All Rights Reserved&lt;/p&gt;', 0.1, 'http://tdapics.smugmug.com/Choreography-Videos/Twinkle-Star-Dance/i-Lw2XKmm/0/Th/Sequence-24-Show-Stars-Ballet-Th.jpg', 'http://api.smugmug.com/services/embed/2084242703_Lw2XKmm?width=800&height=600', 1, '2012-09-20 11:44:33', '2012-10-26 09:22:17');
INSERT INTO `videos` VALUES(166, 'Sautes with Fixed Points - ShowSTARS Ballet Class Training', '&lt;p&gt;ShowSTARS&amp;trade; Ballet Class Training Ballet Sautes with Fixed Points Song: Petite Allegro Artist: Behind Barres, Judy Rice and Paul Lewis Twinkle Star Dance&amp;trade; &amp;copy; 2012 Tiffany''s Dance Academy, Inc.  All Rights Reserved&lt;/p&gt;', 0.1, 'http://tdapics.smugmug.com/Choreography-Videos/Twinkle-Star-Dance/i-ChJ6DtR/0/Th/Sequence-23-Show-Stars-Ballet-Th.jpg', 'http://api.smugmug.com/services/embed/2084235693_ChJ6DtR?width=800&height=600', 1, '2012-09-20 11:45:12', '2012-10-26 09:22:01');
INSERT INTO `videos` VALUES(167, 'Release Me - ShowSTARS Jazz Class Training', '&lt;p&gt;ShowSTARS&amp;trade; Class Training Jazz Center Floor Barre and Stretch Song: Release Me Artist: Agnes - Release Me Single Twinkle Star Dance&amp;trade; &amp;copy; 2012 Tiffany''s Dance Academy, Inc.  All Rights Reserved&lt;/p&gt;', 0.1, 'http://tdapics.smugmug.com/Choreography-Videos/Twinkle-Star-Dance/i-Q2s8QPD/0/Th/Sequence-21-Show-Stars-Jazz-Th.jpg', 'http://api.smugmug.com/services/embed/2084243238_Q2s8QPD?width=800&height=600', 1, '2012-09-20 11:45:50', '2012-10-10 16:31:06');
INSERT INTO `videos` VALUES(168, 'Class Combination - ShowSTARS Hip-Hop Class Training', '&lt;p&gt;ShowSTARS&amp;trade; Hip-Hop Class Training Class Combination Song: Santa Baby Artist: Accidental Airplay Twinkle Star Dance&amp;trade; &amp;copy; 2012 Tiffany''s Dance Academy, Inc.  All Rights Reserved&lt;/p&gt;', 0.1, 'http://tdapics.smugmug.com/Choreography-Videos/Twinkle-Star-Dance/i-Vc9CPQT/0/Th/Sequence-31-Show-Stars-Hip-Hop-Th.jpg', 'http://api.smugmug.com/services/embed/2084260385_Vc9CPQT?width=800&height=600', 1, '2012-09-20 11:46:33', '2012-10-26 09:41:02');
INSERT INTO `videos` VALUES(169, 'Santa Baby - ShowSTARS Hip-Hop Class Training', '&lt;p&gt;ShowSTARS&amp;trade; Hip-Hop Class Training Class Combination Song: Santa Baby Artist: Accidental Airplay Twinkle Star Dance&amp;trade; &amp;copy; 2012 Tiffany''s Dance Academy, Inc.  All Rights Reserved&lt;/p&gt;', 0.1, 'http://tdapics.smugmug.com/Choreography-Videos/Twinkle-Star-Dance/i-Vc9CPQT/0/Th/Sequence-31-Show-Stars-Hip-Hop-Th.jpg', 'http://api.smugmug.com/services/embed/2084260385_Vc9CPQT?width=800&height=600', 1, '2012-09-20 11:47:12', '2012-10-26 09:38:37');
INSERT INTO `videos` VALUES(170, 'Thriller - ShowSTARS Hip-Hop Class Training', '&lt;p&gt;ShowSTARS&amp;trade; Hip-Hop Class Training Class Combination Song: Thriller Artist: Michael Jackson Twinkle Star Dance&amp;trade; &amp;copy; 2012 Tiffany''s Dance Academy, Inc.  All Rights Reserved&lt;/p&gt;', 0.1, 'http://tdapics.smugmug.com/Choreography-Videos/Twinkle-Star-Dance/i-Z6FmF2J/0/Th/Sequence-35-Show-Stars-Th.jpg', 'http://api.smugmug.com/services/embed/2084267180_Z6FmF2J?width=800&height=600', 1, '2012-09-20 11:47:50', '2012-10-26 09:24:13');
INSERT INTO `videos` VALUES(171, 'SSHH04 - Because of You ShowSTARS Hip-Hop Across the Floor 8-10 years', '&lt;p&gt;SSHH04 - Because of You&lt;br /&gt;\r\nShowSTARS&amp;trade; Hip-Hop Across the Floor 8-10 years&lt;br /&gt;\r\nSong: Because of You &lt;br /&gt;\r\nArtist: Ne-Yo - ITUNES&lt;br /&gt;\r\n&amp;copy; Twinkle Star Dance&amp;trade;&lt;br /&gt;\r\nAll Rights Reserved.&lt;br /&gt;\r\n&lt;br /&gt;\r\nCostumeManager.com &amp;lt;a style=&amp;quot;color:#0000FF&amp;quot; href=&amp;quot;http://www.costumemanager.com/overview&amp;quot; target=&amp;quot;_blank&amp;quot;&amp;gt;overview video&amp;nbsp; &amp;lt;/a&amp;gt;. Register your studio today.&lt;/p&gt;', 0.1, 'http://tdapics.smugmug.com/Choreography-Videos/Twinkle-Star-Dance/i-fMxZWKj/0/Th/Sequence-41-Show-Stars-Hip-Hop-Th.jpg', 'http://api.smugmug.com/services/embed/2084282399_fMxZWKj?width=800&height=600', 1, '2012-09-20 11:51:21', '2012-11-05 13:15:12');
INSERT INTO `videos` VALUES(172, 'SSHH03 - Energy Drink ShowSTARS Hip-Hop Across the Floor Ages 6-9', '&lt;p&gt;SSHH03 - Energy Drink&lt;br /&gt;\r\nShowSTARS&amp;trade; Hip-Hop Across the Floor Ages 6-9&lt;br /&gt;\r\nSong:&amp;nbsp; Energy Drink&lt;br /&gt;\r\nArtist: Ugly Duckling - ITUNES&lt;br /&gt;\r\n&amp;copy; Twinkle Star Dance&amp;trade;&lt;br /&gt;\r\nAll Rights Reserved.&lt;br /&gt;\r\n&lt;br /&gt;\r\nCostumeManager.com &amp;lt;a style=&amp;quot;color:#0000FF&amp;quot; href=&amp;quot;http://www.costumemanager.com/overview&amp;quot; target=&amp;quot;_blank&amp;quot;&amp;gt;overview video&amp;nbsp; &amp;lt;/a&amp;gt;. Register your studio today.&lt;/p&gt;', 0.1, 'http://tdapics.smugmug.com/Choreography-Videos/Twinkle-Star-Dance/i-JKz6Bft/0/Th/Sequence-40-Show-Stars-Hip-Hop-Th.jpg', 'http://api.smugmug.com/services/embed/2084281720_JKz6Bf?width=800&height=600', 1, '2012-09-20 12:02:32', '2012-11-05 13:15:01');
INSERT INTO `videos` VALUES(173, 'SSHH02 - Loose my Breath ShowSTARS  Hip-Hop Warm-Up Ages 8-10', '&lt;p&gt;SSHH02 - Loose my Breath&lt;br /&gt;\r\nShowSTARS&amp;trade;&amp;nbsp; Hip-Hop Warm-Up Ages 8-10&lt;br /&gt;\r\nSong:&amp;nbsp; Lose My Breath&lt;br /&gt;\r\nArtist: Destiny''s Child - ITUNES&lt;br /&gt;\r\n&amp;copy; Twinkle Star Dance&amp;trade;&lt;br /&gt;\r\nAll Rights Reserved.&lt;br /&gt;\r\n&lt;br /&gt;\r\nCostumeManager.com &amp;lt;a style=&amp;quot;color:#0000FF&amp;quot; href=&amp;quot;http://www.costumemanager.com/overview&amp;quot; target=&amp;quot;_blank&amp;quot;&amp;gt;overview video&amp;nbsp; &amp;lt;/a&amp;gt;. Register your studio today.&lt;/p&gt;', 0.1, 'http://tdapics.smugmug.com/Choreography-Videos/Twinkle-Star-Dance/i-RnfZRZB/0/Th/Sequence-25-Show-Stars-Hip-Hop-Th.jpg', 'http://api.smugmug.com/services/embed/2084249090_RnfZRZB?width=800&height=600', 1, '2012-09-20 12:03:15', '2012-11-05 13:14:52');
INSERT INTO `videos` VALUES(174, 'One, Two, Step - ShowSTARS Hip-Hop Class Training', '&lt;p&gt;ShowSTARS&amp;trade; Hip-Hop Class Training Hip-Hop Warm-Up 8-10 years Song: One, Two, Step Artist: Ciara Twinkle Star Dance&amp;trade; &amp;copy; 2012 Tiffany''s Dance Academy, Inc.  All Rights Reserved&lt;/p&gt;', 0.1, 'http://tdapics.smugmug.com/Choreography-Videos/Twinkle-Star-Dance/i-HVJSMVr/0/Th/Sequence-28-Show-Stars-Hip-Hop-Th.jpg', 'http://api.smugmug.com/services/embed/2084258016_HVJSMVr?width=800&height=600', 1, '2012-09-20 12:04:01', '2012-10-26 09:40:47');
INSERT INTO `videos` VALUES(175, 'Total Love - ShowSTARS Jazz Class Training', '&lt;p&gt;ShowSTARS&amp;trade; Jazz Class Training Jazz Center Technique and Stretch Song: Total Love Artist: J.C.A and Solaphonics Twinkle Star Dance&amp;trade; &amp;copy; 2012 Tiffany''s Dance Academy, Inc.  All Rights Reserved&lt;/p&gt;', 0.1, 'http://tdapics.smugmug.com/Choreography-Videos/Twinkle-Star-Dance/i-Pmm2Djs/0/Th/Sequence-16-Show-Stars-Jazz-Th.jpg', 'http://api.smugmug.com/services/embed/2084238211_Pmm2Djs?width=800&height=600', 1, '2012-09-20 12:04:53', '2012-10-26 09:23:01');
INSERT INTO `videos` VALUES(176, 'Gettin'' in the Mood for Christmas - ShowSTARS Recital Choreography', '&lt;p&gt;ShowSTARS&amp;trade; Jazz Class Training Jazz Class Choreography and Combination Ages 8-10 Song: Gettin'' in the Mood for Christmas Artist: Brian Setzer Orchestra Twinkle Star Dance&amp;trade; &amp;copy; 2012 Tiffany''s Dance Academy, Inc.  All Rights Reserved&lt;/p&gt;', 0.1, 'http://tdapics.smugmug.com/Choreography-Videos/Twinkle-Star-Dance/i-z3WrMVW/0/Th/Sequence-4-Show-Stars-Holiday-Th.jpg', 'http://api.smugmug.com/services/embed/2084196961_z3WrMVW?width=800&height=600', 1, '2012-09-20 12:06:21', '2012-10-26 09:38:08');
INSERT INTO `videos` VALUES(177, 'Party Rock Anthem - ShowSTARS Jazz Class Training', '&lt;p&gt;ShowSTARS&amp;trade; Jazz Class Training Jazz Warm-up Song: Party Rock Anthem Artist: Kidz Bop Twinkle Star Dance&amp;trade; &amp;copy; 2012 Tiffany''s Dance Academy, Inc.  All Rights Reserved&lt;/p&gt;', 0.1, 'http://tdapics.smugmug.com/Choreography-Videos/Twinkle-Star-Dance/i-jD9PtCn/0/Th/Sequence-14-Show-Stars-Jazz-Th.jpg', 'http://api.smugmug.com/services/embed/2084221456_jD9PtCn?width=800&height=600', 1, '2012-09-20 12:07:20', '2012-10-26 09:21:19');
INSERT INTO `videos` VALUES(178, 'Let Me Take You Away - ShowSTARS Jazz Class Training', '&lt;p&gt;ShowSTARS&amp;trade; Jazz Class Training  Class Combination Song: Let Me Take You Away Artist: Twinkle Star Dance&amp;trade; &amp;copy; 2012 Tiffany''s Dance Academy, Inc.  All Rights Reserved&lt;/p&gt;', 0.1, 'http://tdapics.smugmug.com/Choreography-Videos/Twinkle-Star-Dance/i-b7TJ56D/0/Th/Sequence-18-Show-Stars-Jazz-Th.jpg', 'http://api.smugmug.com/services/embed/2084224891_b7TJ56D?width=800&height=600', 1, '2012-09-20 12:08:22', '2012-10-26 09:40:39');
INSERT INTO `videos` VALUES(179, 'What Christmas Means to Me - ShowSTARS Recital Choreography', '&lt;p&gt;ShowSTARS&amp;trade; Jazz Class Training  Class/Performance Combination Song: What Christmas Means to Me Artist: Natalie Grant Twinkle Star Dance&amp;trade; &amp;copy; 2012 Tiffany''s Dance Academy, Inc.  All Rights Reserved&lt;/p&gt;', 0.1, 'http://tdapics.smugmug.com/Choreography-Videos/Twinkle-Star-Dance/i-pn954pD/0/Th/Sequence-12-Show-Stars-Jazz-Th.jpg', 'http://api.smugmug.com/services/embed/2084217018_pn954pD?width=800&height=600', 1, '2012-09-20 12:10:16', '2012-10-26 09:37:37');
INSERT INTO `videos` VALUES(180, 'It''s About That Walk - ShowSTARS Jazz Class Training', '&lt;p&gt;ShowSTARS&amp;trade; Jazz Class Training  Jazz Across the Floor Song: It''s About That Walk Artist: Prince Twinkle Star Dance&amp;trade; &amp;copy; 2012 Tiffany''s Dance Academy, Inc.  All Rights Reserved&lt;/p&gt;', 0.1, 'http://tdapics.smugmug.com/Choreography-Videos/Twinkle-Star-Dance/i-KHDLrRB/0/Th/Sequence-19-Show-Stars-Jazz-Th.jpg', 'http://api.smugmug.com/services/embed/2084228981_KHDLrRB?width=800&height=600', 1, '2012-09-20 12:10:55', '2012-10-26 09:22:38');
INSERT INTO `videos` VALUES(181, 'Deeper Love - ShowSTARS Jazz Class Training', '&lt;p&gt;ShowSTARS&amp;trade; Jazz Class Training  Jazz Across the Floor Ages 7-10 Song: Deeper Love Artist: Linda Freeland Twinkle Star Dance&amp;trade; &amp;copy; 2012 Tiffany''s Dance Academy, Inc.  All Rights Reserved&lt;/p&gt;', 0.1, 'http://tdapics.smugmug.com/Choreography-Videos/Twinkle-Star-Dance/i-z7KBwMX/0/Th/Sequence-20-Show-Stars-Jazz-Th.jpg', 'http://api.smugmug.com/services/embed/2084228684_z7KBwMX?width=800&height=600', 1, '2012-09-20 12:11:38', '2012-10-26 09:40:31');
INSERT INTO `videos` VALUES(182, 'Conga - ShowSTARS Jazz Class Training', '&lt;p&gt;ShowSTARS&amp;trade; Jazz Class Training  Jazz Class Combination 6-9 years Song: Conga Artist: Xandee Twinkle Star Dance&amp;trade; &amp;copy; 2012 Tiffany''s Dance Academy, Inc.  All Rights Reserved&lt;/p&gt;', 0.1, 'http://tdapics.smugmug.com/Choreography-Videos/Twinkle-Star-Dance/i-xjwjVNG/0/Th/Sequence-17-Show-Stars-Jazz-Th.jpg', 'http://api.smugmug.com/services/embed/2084226383_xjwjVNG?width=800&height=600', 1, '2012-09-20 12:12:14', '2012-10-26 09:40:24');
INSERT INTO `videos` VALUES(183, 'Ghostbusters - ShowSTARS Jazz Class Combination', '&lt;p&gt;ShowSTARS&amp;trade; Jazz Class Training -  Class/Performance Choreography Song: Ghostbusters Artist: KidzBop Halloween Twinkle Star Dance&amp;trade; &amp;copy; 2012 Tiffany''s Dance Academy, Inc.  All Rights Reserved&lt;/p&gt;', 0.1, 'http://tdapics.smugmug.com/Choreography-Videos/Twinkle-Star-Dance/i-nB4c5zf/0/Th/Sequence-8-Show-Stars-Jazz-Th.jpg', 'http://api.smugmug.com/services/embed/2084207170_nB4c5zf?width=800&height=600', 1, '2012-09-20 12:12:49', '2012-10-26 09:21:43');
INSERT INTO `videos` VALUES(184, 'I''m Going to Email Santa - ShowSTARS Recital Choreography', '&lt;p&gt;ShowSTARS&amp;trade; Recital Choreography Showstars Tap Recital Song: I''m Going to Email Santa Artist: Billy Gilman Twinkle Star Dance&amp;trade; &amp;copy; 2012 Tiffany''s Dance Academy, Inc.  All Rights Reserved&lt;/p&gt;', 0.1, 'http://tdapics.smugmug.com/Choreography-Videos/Twinkle-Star-Dance/i-WLxZqxT/0/Th/Sequence-43-Show-Stars-Holiday-Th.jpg', 'http://api.smugmug.com/services/embed/2084288658_WLxZqxT?width=800&height=600', 1, '2012-09-20 12:13:50', '2012-10-26 09:39:08');
INSERT INTO `videos` VALUES(185, 'Tap Accent Coordination Exercises - ShowSTARS Tap Class Training', '&lt;p&gt;ShowSTARS&amp;trade; Tap Class Training Tap Accent Coordination Exercises 7-10 years Song: N/A Twinkle Star Dance&amp;trade; &amp;copy; 2012 Tiffany''s Dance Academy, Inc.  All Rights Reserved&lt;/p&gt;', 0.1, 'http://tdapics.smugmug.com/Choreography-Videos/Twinkle-Star-Dance/i-NdzsKP5/0/Th/Sequence-49-Show-Stars-Tap-Th.jpg', 'http://api.smugmug.com/services/embed/2084306527_NdzsKP5?width=800&height=600', 1, '2012-09-20 12:14:56', '2012-10-26 09:40:15');
INSERT INTO `videos` VALUES(186, 'Tap Ankle Warm-up - ShowSTARS Tap Class Training', '&lt;p&gt;ShowSTARS&amp;trade; Tap Class Training Tap Ankle Warm-up No Music Twinkle Star Dance&amp;trade; &amp;copy; 2012 Tiffany''s Dance Academy, Inc.  All Rights Reserved&lt;/p&gt;', 0.1, 'http://tdapics.smugmug.com/Choreography-Videos/Twinkle-Star-Dance/i-9Sw3F7r/0/Th/Sequence-47-Show-Stars-Th.jpg', 'http://api.smugmug.com/services/embed/2084305664_9Sw3F7r?width=800&height=600', 1, '2012-09-20 12:16:22', '2012-10-26 09:25:08');
INSERT INTO `videos` VALUES(187, 'Tap Placement Exercises - ShowSTARS Tap Class Training', '&lt;p&gt;ShowSTARS&amp;trade; Tap Class Training Tap Placement Exercises Song: N/A Twinkle Star Dance&amp;trade; &amp;copy; 2012 Tiffany''s Dance Academy, Inc.  All Rights Reserved&lt;/p&gt;', 0.1, 'http://tdapics.smugmug.com/Choreography-Videos/Twinkle-Star-Dance/i-4FhzXjw/0/Th/Sequence-48-Show-Stars-Tap-Th.jpg', 'http://api.smugmug.com/services/embed/2084306320_4FhzXjw?width=800&height=600', 1, '2012-09-20 12:17:04', '2012-10-26 09:40:07');
INSERT INTO `videos` VALUES(188, 'Side by Side - ShowSTARS Tap Class Training', '&lt;p&gt;ShowSTARS&amp;trade; Tap Class Training Tap Warm-Up Ages 6-10 Song: Side by Side Artist: Puppini Sisters Twinkle Star Dance&amp;trade; &amp;copy; 2012 Tiffany''s Dance Academy, Inc.  All Rights Reserved&lt;/p&gt;', 0.1, 'http://tdapics.smugmug.com/Choreography-Videos/Twinkle-Star-Dance/i-XQcjVz4/0/Th/Sequence-44-Show-Stars-Tap-Th.jpg', 'http://api.smugmug.com/services/embed/2084288546_XQcjVz4?width=800&height=600', 1, '2012-09-20 12:18:01', '2012-10-26 09:24:40');
INSERT INTO `videos` VALUES(189, 'Special Holiday/Camp Creations Peter Cottontail Dancin'' Egg Hunt', 'Special Holiday/Camp Creations\r\nPeter Cottontail Dancin'' Egg Hunt\r\nTwinkle Stars Ages 3-6\r\nTwinkle Star Dance\r\n 2011 Tiffany''s Dance Academy, Inc. \r\nAll Rights Reserved', 0.1, 'http://tdapics.smugmug.com/Choreography-Videos/Twinkle-Star-Dance/i-CNHT5Zc/1/Th/Peter-Cottontail-Dancin-Egg-Th.jpg', 'http://api.smugmug.com/services/embed/1761120083_CNHT5Zc?width=800&height=600', 1, '2012-09-20 12:23:05', '0000-00-00 00:00:00');
INSERT INTO `videos` VALUES(190, 'Summer Camp Choreography Cinderella Medley', 'Summer Camp Choreography\r\nCinderella Medley\r\nTwinkle Star Dance\r\n 2012 Twinkle Star Dance\r\nAll Rights Reserved \r\nCostumeManager.com overview video . Register your studio today.', 0.1, 'http://tdapics.smugmug.com/Choreography-Videos/Twinkle-Star-Dance/i-xvTnhHs/1/Th/Cinderella-Medley-Th.jpg', 'http://api.smugmug.com/services/embed/1860259840_xvTnhHs?width=800&height=600', 1, '2012-09-20 12:23:58', '0000-00-00 00:00:00');
INSERT INTO `videos` VALUES(191, 'Summer Camp Choreography Hip Hop  Gettin'' Jiggy', 'Summer Camp Choreography\r\nHip Hop \r\nGettin'' Jiggy\r\nTwinkle Star Dance\r\n 2012 Twinkle Star Dance \r\nAll Rights Reserved \r\nCostumeManager.com overview video . Register your studio today.', 0.1, 'http://tdapics.smugmug.com/Choreography-Videos/Twinkle-Star-Dance/i-kg6RRdp/1/Th/Gettin-Jiggy-with-It-Th.jpg', 'http://api.smugmug.com/services/embed/1766502189_kg6RRdp?width=800&height=600', 1, '2012-09-20 12:25:01', '0000-00-00 00:00:00');
INSERT INTO `videos` VALUES(192, 'SSHH06 - Somebody to Love ShowSTARS Hip-Hop Class Combination', 'SSHH06 - Somebody to Love&lt;br /&gt;\r\nShowSTARS&amp;trade; Hip-Hop Class Combination&lt;br /&gt;\r\nSong:&amp;nbsp; Somebody to Love&lt;br /&gt;\r\nArtist:&amp;nbsp; Justin Beiber - ITUNES&lt;br /&gt;\r\n&amp;copy; Twinkle Star Dance&amp;trade;&lt;br /&gt;\r\nAll Rights Reserved. &lt;br /&gt;\r\n&lt;br /&gt;\r\nCostumeManager.com &amp;lt;a style=&amp;quot;color:#0000FF&amp;quot; href=&amp;quot;http://www.costumemanager.com/overview&amp;quot; target=&amp;quot;_blank&amp;quot;&amp;gt;overview video&amp;nbsp; &amp;lt;/a&amp;gt;. Register your studio today.', 0.1, 'http://tdapics.smugmug.com/Choreography-Videos/Twinkle-Star-Dance/i-TNC9cV4/1/Th/Somebody-to-Love-Hip-Hop-Camp-Th.jpg', 'http://api.smugmug.com/services/embed/1766544989_TNC9cV4?width=800&height=600', 1, '2012-09-20 12:39:57', '2012-11-05 13:14:41');
INSERT INTO `videos` VALUES(193, 'Summer Camp Choreography Cinderella Medley', 'Summer Camp Choreography\r\nHip Hop \r\nCaught Up\r\nTwinkle Star Dance\r\n 2012 Twinkle Star Dance \r\nAll Rights Reserved', 0.1, 'http://tdapics.smugmug.com/Choreography-Videos/Twinkle-Star-Dance/i-P6VvkcG/1/Th/Caught-Up-Hip-Hop-Camp-Th.jpg', 'http://api.smugmug.com/services/embed/1766570929_P6VvkcG?width=800&height=600', 1, '2012-09-20 12:43:35', '2012-09-20 12:47:35');
INSERT INTO `videos` VALUES(194, 'Summer Camp Choreography Hip Hop - Rock Your Body', 'Summer Camp Choreography\r\nHip Hop \r\nRock Your Body\r\nTwinkle Star Dance\r\n 2012 Twinkle Star Dance \r\nAll Rights Reserved \r\nCostumeManager.com overview video . Register your studio today.', 0.1, 'http://tdapics.smugmug.com/Choreography-Videos/Twinkle-Star-Dance/i-tJ8gXZg/1/Th/Rock-Your-Body-Th.jpg', 'http://api.smugmug.com/services/embed/1767991069_tJ8gXZg?width=800&height=600', 1, '2012-09-20 12:48:56', '0000-00-00 00:00:00');
INSERT INTO `videos` VALUES(195, 'SSHH07 - Jackson 5 ShowSTARS Hip-Hop Class Combination', 'SSHH07 - Jackson 5&lt;br /&gt;\r\nShowSTARS&amp;trade; Hip-Hop Class Combination&lt;br /&gt;\r\nSong:&amp;nbsp; Jackson 5 Remix&lt;br /&gt;\r\nITUNES&lt;br /&gt;\r\n&amp;copy; Twinkle Star Dance&amp;trade;&lt;br /&gt;\r\nAll Rights Reserved. &lt;br /&gt;\r\n&lt;br /&gt;\r\nCostumeManager.com &amp;lt;a style=&amp;quot;color:#0000FF&amp;quot; href=&amp;quot;http://www.costumemanager.com/overview&amp;quot; target=&amp;quot;_blank&amp;quot;&amp;gt;overview video&amp;nbsp; &amp;lt;/a&amp;gt;. Register your studio today.', 0.1, 'http://tdapics.smugmug.com/Choreography-Videos/Twinkle-Star-Dance/i-qBJCpLh/1/Th/Jackson-5-Remix-Th.jpg', 'http://api.smugmug.com/services/embed/1768006637_qBJCpLh?width=800&height=600', 1, '2012-09-20 12:50:30', '2012-11-05 13:19:02');
INSERT INTO `videos` VALUES(196, 'Summer Camp Choreography Hip Hop Camp Day 1', 'Summer Camp Choreography\r\nHip Hop Camp Day 1\r\nTwinkle Star Dance\r\n 2011 Tiffany''s Dance Academy, Inc. \r\nAll Rights Reserved \r\nCostumeManager.com overview video . Register your studio today', 0.1, 'http://tdapics.smugmug.com/SummerCampChoreography2011/Summer-Camp-Choreography-2011/i-BtRFdcL/0/Th/HH-Camp-Day-1-Th.jpg', 'http://api.smugmug.com/services/embed/1361186129_BtRFdcL?width=800&height=600', 2, '2012-09-20 12:51:14', '0000-00-00 00:00:00');
INSERT INTO `videos` VALUES(197, 'Summer Camp Choreography Hip Hop Camp Day 2', 'Summer Camp Choreography\r\nHip Hop Camp Day 2\r\nTwinkle Star Dance\r\n 2011 Tiffany''s Dance Academy, Inc. \r\nAll Rights Reserved \r\nCostumeManager.com overview video . Register your studio today', 0.1, 'http://tdapics.smugmug.com/SummerCampChoreography2011/Summer-Camp-Choreography-2011/i-cc6LDW2/0/Th/HH-Camp-Day-2-Th.jpg', 'http://api.smugmug.com/services/embed/1361188868_cc6LDW2?width=800&height=600', 2, '2012-09-20 12:51:56', '0000-00-00 00:00:00');
INSERT INTO `videos` VALUES(198, 'Summer Camp Choreography Hip Hop Camp Day 3', 'Summer Camp Choreography\r\nHip Hop Camp Day 3\r\nTwinkle Star Dance\r\n 2011 Tiffany''s Dance Academy, Inc. \r\nAll Rights Reserved \r\nCostumeManager.com overview video . Register your studio today.', 0.1, 'http://tdapics.smugmug.com/SummerCampChoreography2011/Summer-Camp-Choreography-2011/i-X8zXc4W/0/Th/HH-Camp-Day-3-Th.jpg', 'http://api.smugmug.com/services/embed/1360556260_X8zXc4W?width=800&height=600', 2, '2012-09-20 12:52:49', '0000-00-00 00:00:00');
INSERT INTO `videos` VALUES(199, 'Summer Camp Choreography Hip Hop Camp Day 4', 'Summer Camp Choreography\r\nHip Hop Camp Day 4\r\nTwinkle Star Dance\r\n 2011 Tiffany''s Dance Academy, Inc. \r\nAll Rights Reserved \r\nCostumeManager.com overview video . Register your studio today.', 0.1, 'http://tdapics.smugmug.com/SummerCampChoreography2011/Summer-Camp-Choreography-2011/i-pcxVkw5/0/Th/HH-Camp-Day-4-Th.jpg', 'http://api.smugmug.com/services/embed/1360553133_pcxVkw5?width=800&height=600', 2, '2012-09-20 12:53:24', '0000-00-00 00:00:00');
INSERT INTO `videos` VALUES(200, 'Summer Camp Choreography Little Mermaid Medley', 'Summer Camp Choreography\r\nLittle Mermaid Medley\r\nTwinkle Star Dance\r\n 2012 Twinkle Star Dance \r\nAll Rights Reserved \r\nCostumeManager.com overview video . Register your studio today.', 0.1, 'http://tdapics.smugmug.com/Choreography-Videos/Twinkle-Star-Dance/i-PxBBL2R/1/Th/Little-Mermaid-Medley-Th.jpg', 'http://api.smugmug.com/services/embed/1860246646_PxBBL2R?width=800&height=600', 1, '2012-09-20 12:54:06', '0000-00-00 00:00:00');
INSERT INTO `videos` VALUES(201, 'Summer Camp Choreography Party at Mickey''s House', 'Summer Camp Choreography\r\nParty at Mickey''s House\r\nAges 3-6\r\nTwinkle Star Dance Summer Camp\r\n 2011 Tiffany''s Dance Academy, Inc. \r\nAll Rights Reserved \r\nCostumeManager.com overview video . Register your studio today.', 0.1, 'http://tdapics.smugmug.com/Summer-Camp-Choreography-2009/Whistle-While-You-Work/Summer-Camp-Choreography/PARTYATMICKEY/579265781_CGzvH-Th.jpg', 'http://api.smugmug.com/services/embed/579265781_CGzvH?width=800&height=600', 1, '2012-09-20 12:54:50', '0000-00-00 00:00:00');
INSERT INTO `videos` VALUES(202, 'Summer Camp Choreography Twinkle Stars 3-6 Gitchy Gitchy Goo', 'Summer Camp Choreography\r\nTwinkle Stars 3-6\r\nGitchy Gitchy Goo\r\nTwinkle Star Dance Summer Camp\r\n 2011 Tiffany''s Dance Academy, Inc. \r\nAll Rights Reserved \r\nCostumeManager.com overview video . Register your studio today', 0.1, 'http://tdapics.smugmug.com/Summer-Camp-Choreography-2009/Whistle-While-You-Work/Summer-Camp-Choreography/GITCHYGOO/579271460_esn8A-Th.jpg', 'http://api.smugmug.com/services/embed/579271460_esn8A?width=800&height=600', 2, '2012-09-20 13:06:55', '0000-00-00 00:00:00');
INSERT INTO `videos` VALUES(203, 'Summer Camp Choreography Twinkle Stars 3-6 Happy Working Song', 'Summer Camp Choreography\r\nTwinkle Stars 3-6\r\nHappy Working Song\r\nTwinkle Star Dance\r\n 2011 Tiffany''s Dance Academy, Inc. \r\nAll Rights Reserved \r\nCostumeManager.com overview video . Register your studio today.', 0.1, 'http://tdapics.smugmug.com/SummerCampChoreography2011/Summer-Camp-Choreography-2011/i-cgqxHxs/0/Th/Summer-Camp-Dances-2011-Happy-Th.jpg', 'http://api.smugmug.com/services/embed/1358172576_cgqxHxs?width=800&height=600', 2, '2012-09-20 13:07:34', '0000-00-00 00:00:00');
INSERT INTO `videos` VALUES(204, 'Summer Camp Choreography Twinkle Stars 3-6 Hoe Down Throw Down', 'Summer Camp Choreography Twinkle Stars 3-6&amp;acirc;&amp;bdquo;&amp;cent; Hoe Down Throw Down Twinkle Star Dance&amp;acirc;&amp;bdquo;&amp;cent; Summer Camp &amp;Acirc;&amp;copy; 2011 Tiffany''s Dance Academy, Inc.  All Rights Reserved  CostumeManager.com overview video . Register your studio today.', 0.1, 'http://tdapics.smugmug.com/Summer-Camp-Choreography-2009/Whistle-While-You-Work/Summer-Camp-Choreography/HOEDOWN/579257174_yamTk-Th.jpg', 'http://api.smugmug.com/services/embed/579257174_yamTk?width=800&height=600', 1, '2012-09-20 13:08:12', '2012-10-26 09:39:58');
INSERT INTO `videos` VALUES(205, 'Summer Camp Choreography Twinkle Stars 3-6 Perfect Princess Tea', 'Summer Camp Choreography\r\nTwinkle Stars 3-6\r\nPerfect Princess Tea\r\nTwinkle Star Dance\r\n 2011 Tiffany''s Dance Academy, Inc. \r\nAll Rights Reserved \r\nCostumeManager.com overview video . Register your studio today.', 0.1, 'http://tdapics.smugmug.com/SummerCampChoreography2011/Summer-Camp-Choreography-2011/i-5XzmxtM/0/Th/Summer-Camps-2011-Dances-Th.jpg', 'http://api.smugmug.com/services/embed/1358137325_5XzmxtM?width=800&height=600', 2, '2012-09-20 13:14:32', '0000-00-00 00:00:00');
INSERT INTO `videos` VALUES(206, 'Summer Camp Choreography Twinkle Stars 3-6 Perfect Princess Tea Party', 'Summer Camp Choreography Twinkle Stars 3-6&amp;acirc;&amp;bdquo;&amp;cent; Perfect Princess Tea Party Twinkle Star Dance&amp;acirc;&amp;bdquo;&amp;cent; Summer Camp &amp;Acirc;&amp;copy; 2011 Tiffany''s Dance Academy, Inc.  All Rights Reserved  Music Info: Perfect Princess Tea - Show Stars Recital Ballet Ages 5-7 - Princess Tea Party - Disney - ITUNES  CostumeManager.com overview video . Register your studio today.', 0.1, 'http://tdapics.smugmug.com/Summer-Camp-Choreography-2009/Whistle-While-You-Work/Summer-Camp-Choreography/PRINCESSTEA/579268436_3JXs5-Th.jpg', 'http://api.smugmug.com/services/embed/579268436_3JXs5?width=800&height=600', 1, '2012-09-20 13:15:18', '2012-10-26 09:39:49');
INSERT INTO `videos` VALUES(207, 'Summer Camp Choreography Twinkle Stars 3-6 Real Wild Child - with Bonnie', 'Summer Camp Choreography\r\nTwinkle Stars 3-6\r\nReal Wild Child - with Bonnie\r\nTwinkle Star Dance\r\n 2011 Tiffany''s Dance Academy, Inc. \r\nAll Rights Reserved \r\nCostumeManager.com overview video . Register your studio today.', 0.1, 'http://tdapics.smugmug.com/SummerCampChoreography2011/Summer-Camp-Choreography-2011/i-pkQbRZh/0/Th/Summer-Camp-Dances-2011-Real-Th.jpg', 'http://api.smugmug.com/services/embed/1358245596_pkQbRZh?width=800&height=600', 2, '2012-09-20 13:16:14', '0000-00-00 00:00:00');
INSERT INTO `videos` VALUES(208, 'Summer Camp Choreography Twinkle Stars 3-6 Real Wild Child - with class', 'Summer Camp Choreography\r\nTwinkle Stars 3-6\r\nReal Wild Child - with class\r\nTwinkle Star Dance\r\n 2011 Tiffany''s Dance Academy, Inc. \r\nAll Rights Reserved \r\nCostumeManager.com overview video . Register your studio today.', 0.1, 'http://tdapics.smugmug.com/SummerCampChoreography2011/Summer-Camp-Choreography-2011/i-jbfjcFB/0/Th/Summer-Camp-Dances-2011-Real-Th.jpg', 'http://api.smugmug.com/services/embed/1358151657_jbfjcFB?width=800&height=600', 2, '2012-09-20 13:22:21', '0000-00-00 00:00:00');
INSERT INTO `videos` VALUES(209, 'Summer Camp Choreography Twinkle Stars 3-6 Side by Side', 'Summer Camp Choreography\r\nTwinkle Stars 3-6\r\nSide by Side\r\nTwinkle Star Dance\r\n 2011 Tiffany''s Dance Academy, Inc. \r\nAll Rights Reserved \r\nCostumeManager.com overview video . Register your studio today.', 0.1, 'http://tdapics.smugmug.com/SummerCampChoreography2011/Summer-Camp-Choreography-2011/i-gzvrfc6/0/Th/Summer-Camp-Dances-2011-Side-Th.jpg', 'http://api.smugmug.com/services/embed/1358236513_gzvrfc6?width=800&height=600', 2, '2012-09-20 13:23:30', '2012-09-20 13:23:57');
INSERT INTO `videos` VALUES(210, 'Summer Camp Choreography Twinkle Stars 3-6Someday My Prince Will Come', 'Summer Camp Choreography Twinkle Stars 3-6&amp;acirc;&amp;bdquo;&amp;cent; Someday My Prince Will Come Twinkle Star Dance&amp;acirc;&amp;bdquo;&amp;cent; Summer Camp &amp;Acirc;&amp;copy; 2011 Tiffany''s Dance Academy, Inc.  All Rights Reserved  CostumeManager.com overview video . Register your studio today.', 0.1, 'http://tdapics.smugmug.com/Summer-Camp-Choreography-2009/Whistle-While-You-Work/Summer-Camp-Choreography/PRINCE/579250320_sMMHs-Th.jpg', 'http://api.smugmug.com/services/embed/579250320_sMMHs?width=800&height=600', 1, '2012-09-20 13:25:22', '2012-10-24 13:22:17');
INSERT INTO `videos` VALUES(211, 'Summer Camp Choreography Twinkle Stars 3-6 Supercal', 'Summer Camp Choreography\r\nTwinkle Stars 3-6\r\nSupercal\r\nTwinkle Star Dance\r\n 2011 Tiffany''s Dance Academy, Inc. \r\nAll Rights Reserved \r\nCostumeManager.com overview video . Register your studio today.', 0.1, 'http://tdapics.smugmug.com/SummerCampChoreography2011/Summer-Camp-Choreography-2011/i-4zjSjJ3/0/Th/Summer-Camp-Dances-2011-Th.jpg', 'http://api.smugmug.com/services/embed/1358165389_4zjSjJ3?width=800&height=600', 2, '2012-09-20 13:25:46', '2012-09-20 13:27:25');
INSERT INTO `videos` VALUES(212, 'Summer Camp Choreography Twinkle Stars 3-6 This Thing Called Love', 'Summer Camp Choreography\r\nTwinkle Stars 3-6\r\nThis Thing Called Love\r\nTwinkle Star Dance\r\n 2011 Tiffany''s Dance Academy, Inc. \r\nAll Rights Reserved \r\nCostumeManager.com overview video . Register your studio today.', 0.1, 'http://tdapics.smugmug.com/SummerCampChoreography2011/Summer-Camp-Choreography-2011/i-sPML2Mj/0/Th/Summer-Camp-Dances-2011-This-Th.jpg', 'http://api.smugmug.com/services/embed/1358213458_sPML2Mj?width=800&height=600', 2, '2012-09-20 13:28:03', '0000-00-00 00:00:00');
INSERT INTO `videos` VALUES(213, 'Summer Camp Choreography Twinkle Stars 3-6 Together', 'Summer Camp Choreography\r\nTwinkle Stars 3-6\r\nTogether\r\nTwinkle Star Dance\r\n 2011 Tiffany''s Dance Academy, Inc. \r\nAll Rights Reserved \r\nCostumeManager.com overview video . Register your studio today.', 0.1, 'http://tdapics.smugmug.com/SummerCampChoreography2011/Summer-Camp-Choreography-2011/i-ppDrL2x/0/Th/Summer-Camp-Dances-2011-Th.jpg', 'http://api.smugmug.com/services/embed/1358229470_ppDrL2x?width=800&height=600', 2, '2012-09-20 13:28:47', '0000-00-00 00:00:00');
INSERT INTO `videos` VALUES(214, 'Summer Camp Choreography Twinkle Stars 3-6 Whistle While You-Work', 'Summer Camp Choreography Twinkle Stars 3-6&amp;acirc;&amp;bdquo;&amp;cent; Whistle While You-Work Twinkle Star Dance&amp;acirc;&amp;bdquo;&amp;cent; Summer Camp &amp;Acirc;&amp;copy; 2011 Tiffany''s Dance Academy, Inc.  All Rights Reserved  CostumeManager.com overview video . Register your studio today.', 0.1, 'http://tdapics.smugmug.com/Summer-Camp-Choreography-2009/Whistle-While-You-Work/Summer-Camp-Choreography/BUTTERFLY/579260974_hRrwv-Th.jpg', 'http://api.smugmug.com/services/embed/579260974_hRrwv?width=800&height=600', 1, '2012-09-20 13:29:54', '2012-10-26 09:39:39');
INSERT INTO `videos` VALUES(215, 'Summer Camp Choreography Twinkle Stars 3-6', 'Summer Camp Choreography\r\nTwinkle Stars 3-6\r\nUnknown 1\r\nTwinkle Star Dance\r\n 2011 Tiffany''s Dance Academy, Inc. \r\nAll Rights Reserved \r\nCostumeManager.com overview video . Register your studio today', 0.1, 'http://tdapics.smugmug.com/SummerCampChoreography2011/Summer-Camp-Choreography-2011/i-qrDhGSG/0/Th/Summer-Camps-2011-Dances-1-Th.jpg', 'http://api.smugmug.com/services/embed/1358123930_qrDhGSG?width=800&height=600', 2, '2012-09-20 13:30:54', '0000-00-00 00:00:00');
INSERT INTO `videos` VALUES(216, 'Summer Camp Choreography Twinkle Stars 3-6 - 2', 'Summer Camp Choreography\r\nTwinkle Stars 3-6\r\nUnkown 2\r\nTwinkle Star Dance\r\n 2011 Tiffany''s Dance Academy, Inc. \r\nAll Rights Reserved \r\nCostumeManager.com overview video . Register your studio today.', 0.1, 'http://tdapics.smugmug.com/SummerCampChoreography2011/Summer-Camp-Choreography-2011/i-hb6XTsF/0/Th/Summer-Camp-Dances-2011-Th.jpg', 'http://api.smugmug.com/services/embed/1358220542_hb6XTsF?width=800&height=600', 2, '2012-09-20 13:31:35', '0000-00-00 00:00:00');
INSERT INTO `videos` VALUES(217, 'Summer Camp Choreography Twinkle Stars 3-6 Whistle While You Work', 'Summer Camp Choreography Twinkle Stars 3-6&amp;acirc;&amp;bdquo;&amp;cent; Whistle While You Work Twinkle Star Dance&amp;acirc;&amp;bdquo;&amp;cent; Summer Camp &amp;Acirc;&amp;copy; 2011 Tiffany''s Dance Academy, Inc.  All Rights Reserved  CostumeManager.com overview video . Register your studio today.', 0.1, 'http://tdapics.smugmug.com/Summer-Camp-Choreography-2009/Whistle-While-You-Work/Summer-Camp-Choreography/whistle/579244629_zAGGR-Th.jpg', 'http://api.smugmug.com/services/embed/579244629_zAGGR?width=800&height=600', 1, '2012-09-20 13:32:23', '2012-10-26 09:39:28');
INSERT INTO `videos` VALUES(218, 'Monster Mash - Twinkle Stars Class Combination', '&lt;p&gt;Twinkle Stars Class Training Class Combination Song: Monster Mash Artist: Kidz Bop Halloween Twinkle Star Dance&amp;trade; &amp;copy; 2011 Tiffany''s Dance Academy, Inc.  All Rights Reserved&lt;/p&gt;', 0.1, 'http://tdapics.smugmug.com/Choreography-Videos/Twinkle-Star-Dance/i-BBSPj46/0/Th/Sequence-1-Twinkle-Stars-Th.jpg', 'http://api.smugmug.com/services/embed/2084191317_BBSPj46?width=800&height=600', 1, '2012-09-20 13:33:13', '2012-10-26 08:37:13');
INSERT INTO `videos` VALUES(219, 'Plie and Releve - Twinkle Stars Class Training', '&lt;p&gt;Twinkle Stars Class Training Twinkle Babies 2-3&amp;trade; and Twinkle Stars 3-4 Twinkle Bear Plie and Releve Song: Plie and Releve Artist: Kimbo Ed Children''s Blue Series CD Twinkle Star Dance&amp;trade; &amp;copy; 2007-2012 Tiffany''s Dance Academy, Inc.  All Rights Reserved Class Training&lt;/p&gt;', 0.1, 'http://tdapics.smugmug.com/Choreography-Videos/Twinkle-Star-Dance/i-BhZ4Tg4/0/Th/Sequence-2-Twinkle-Stars-Th.jpg', 'http://api.smugmug.com/services/embed/2084187510_BhZ4Tg4?width=800&height=600', 1, '2012-09-20 13:34:16', '2012-10-26 08:48:29');
INSERT INTO `videos` VALUES(220, 'Let''s Boogie, Let''s Hop, Let''s Dance - Twinkle Stars Class Training', '&lt;p&gt;Twinkle Stars Class Training Twinkle Stars 3-4 and 4-5 Jazz Center Movement Song: Let''s Boogie, Let''s Hop, Let''s Dance Artist: Captain Music Twinkle Star Dance&amp;trade; &amp;copy; 2011 Tiffany''s Dance Academy, Inc.  All Rights Reserved&lt;/p&gt;', 0.1, 'http://tdapics.smugmug.com/Choreography-Videos/Twinkle-Star-Dance/i-pPHZ4px/0/Th/Sequence-26-Twinkle-Stars-Jazz-Th.jpg', 'http://api.smugmug.com/services/embed/2084250156_pPHZ4px?width=800&height=600', 1, '2012-09-20 13:35:09', '2012-10-26 08:48:47');
INSERT INTO `videos` VALUES(221, 'Ballin'' the Jack - Twinkle Stars Class Training', '&lt;p&gt;Twinkle Stars Class Training Twinkle Stars 3-4, 4-5, 5-6 Song: Ballin'' the Jack Artist: Sharon, Lois and Bram - The Elephant Show Record Twinkle Star Dance&amp;trade; &amp;copy; 2011 Tiffany''s Dance Academy, Inc.  All Rights Reserved&lt;/p&gt;', 0.1, 'http://tdapics.smugmug.com/Choreography-Videos/Twinkle-Star-Dance/i-gcRBC64/0/Th/Sequence-6-Twinkle-Stars-Tap-Th.jpg', 'http://api.smugmug.com/services/embed/2084198716_gcRBC64?width=800&height=600', 1, '2012-09-20 13:42:12', '2012-10-26 08:48:02');
INSERT INTO `videos` VALUES(222, '5 Positions in a Row - Twinkle Stars Class Training', '&lt;p&gt;Twinkle Stars Class Training Twinkle Stars Ballet 2-3, 3-4, 4-5 Song: 5 Positions in a Row Artist: Kimbo Educational - Children''s Dance Blue Series Twinkle Star Dance&amp;trade; &amp;copy; 2011 Tiffany''s Dance Academy, Inc.  All Rights Reserved&lt;/p&gt;', 0.1, 'http://tdapics.smugmug.com/Choreography-Videos/Twinkle-Star-Dance/i-3cWNs7N/0/Th/Sequence-3-Twinkle-Stars-Th.jpg', 'http://api.smugmug.com/services/embed/2084191815_3cWNs7N?width=800&height=600', 1, '2012-09-20 13:42:53', '2012-10-10 15:24:45');
INSERT INTO `videos` VALUES(223, 'I See the Light - Twinkle Stars Class Training', '&lt;p&gt;Twinkle Stars Class Training Twinkle Stars Ballet Center Stretch and Movement 3-4, 4-5, 5-6 Song: I See the Light Artist: Mandy Moore and Zach Levi - Disney Tangled Twinkle Star Dance&amp;trade; &amp;copy; 2011 Tiffany''s Dance Academy, Inc.  All Rights Reserved&lt;/p&gt;', 0.1, 'http://tdapics.smugmug.com/Choreography-Videos/Twinkle-Star-Dance/i-5gkQt6N/0/Th/Sequence-29-Twinkle-Stars-Th.jpg', 'http://api.smugmug.com/services/embed/2084259512_5gkQt6N?width=800&height=600', 1, '2012-09-20 13:45:08', '2012-10-10 15:24:01');
INSERT INTO `videos` VALUES(224, 'Party Rock Anthem - Twinkle Stars Class Training', '&lt;p&gt;Twinkle Stars Class Training Twinkle Stars Jazz Center Movement 4-5, 5-6 Song: Party Rock Anthem Artist: Kidz Bop Twinkle Star Dance&amp;trade; &amp;copy; 2011 Tiffany''s Dance Academy, Inc.  All Rights Reserved&lt;/p&gt;', 0.1, 'http://tdapics.smugmug.com/Choreography-Videos/Twinkle-Star-Dance/i-KKfZZFB/0/Th/Sequence-33-Twinkle-Stars-Th.jpg', 'http://api.smugmug.com/services/embed/2084268233_KKfZZFB?width=800&height=600', 1, '2012-09-20 13:46:51', '2012-10-26 09:21:12');
INSERT INTO `videos` VALUES(225, 'With my Foot I Tap, Tap, Tap - Twinkle Babies and Twinkle Stars Class Training', '&lt;p&gt;&amp;copy; Twinkle Star Dance&amp;trade; &lt;br /&gt;\r\n&lt;br /&gt;\r\nTwinkle Stars Class Training Twinkle Stars Tap 2-3 and 3-4 Song: With my Foot I Tap, Tap, Tap Artist: Gaynor Ellen Twinkle Star Dance&amp;trade; &amp;copy; 2011 Tiffany''s Dance Academy, Inc.  All Rights Reserved&lt;/p&gt;', 0.1, 'http://tdapics.smugmug.com/Choreography-Videos/Twinkle-Star-Dance/i-DJxM374/0/Th/Sequence-5-Twinkle-Stars-Tap-Th.jpg', 'http://api.smugmug.com/services/embed/2084195636_DJxM374?width=800&height=600', 1, '2012-09-20 13:47:40', '2012-11-02 12:19:48');
INSERT INTO `videos` VALUES(226, 'Life is a Highway - Twinkle Stars Class Training', '&lt;p&gt;Twinkle Stars Class Training Twinkle Stars Tap Center Exercise 3-4, 4-5, 5-6 Song: Life is a Highway Artist: Rascall Flats Twinkle Star Dance&amp;trade; &amp;copy; 2011 Tiffany''s Dance Academy, Inc.  All Rights Reserved&lt;/p&gt;', 0.1, 'http://tdapics.smugmug.com/Choreography-Videos/Twinkle-Star-Dance/i-75D7hRK/0/Th/Sequence-39-Twinkle-Stars-Tap-Th.jpg', 'http://api.smugmug.com/services/embed/2084280199_75D7hRK?width=800&height=600', 1, '2012-09-20 13:48:20', '2012-10-10 15:08:47');
INSERT INTO `videos` VALUES(227, 'We Wish You A Merry Christmas and Jingle Bells - Twinkle Stars Ballet Recital Choreography', '&lt;p&gt;Twinkle Stars Recital Choreography Twinkle Stars Ballet Recital Dance  Song 1: We Wish You A Merry Christmas Artist: Kids Christmas Music Song 2: Jingle Bells Artist: Children''s Favourite''s - Kids Christmas Music Twinkle Star Dance&amp;trade; &amp;copy; 2011 Tiffany''s Dance Academy.  All Rights Reserved&lt;/p&gt;', 0.1, 'http://tdapics.smugmug.com/Choreography-Videos/Twinkle-Star-Dance/i-B7B3hRT/0/Th/Sequence-30-Twinkle-Stars-Th.jpg', 'http://api.smugmug.com/services/embed/2084256055_B7B3hRT?width=800&height=600', 1, '2012-09-20 13:49:21', '2012-10-26 09:35:37');
INSERT INTO `videos` VALUES(228, 'Let It Snow - Twinkle Stars Jazz Recital Choreography', '&lt;p&gt;Twinkle Stars Recital Choreography Twinkle Stars Jazz Recital Dance  Song: Let It Snow Artist: Jessica Simpson Twinkle Star Dance&amp;trade; &amp;copy; 2011 Tiffany''s Dance Academy.  All Rights Reserved&lt;/p&gt;', 0.1, 'http://tdapics.smugmug.com/Choreography-Videos/Twinkle-Star-Dance/i-9kqfSPg/0/Th/Sequence-27-Twinkle-Stars-Th.jpg', 'http://api.smugmug.com/services/embed/2084249648_9kqfSPg?width=800&height=600', 1, '2012-09-20 13:49:28', '2012-10-26 09:36:43');
INSERT INTO `videos` VALUES(229, 'Have a Holly Jolly Christmas - Twinkle Stars Jazz Recital Choreography', '&lt;p&gt;Twinkle Stars Recital Choreography Twinkle Stars Jazz/Ballet Recital Dance  Song: Have a Holly Jolly Christmas Artist: Natalie Grant Twinkle Star Dance&amp;trade; &amp;copy; 2011 Tiffany''s Dance Academy.  All Rights Reserved.&lt;/p&gt;', 0.1, 'http://tdapics.smugmug.com/Choreography-Videos/Twinkle-Star-Dance/i-RW4Zv56/0/Th/Sequence-13-Combination-Th.jpg', 'http://api.smugmug.com/services/embed/2084217800_RW4Zv56?width=800&height=600', 1, '2012-09-20 13:51:08', '2012-10-10 15:05:29');
INSERT INTO `videos` VALUES(230, 'I''ll Be a Little Angel - Twinkle Stars Ballet/Jazz Recital Choreography', '&lt;p&gt;Twinkle Stars Recital Choreography Twinkle Stars Jazz/Ballet Recital Dance  Song: I''ll Be a Little Angel Artist: Sugar Beats Twinkle Star Dance&amp;trade; &amp;copy; 2011 Tiffany''s Dance Academy.  All Rights Reserved.&lt;/p&gt;', 0.1, 'http://tdapics.smugmug.com/Choreography-Videos/Twinkle-Star-Dance/i-2vx3J2M/0/Th/Sequence-15-Holiday-Recital-Th.jpg', 'http://api.smugmug.com/services/embed/2084223001_2vx3J2M?width=800&height=600', 1, '2012-09-20 13:52:39', '2012-10-26 09:36:00');
INSERT INTO `videos` VALUES(231, 'Rudoplh, the Red Nosed Reindeer - Twinkle Stars Jazz Recital Choreography', '&lt;p&gt;Twinkle Stars Recital Choreography Twinkle Stars Jazz/Ballet Recital Dance  Song: Rudoplh, the Red Nosed Reindeer Artist: The Snow Kidz featuring Deanna Kirk Twinkle Star Dance&amp;trade; &amp;copy; 2011 Tiffany''s Dance Academy.  All Rights Reserved.&lt;/p&gt;', 0.1, 'http://tdapics.smugmug.com/Choreography-Videos/Twinkle-Star-Dance/i-Z8R9nfq/0/Th/Sequence-7-Holiday-Recital-Th.jpg', 'http://api.smugmug.com/services/embed/2084205011_Z8R9nf?width=800&height=600', 1, '2012-09-20 13:53:15', '2012-10-10 15:04:17');
INSERT INTO `videos` VALUES(232, 'Boogie Woogie Santa Claus - Twinkle Stars Tap Recital Choreography', '&lt;p&gt;Twinkle Stars Recital Choreography Twinkle Stars Tap Recital Dance  Song: Boogie Woogie Santa Claus Artist: The Snow Kidz  Twinkle Star Dance&amp;trade; &amp;copy; 2011 Tiffany''s Dance Academy.  All Rights Reserved.Twinkle Stars Recital Choreography&lt;/p&gt;', 0.1, 'http://tdapics.smugmug.com/Choreography-Videos/Twinkle-Star-Dance/i-dfxcsZB/0/Th/Sequence-9-Combination-Th.jpg', 'http://api.smugmug.com/services/embed/2084205243_dfxcsZB?width=800&height=600', 1, '2012-09-20 13:53:51', '2012-10-26 09:36:23');
INSERT INTO `videos` VALUES(233, 'Frosty the Snowman - Twinkle Stars Tap Recital Choreography', '&lt;p&gt;Twinkle Stars Recital Choreography Twinkle Stars Tap Recital Dance  Song: Frosty the Snowman Artist: Countdown Kids - 60 Christmas Carols for Kids Twinkle Star Dance&amp;trade; &amp;copy; 2011 Tiffany''s Dance Academy.  All Rights Reserved.&lt;/p&gt;', 0.1, 'http://tdapics.smugmug.com/Choreography-Videos/Twinkle-Star-Dance/i-ZHssqfq/0/Th/Sequence-32-Twinkle-Stars-Th.jpg', 'http://api.smugmug.com/services/embed/2084263363_ZHssqf?width=800&height=600', 1, '2012-09-20 13:54:58', '2012-10-10 15:03:02');
INSERT INTO `videos` VALUES(234, 'Jingle Bell Rock - Twinkle Stars Tap Recital Choreography', '&lt;p&gt;Twinkle Stars Recital Choreography Twinkle Stars Tap Recital Dance  Song: Jingle Bell Rock Artist: The Hit Crew Twinkle Star Dance&amp;trade; &amp;copy; 2011 Tiffany''s Dance Academy.  All Rights Reserved&lt;/p&gt;', 0.1, 'http://tdapics.smugmug.com/Choreography-Videos/Twinkle-Star-Dance/i-kH5JpQp/0/Th/Sequence-11-Combination-Th.jpg', 'http://api.smugmug.com/services/embed/2084211960_kH5JpQp?width=800&height=600', 1, '2012-09-20 13:55:31', '2012-10-10 15:02:14');
INSERT INTO `videos` VALUES(235, 'Jingle Bells - Twinkle Stars Tap Recital Choreography', '&lt;p&gt;Twinkle Stars Recital Choreography Twinkle Stars Tap Recital Dance  Song: Mickey''s Jingle Bells Artist: Mickey and his Friends - TSD EDIT Twinkle Star Dance&amp;trade; &amp;copy; 2011 Tiffany''s Dance Academy.  All Rights Reserved.&lt;/p&gt;', 0.1, 'http://tdapics.smugmug.com/Choreography-Videos/Twinkle-Star-Dance/i-GQvztmz/0/Th/Sequence-10-Combination-Th.jpg', 'http://api.smugmug.com/services/embed/2084210558_GQvztmz?width=800&height=600', 1, '2012-09-20 13:56:30', '2012-10-26 09:35:16');
INSERT INTO `videos` VALUES(236, 'Rockin'' Around the Christmas Tree - Twinkle Stars Tap Recital Choreography', '&lt;p&gt;Twinkle Stars Recital Choreography Twinkle Stars Tap Recital Dance  Song: Rockin'' Around the Christmas Tree Artist: The Hit Crew Twinkle Star Dance&amp;trade; &amp;copy; 2011 Tiffany''s Dance Academy.  All Rights Reserved.&lt;/p&gt;', 0.1, 'http://tdapics.smugmug.com/Choreography-Videos/Twinkle-Star-Dance/i-K2SvCXG/0/Th/Sequence-34-Combination-Th.jpg', 'http://api.smugmug.com/services/embed/2084265881_K2SvCXG?width=800&height=600', 1, '2012-09-20 13:57:19', '2012-10-10 15:01:17');
INSERT INTO `videos` VALUES(237, 'TSS01a - Celebration - Breakdown Twinkle Stars 4-5 and 5-6', '&lt;p&gt;TSS01a - Celebration - Breakdown&lt;br /&gt;\r\nTwinkle Stars 4-5 and 5-6&amp;trade;&lt;br /&gt;\r\nTap Warm Up&lt;br /&gt;\r\nSong: Celebration&lt;br /&gt;\r\nAlbum:&amp;nbsp; Everyone is a Star&lt;br /&gt;\r\nArtist: Sugar Beats - ITUNES&lt;br /&gt;\r\n&amp;copy; Twinkle Star Dance&amp;trade; &lt;br /&gt;\r\nAll Rights Reserved &lt;br /&gt;\r\n&lt;br /&gt;\r\nCostumeManager.com &amp;lt;a style=&amp;quot;color:#0000FF&amp;quot; href=&amp;quot;http://www.costumemanager.com/overview&amp;quot; target=&amp;quot;_blank&amp;quot;&amp;gt;overview video&amp;nbsp; &amp;lt;/a&amp;gt;. Register your studio today.&lt;br /&gt;\r\n&lt;br /&gt;\r\nClass Playlist: Twinkle Stars 4-5 &amp;amp; 5-6&amp;trade;&lt;br /&gt;\r\n&lt;br /&gt;\r\n1.&amp;nbsp;&amp;nbsp;&amp;nbsp; Celebration-Everyone is a Star-Sugar Beats&amp;nbsp;&amp;nbsp;&amp;nbsp; &amp;nbsp;&amp;nbsp;&amp;nbsp; &amp;nbsp;&amp;nbsp;&amp;nbsp; &lt;br /&gt;\r\n2.&amp;nbsp;&amp;nbsp;&amp;nbsp; Shuffles-Al Gilbert Tap One-Al Gilbert&lt;br /&gt;\r\n3.&amp;nbsp;&amp;nbsp;&amp;nbsp; Shuffle Hop-Al Gilbert Tap One-Al Gilbert&lt;br /&gt;\r\n4.&amp;nbsp;&amp;nbsp;&amp;nbsp; Shuffle Hop Toe Back&amp;nbsp;&amp;nbsp;&amp;nbsp; -Al Gilbert Tap One-Al Gilbert&amp;nbsp;&amp;nbsp;&amp;nbsp; &amp;nbsp;&amp;nbsp;&amp;nbsp; &amp;nbsp;&amp;nbsp;&amp;nbsp; &amp;nbsp;&amp;nbsp;&amp;nbsp; &lt;br /&gt;\r\n5.&amp;nbsp;&amp;nbsp;&amp;nbsp; Shuffle Jump-Al Gilbert Tap One-Al Gilbert&lt;br /&gt;\r\n6.&amp;nbsp;&amp;nbsp;&amp;nbsp; Shuffle Ball Change-Al Gilbert Tap One-Al Gilbert&lt;br /&gt;\r\n7.&amp;nbsp;&amp;nbsp;&amp;nbsp; Working in a Coal Mine-Everyone is a Star-Sugar Beats&amp;nbsp;&amp;nbsp;&amp;nbsp; &lt;br /&gt;\r\n8.&amp;nbsp;&amp;nbsp;&amp;nbsp; Come and Get Your Love-Everyone is a Star-Sugar Beats&lt;br /&gt;\r\n9.&amp;nbsp;&amp;nbsp;&amp;nbsp; Freeway of Love-Car Tunes-Sugar Beats&amp;nbsp;&amp;nbsp;&amp;nbsp; &lt;br /&gt;\r\n10.&amp;nbsp;&amp;nbsp;&amp;nbsp; Be Our Guest&amp;nbsp;&amp;nbsp;&amp;nbsp; Beauty and the Beast Soundtrack-Disney&amp;nbsp;&amp;nbsp;&amp;nbsp; &lt;br /&gt;\r\n11.&amp;nbsp;&amp;nbsp;&amp;nbsp; Can You Feel the Love Tonight-The Lion King Soundtrack-Disney&amp;nbsp;&amp;nbsp;&amp;nbsp; &lt;br /&gt;\r\n12.&amp;nbsp;&amp;nbsp;&amp;nbsp; Ballet Plies-I Wonder if I''m Growing Track #2-Statler Music and Video&lt;br /&gt;\r\n13.&amp;nbsp;&amp;nbsp;&amp;nbsp; Ballet Port de Bras-I Wonder if I''m Growing Track #9, Time to Sing-Statler Music and Video&amp;nbsp;&amp;nbsp;&amp;nbsp; &amp;nbsp;&amp;nbsp;&amp;nbsp; &amp;nbsp;&amp;nbsp;&amp;nbsp; &amp;nbsp;&amp;nbsp;&amp;nbsp; &amp;nbsp;&amp;nbsp;&amp;nbsp; &lt;br /&gt;\r\n14.&amp;nbsp;&amp;nbsp;&amp;nbsp; Ballet Walks&amp;nbsp;&amp;nbsp;&amp;nbsp; I Wonder If I''m Growing Track #6, One Light, One Sun-Statler Music and Video&amp;nbsp;&amp;nbsp;&amp;nbsp; &amp;nbsp;&amp;nbsp;&amp;nbsp; &amp;nbsp;&amp;nbsp;&amp;nbsp; &amp;nbsp;&amp;nbsp;&amp;nbsp; &amp;nbsp;&amp;nbsp;&amp;nbsp; &lt;br /&gt;\r\n15.&amp;nbsp;&amp;nbsp;&amp;nbsp; Chasses and Skips-I Wonder If I''m Growing Track #3, Biscuits in the Oven&amp;nbsp;&amp;nbsp;&amp;nbsp; Statler Music and Video&amp;nbsp;&amp;nbsp;&amp;nbsp; &amp;nbsp;&amp;nbsp;&amp;nbsp; &amp;nbsp;&amp;nbsp;&amp;nbsp; &amp;nbsp;&amp;nbsp;&amp;nbsp; &amp;nbsp;&amp;nbsp;&amp;nbsp; &lt;br /&gt;\r\n16.&amp;nbsp;&amp;nbsp;&amp;nbsp; Princess Walks-I Wonder If I''m Growing Track #4, All I Really Need-Statler Music and Video&amp;nbsp;&amp;nbsp;&amp;nbsp; &amp;nbsp;&amp;nbsp;&amp;nbsp; &amp;nbsp;&amp;nbsp;&amp;nbsp; &amp;nbsp;&amp;nbsp;&amp;nbsp; &amp;nbsp;&amp;nbsp;&amp;nbsp; &lt;br /&gt;\r\n17.&amp;nbsp;&amp;nbsp;&amp;nbsp; Battements-I Wonder if I''m Growing Track #7, Let''s Do the Numbers Rumba Statler Music and Video&amp;nbsp;&amp;nbsp;&amp;nbsp; &amp;nbsp;&amp;nbsp;&amp;nbsp; &amp;nbsp;&amp;nbsp;&amp;nbsp; &amp;nbsp;&amp;nbsp;&amp;nbsp; &amp;nbsp;&amp;nbsp;&amp;nbsp; &lt;br /&gt;\r\n18.&amp;nbsp;&amp;nbsp;&amp;nbsp; Shake Your Body -Everyone is a Star-Sugar Beats&lt;br /&gt;\r\n19.&amp;nbsp;&amp;nbsp;&amp;nbsp; Pure Imagination-Glee -Glee Cast&lt;/p&gt;', 0.1, 'http://tdapics.smugmug.com/Choreography-Videos/Twinkle-Star-Dance/i-6bvV5Qt/1/Th/Breakdown-Celebration-Th.jpg', 'http://api.smugmug.com/services/embed/1710590304_6bvV5Q?width=800&height=600', 1, '2012-09-20 13:58:16', '2012-11-02 13:34:40');
INSERT INTO `videos` VALUES(238, 'Blame it on the Boogie - ShowSTARS Jazz Class Training', '&lt;p&gt;Warm-up Jazz Twinkle Stars 5-8&amp;trade; Blame it on the Boogie Twinkle Star Dance&amp;trade; Jazz ShowSTARS&amp;trade; &amp;copy; 2011 Tiffany''s Dance Academy, Inc.  All Rights Reserved  CostumeManager.com overview video . Register your studio today.&lt;/p&gt;', 0.1, 'http://tdapics.smugmug.com/Choreography-Videos/Pre-Jazz-Warm-Up-2010-11-1/Blame-it-on-the-Boogie/919152397_8ePEF-Th-1.jpg', 'http://api.smugmug.com/services/embed/919152397_8ePEF?width=800&height=600', 1, '2012-09-20 13:59:14', '2012-10-10 14:59:56');
INSERT INTO `videos` VALUES(239, 'Warmup-Hip Hop', 'Warmup-Hip Hop\r\nTwinkle Star Dance\r\nAges 5-6\r\n 2011 Tiffany''s Dance Academy, Inc. \r\nAll Rights Reserved \r\nCostumeManager.com overview video . Register your studio today.', 0.1, 'http://tdapics.smugmug.com/Choreography-Videos/Warmup-Videos-2011-12/i-k7VbR6g/0/Th/HH-Warm-Up-Th.jpg', 'http://api.smugmug.com/services/embed/1360586131_k7VbR6g?width=800&height=600', 2, '2012-09-20 14:00:02', '0000-00-00 00:00:00');
INSERT INTO `videos` VALUES(240, 'Warmup-Jazz Advanced Jazz Warmup Part 1', '&lt;p&gt;Warmup-Jazz Advanced Jazz Warmup Part 1 Twinkle Star Dance&amp;trade; &amp;copy; 2011 Tiffany''s Dance Academy, Inc.  All Rights Reserved  CostumeManager.com overview video . Register your studio today.&lt;/p&gt;', 0.1, 'http://tdapics.smugmug.com/Choreography-Videos/Adv-Jazz-Warm-Up-2010-11-1/Adv-Jazz-Warm-Up-Part-1/919094950_uzMpx-Th.jpg', 'http://api.smugmug.com/services/embed/919094950_uzMpx?width=800&height=600', 2, '2012-09-20 14:00:46', '2012-10-10 12:15:33');
INSERT INTO `videos` VALUES(241, 'Warmup-Jazz Advanced Jazz Warmup Part 2', '&lt;p&gt;Warmup-Jazz Advanced Jazz Warmup Part 2 Twinkle Star Dance&amp;trade; &amp;copy; 2011 Tiffany''s Dance Academy, Inc.  All Rights Reserved  CostumeManager.com overview video . Register your studio today.&lt;/p&gt;', 0.1, 'http://tdapics.smugmug.com/Choreography-Videos/Adv-Jazz-Warm-Up-2010-11-1/Adv-Jazz-Warm-Up-Part-2/919105448_HzTbz-Th.jpg', 'http://api.smugmug.com/services/embed/919105448_HzTbz?width=800&height=600', 2, '2012-09-20 14:02:01', '2012-10-10 12:15:23');
INSERT INTO `videos` VALUES(242, 'Warmup-Jazz Advanced Jazz Warmup Part 3', '&lt;p&gt;Warmup-Jazz Advanced Jazz Warmup Part 3 Twinkle Star Dance&amp;trade; &amp;copy; 2011 Tiffany''s Dance Academy, Inc.  All Rights Reserved  CostumeManager.com overview video . Register your studio today.&lt;/p&gt;', 0.1, 'http://tdapics.smugmug.com/Choreography-Videos/Adv-Jazz-Warm-Up-2010-11-1/Adv-Jazz-Warm-Up-Part-3/919116159_YKRR9-Th.jpg', 'http://api.smugmug.com/services/embed/919116159_YKRR9?width=800&height=600', 2, '2012-09-20 14:03:06', '2012-10-10 12:15:10');
INSERT INTO `videos` VALUES(243, 'ShowStars Jazz Advanced Jazz Warmup Part 4', '&lt;p&gt;Warmup-Jazz Advanced Jazz Warmup Part 4 Twinkle Star Dance&amp;trade; &amp;copy; 2011 Tiffany''s Dance Academy, Inc.  All Rights Reserved  CostumeManager.com overview video . Register your studio today.&lt;/p&gt;', 0.1, 'http://tdapics.smugmug.com/Choreography-Videos/Adv-Jazz-Warm-Up-2010-11-1/Adv-Jazz-Warm-Up-Part-4/919130186_j7koe-Th.jpg', 'http://api.smugmug.com/services/embed/919130186_j7koe?width=800&height=600', 2, '2012-09-20 14:03:43', '2012-10-10 12:51:47');
INSERT INTO `videos` VALUES(244, 'Black or White - ShowSTARS Jazz Class Training', '&lt;p&gt;Warmup-Jazz Black or White Warmup - Small Resolution Twinkle Star Dance&amp;trade; &amp;copy; 2011 Tiffany''s Dance Academy, Inc.  All Rights Reserved  CostumeManager.com overview video . Register your studio today.&lt;/p&gt;', 0.1, 'http://tdapics.smugmug.com/Rehearsal-Videos/Instructors/Jazz-Warmup-Black-or-White-1/black-or-white/643612336_YZ92S-Th-1.jpg', 'http://api.smugmug.com/services/embed/643612336_YZ92S?width=800&height=600', 1, '2012-09-20 14:04:29', '2012-10-10 14:59:42');
INSERT INTO `videos` VALUES(245, 'Car Wash - ShowSTARS Jazz Class Training', '&lt;p&gt;Warmup-Jazz Carwash Warmup Twinkle Star Dance&amp;trade; Jazz ShowSTARS&amp;trade; &amp;copy; 2011 Tiffany''s Dance Academy, Inc.  All Rights Reserved  CostumeManager.com overview video . Register your studio today.&lt;/p&gt;', 0.1, 'http://tdapics.smugmug.com/Choreography-Videos/Warmup-Videos-2011-12/i-TfrbCVZ/1/Th/Carwash-Warmup-Th.jpg', 'http://api.smugmug.com/services/embed/1358320913_TfrbCVZ?width=800&height=600', 1, '2012-09-20 14:05:33', '2012-10-10 14:58:07');
INSERT INTO `videos` VALUES(246, 'Warmup-Jazz Everybody, Everybody Warmup', '&lt;p&gt;Warmup-Jazz Everybody, Everybody Warmup Twinkle Star Dance&amp;trade; &amp;copy; 2011 Tiffany''s Dance Academy, Inc.  All Rights Reserved  CostumeManager.com overview video . Register your studio today.&lt;/p&gt;', 0.1, 'http://tdapics.smugmug.com/Choreography-Videos/Warmup-Videos-2011-12/i-CbQNrtw/0/Th/Everybody-Everybody-warmup-Th.jpg', 'http://api.smugmug.com/services/embed/1358305979_CbQNrtw?width=800&height=600', 2, '2012-09-20 14:05:52', '2012-10-10 12:10:27');
INSERT INTO `videos` VALUES(247, 'Warmup-Jazz Jazz Warmup for Beginning, Intermediate and Juniors', '&lt;p&gt;Warmup-Jazz Jazz Warmup for Beginning, Intermediate and Juniors Twinkle Star Dance&amp;trade; Jazz ShowSTARS&amp;trade; &amp;copy; 2011 Tiffany''s Dance Academy, Inc.  All Rights Reserved  CostumeManager.com overview video . Register your studio today.&lt;/p&gt;', 0.1, 'http://tdapics.smugmug.com/Choreography-Videos/Beg-Int-Jr-Jazz-Warm-Up-1/Jazz-Warmup-2010-11-Beg-Int/919047958_XjtY4-Th.jpg', 'http://api.smugmug.com/services/embed/919047958_XjtY4?width=800&height=600', 2, '2012-09-20 14:07:57', '2012-10-10 12:10:09');
INSERT INTO `videos` VALUES(248, 'House is a Rockin'' - ShowSTARS Tap Class Training', '&lt;p&gt;Warmup-Jr. Tap House is Rockin''! - ages 5-7 Twinkle Star Dance&amp;trade; ShowSTARS&amp;trade; &amp;copy; 2012 Twinkle Star Dance&amp;trade;, LLC  All Rights Reserved  CostumeManager.com overview video . Register your studio today.&lt;/p&gt;', 0.1, 'http://tdapics.smugmug.com/Choreography-Videos/Twinkle-Star-Dance/i-HmZTGcb/1/Th/Tap-Warmup-House-is-Rockin-v2-Th.jpg', 'http://api.smugmug.com/services/embed/2071390832_HmZTGcb?width=800&height=600', 1, '2012-09-20 14:08:37', '2012-10-10 14:56:35');
INSERT INTO `videos` VALUES(249, 'Jukebox - ShowSTARS Tap Class Training', '&lt;p&gt;Warmup-Jr. Tap Jukebox - ages 7-9 Twinkle Star Dance&amp;trade; ShowSTARS&amp;trade; &amp;copy; 2012 Twinkle Star Dance&amp;trade;, LLC  All Rights Reserved  CostumeManager.com overview video . Register your studio today.&lt;/p&gt;', 0.1, 'http://tdapics.smugmug.com/Choreography-Videos/Twinkle-Star-Dance/i-gVjtTDZ/1/Th/Jukebox-Jr-Tap-Warmup-Th.jpg', 'http://api.smugmug.com/services/embed/1762991199_gVjtTDZ?width=800&height=600', 1, '2012-09-20 14:09:30', '2012-10-10 14:55:40');
INSERT INTO `videos` VALUES(250, 'Rock Me - ShowSTARS Tap Class Training', '&lt;p&gt;Warmup-Jr. Tap Rock Me - ages 7-9 Twinkle Star Dance&amp;trade; ShowSTARS&amp;trade; &amp;copy; 2012 Twinkle Star Dance&amp;trade;, LLC  All Rights Reserved  CostumeManager.com overview video . Register your studio today.&lt;/p&gt;', 0.1, 'http://tdapics.smugmug.com/Choreography-Videos/Twinkle-Star-Dance/i-VphbjQn/1/Th/Tap-Warmup-Rock-Me-v2-Th.jpg', 'http://api.smugmug.com/services/embed/2071350059_VphbjQn?width=800&height=600', 1, '2012-09-20 14:10:10', '2012-10-10 14:55:03');
INSERT INTO `videos` VALUES(251, 'Saturday Night Fish Fry - ShowSTARS Tap Class Training', '&lt;p&gt;Warmup-Jr. Tap Saturday Night Fish Fry - ages 5-7 Twinkle Star Dance&amp;trade; ShowSTARS&amp;trade; &amp;copy; 2012 Twinkle Star Dance&amp;trade;, LLC  All Rights Reserved  CostumeManager.com overview video . Register your studio today.&lt;/p&gt;', 0.1, 'http://tdapics.smugmug.com/Choreography-Videos/Twinkle-Star-Dance/i-kxZRDqf/1/Th/Saturday-Night-Fish-Fry-Mini-Th.jpg', 'http://api.smugmug.com/services/embed/1763160093_kxZRDqf?width=800&height=600', 1, '2012-09-20 14:10:53', '2012-10-10 14:56:00');
INSERT INTO `videos` VALUES(252, 'Warmup-Tap Beg/Int Tap Warmup &quot;Evacuate the Dance floor&quot; Demonstration with music and voice over', 'Warmup-Tap\r\nBeg/Int Tap Warmup &quot;Evacuate the Dance floor&quot; Demonstration with music and voice over\r\nTwinkle Star Dance\r\n 2011 Tiffany''s Dance Academy, Inc. \r\nAll Rights Reserved \r\nCostumeManager.com overview video . Register your studio today.', 0.1, 'http://tdapics.smugmug.com/Choreography-Videos/Pre-Jr-BegInt-Tap-Warmups-1/medium/926053008_8RkfC-Th.jpg', 'http://api.smugmug.com/services/embed/926053008_8RkfC?width=800&height=600', 2, '2012-09-20 14:12:06', '0000-00-00 00:00:00');
INSERT INTO `videos` VALUES(253, 'Warmup-Tap Beg/Int/Jrs Tap Warmup-NOTES - Funk', 'Warmup-Tap\r\nBeg/Int/Jrs Tap Warmup-NOTES - Funk\r\nTwinkle Star Dance\r\n 2011 Tiffany''s Dance Academy, Inc. \r\nAll Rights Reserved \r\nCostumeManager.com overview video . Register your studio today', 0.1, 'http://tdapics.smugmug.com/Rehearsal-Videos/Instructors/BegInt-Jrs-Funk-Notes-1/Beg-Int-Jrs-funk-notes/647160516_TwwBf-Th.jpg', 'http://api.smugmug.com/services/embed/647160516_TwwBf?width=800&height=600', 2, '2012-09-20 14:12:49', '0000-00-00 00:00:00');
INSERT INTO `videos` VALUES(254, 'Warmup-Tap Jr Tap Warm Up &quot;The House is Rockin''&quot; Demonstration (w/music)', 'Warmup-Tap\r\nJr Tap Warm Up &quot;The House is Rockin''&quot; Demonstration (w/music)\r\nTwinkle Star Dance\r\n 2011 Tiffany''s Dance Academy, Inc. \r\nAll Rights Reserved \r\nCostumeManager.com overview video . Register your studio today.', 0.1, 'http://tdapics.smugmug.com/Choreography-Videos/Pre-Jr-BegInt-Tap-Warmups-1/medium/926001526_YTi6y-Th.jpg', 'http://api.smugmug.com/services/embed/926001526_YTi6y?width=800&height=600', 2, '2012-09-20 14:13:35', '0000-00-00 00:00:00');
INSERT INTO `videos` VALUES(255, 'Warmup-Tap Jr Tap Warm Up &quot;The House is Rockin''&quot; Explanation', 'Warmup-Tap\r\nJr Tap Warm Up &quot;The House is Rockin''&quot; Explanation\r\nTwinkle Star Dance\r\nTap ShowSTARS\r\n 2011 Tiffany''s Dance Academy, Inc. \r\nAll Rights Reserved \r\nCostumeManager.com overview video . Register your studio today.', 0.1, 'http://tdapics.smugmug.com/Choreography-Videos/Pre-Jr-BegInt-Tap-Warmups-1/medium/925992759_SzjVD-Th.jpg', 'http://api.smugmug.com/services/embed/925992759_SzjVD?width=800&height=600', 2, '2012-09-20 14:14:28', '0000-00-00 00:00:00');
INSERT INTO `videos` VALUES(256, 'Warmup-Tap Jrs Tap Warmup - Rip it Up', 'Warmup-Tap\r\nJrs Tap Warmup - Rip it Up\r\nTwinkle Star Dance\r\nTap ShowSTARS\r\n 2011 Tiffany''s Dance Academy, Inc. \r\nAll Rights Reserved \r\nCostumeManager.com overview video . Register your studio today.', 0.1, 'http://tdapics.smugmug.com/Rehearsal-Videos/Instructors/Rip-it-Up-Notes-and-Music/Rip-it-Up-Notes/647143846_HBwv3-Th.jpg', 'http://api.smugmug.com/services/embed/647143846_HBwv3?width=800&height=600', 2, '2012-09-20 14:15:17', '0000-00-00 00:00:00');
INSERT INTO `videos` VALUES(257, 'Warmup-Tap Pre Tap Warm Up &quot;Car Wash&quot; Demonstration (w/music)', 'Warmup-Tap\r\nPre Tap Warm Up &quot;Car Wash&quot; Demonstration (w/music)\r\nTwinkle Star Dance\r\nTap ShowSTARS\r\n 2011 Tiffany''s Dance Academy, Inc. \r\nAll Rights Reserved \r\nCostumeManager.com overview video . Register your studio today.', 0.1, 'http://tdapics.smugmug.com/Choreography-Videos/Pre-Jr-BegInt-Tap-Warmups-1/medium/925968574_htoJk-Th.jpg', 'http://api.smugmug.com/services/embed/925968574_htoJk?width=800&height=600', 2, '2012-09-20 14:16:00', '0000-00-00 00:00:00');
INSERT INTO `videos` VALUES(258, 'Warmup-Tap Pre Tap Warm-Up &quot;Car Wash&quot; Explanation', '&lt;p&gt;Warmup-Tap Pre Tap Warm-Up &amp;quot;Car Wash&amp;quot; Explanation Twinkle Star Dance&amp;trade; Tap ShowSTARS&amp;trade; &amp;copy; 2011 Tiffany''s Dance Academy, Inc.  All Rights Reserved  CostumeManager.com overview video . Register your studio today.&lt;/p&gt;', 0.1, 'http://tdapics.smugmug.com/Choreography-Videos/Pre-Jr-BegInt-Tap-Warmups-1/medium/925957091_dqoxw-Th.jpg', 'http://api.smugmug.com/services/embed/925957091_dqoxw?width=800&height=600', 2, '2012-09-20 14:16:48', '2012-10-10 11:13:57');
INSERT INTO `videos` VALUES(259, 'He Was Rockin'' - MUSIC', '&lt;p&gt;Warmup-Tap Pre/Jr Tap Warmup - He Was Rockin'' - MUSIC Twinkle Star Dance&amp;trade; Tap ShowSTARS&amp;trade; &amp;copy; 2011 Tiffany''s Dance Academy, Inc.  All Rights Reserved  CostumeManager.com overview video . Register your studio today.&lt;/p&gt;', 0.1, 'http://tdapics.smugmug.com/Rehearsal-Videos/Instructors/He-Was-Rockin-Music-1/He-Was-Rockin-To-Music/647196029_BdYt7-Th.jpg', 'http://api.smugmug.com/services/embed/647196029_BdYt7?width=800&height=600', 2, '2012-09-20 14:17:42', '2012-10-08 02:02:18');
INSERT INTO `videos` VALUES(260, 'He Was Rockin'' Warmup NOTES', '&lt;p&gt;Warmup-Tap Pre/Jr Tap Warmup - He Was Rockin'' Warmup NOTES Twinkle Star Dance&amp;trade; &amp;copy; 2011 Tiffany''s Dance Academy, Inc.  All Rights Reserved  CostumeManager.com overview video . Register your studio today.&lt;/p&gt;', 0.1, 'http://tdapics.smugmug.com/Rehearsal-Videos/Instructors/He-Was-Rockin-Notes-1/He-Was-Rockin-Warm-Up-notes/647186636_DrRnP-Th.jpg', 'http://api.smugmug.com/services/embed/647186636_DrRnP?width=800&height=600', 2, '2012-09-20 14:18:35', '2012-10-08 02:01:31');
INSERT INTO `videos` VALUES(261, 'Yo Mickey - Twinkle Stars Class Training', '&lt;p&gt;Warmup-Tap Yo Mickey Twinkle Star Dance&amp;trade; &amp;copy; 2012 Twinkle Star Dance&amp;trade;. All Rights Reserved  CostumeManager.com overview video . Register your studio today.&lt;/p&gt;', 0.1, 'http://tdapics.smugmug.com/Choreography-Videos/Twinkle-Star-Dance/i-f8LtxKJ/1/Th/Yo-Mickey-Tap-Warmup-Th.jpg', 'http://api.smugmug.com/services/embed/1860333170_f8LtxKJ?width=800&height=600', 1, '2012-09-20 14:19:21', '2012-11-06 14:19:40');
INSERT INTO `videos` VALUES(262, 'When Somebody Loves Me', 'When Somebody Loves Me \r\nCostumeManager.com overview video . \r\nRegister your studio today.', 0.1, 'http://tdapics.smugmug.com/SummerCampChoreography2011/Summer-Camp-Choreography-2011/i-XDmhx4D/0/Th/Summer-Camp-Dances-2011-When-Th.jpg', 'http://api.smugmug.com/services/embed/1358254722_XDmhx4D?width=800&height=600', 2, '2012-09-20 14:20:22', '2012-09-20 14:20:33');
INSERT INTO `videos` VALUES(263, 'Sample Video 1', NULL, 0, 'http://img.youtube.com/vi/FXoNH2ybh8Y/0.jpg', 'http://www.youtube.com/embed/FXoNH2ybh8Y', 1, NULL, NULL);
INSERT INTO `videos` VALUES(264, 'Sample Video 2', NULL, 0, 'http://img.youtube.com/vi/WrfzgDNmPFM/0.jpg', 'http://www.youtube.com/embed/WrfzgDNmPFM', 1, NULL, NULL);
INSERT INTO `videos` VALUES(265, 'Sample Video 3', NULL, 0, 'http://img.youtube.com/vi/U_U5cGUYXU8/0.jpg', 'http://www.youtube.com/embed/U_U5cGUYXU8', 1, NULL, NULL);
INSERT INTO `videos` VALUES(266, 'Sample Video 4', NULL, 0, 'http://img.youtube.com/vi/T9gY8VyJunI/0.jpg', 'http://www.youtube.com/embed/T9gY8VyJunI', 1, NULL, NULL);
INSERT INTO `videos` VALUES(267, 'Sample Video 5', NULL, 0, 'http://img.youtube.com/vi/H6BDZrnoEwA/0.jpg', 'http://www.youtube.com/embed/H6BDZrnoEwA', 1, NULL, NULL);
INSERT INTO `videos` VALUES(268, 'Sample Video 6', NULL, 0, 'http://73fe8_20120912102824.jpg', 'http://api.smugmug.com/services/embed/1702451169_Dfs323J?width=800&amp;height=600', 1, NULL, NULL);
INSERT INTO `videos` VALUES(269, 'Sample Video 7', NULL, 0, 'http://7eb52_20120912102925.jpg', 'http://api.smugmug.com/services/embed/1705722456_mmnr6VQ?width=800&amp;height=600', 1, NULL, NULL);
INSERT INTO `videos` VALUES(270, 'Sample Video 8', NULL, 0, 'http://6409d_20120912103053.jpg', 'http://api.smugmug.com/services/embed/1703198828_VTDPTzG?width=800&amp;height=600', 1, NULL, NULL);

--
-- Constraints for dumped tables
--

--
-- Constraints for table `classes`
--
ALTER TABLE `classes`
  ADD CONSTRAINT `classes_ibfk_1` FOREIGN KEY (`created_by`) REFERENCES `users` (`id`) ON DELETE CASCADE,
  ADD CONSTRAINT `classes_ibfk_2` FOREIGN KEY (`updated_by`) REFERENCES `users` (`id`) ON DELETE CASCADE;

--
-- Constraints for table `class_users`
--
ALTER TABLE `class_users`
  ADD CONSTRAINT `class_users_ibfk_1` FOREIGN KEY (`class_id`) REFERENCES `classes` (`id`) ON DELETE CASCADE,
  ADD CONSTRAINT `class_users_ibfk_2` FOREIGN KEY (`user_id`) REFERENCES `users` (`id`) ON DELETE CASCADE;

--
-- Constraints for table `class_videos`
--
ALTER TABLE `class_videos`
  ADD CONSTRAINT `class_videos_ibfk_2` FOREIGN KEY (`video_id`) REFERENCES `videos` (`id`) ON DELETE CASCADE,
  ADD CONSTRAINT `class_videos_ibfk_3` FOREIGN KEY (`class_id`) REFERENCES `classes` (`id`);

--
-- Constraints for table `mst_pages`
--
ALTER TABLE `mst_pages`
  ADD CONSTRAINT `mst_pages_ibfk_1` FOREIGN KEY (`created_user_id`) REFERENCES `users` (`id`) ON DELETE CASCADE,
  ADD CONSTRAINT `mst_pages_ibfk_2` FOREIGN KEY (`updated_user_id`) REFERENCES `users` (`id`) ON DELETE CASCADE;

--
-- Constraints for table `orders`
--
ALTER TABLE `orders`
  ADD CONSTRAINT `orders_ibfk_1` FOREIGN KEY (`user_id`) REFERENCES `users` (`id`) ON DELETE CASCADE;

--
-- Constraints for table `order_details`
--
ALTER TABLE `order_details`
  ADD CONSTRAINT `order_details_ibfk_1` FOREIGN KEY (`order_id`) REFERENCES `orders` (`id`) ON DELETE CASCADE,
  ADD CONSTRAINT `order_details_ibfk_2` FOREIGN KEY (`package_subscription_id`) REFERENCES `package_subscription` (`id`) ON DELETE CASCADE;

--
-- Constraints for table `package_subscription_documents`
--
ALTER TABLE `package_subscription_documents`
  ADD CONSTRAINT `package_subscription_documents_ibfk_1` FOREIGN KEY (`package_sub_id`) REFERENCES `package_subscription` (`id`) ON DELETE CASCADE;

--
-- Constraints for table `package_subscription_transaction`
--
ALTER TABLE `package_subscription_transaction`
  ADD CONSTRAINT `package_subscription_transaction_ibfk_1` FOREIGN KEY (`package_id`) REFERENCES `package_subscription` (`id`) ON DELETE CASCADE,
  ADD CONSTRAINT `package_subscription_transaction_ibfk_2` FOREIGN KEY (`subscription_id`) REFERENCES `package_subscription` (`id`) ON DELETE CASCADE;

--
-- Constraints for table `state_master`
--
ALTER TABLE `state_master`
  ADD CONSTRAINT `state_master_ibfk_1` FOREIGN KEY (`country_id`) REFERENCES `country_master` (`id`) ON DELETE CASCADE;

--
-- Constraints for table `subscription_video_transaction`
--
ALTER TABLE `subscription_video_transaction`
  ADD CONSTRAINT `subscription_video_transaction_ibfk_1` FOREIGN KEY (`video_id`) REFERENCES `videos` (`id`) ON DELETE CASCADE,
  ADD CONSTRAINT `subscription_video_transaction_ibfk_2` FOREIGN KEY (`subscription_id`) REFERENCES `package_subscription` (`id`) ON DELETE CASCADE;

--
-- Constraints for table `system_config`
--
ALTER TABLE `system_config`
  ADD CONSTRAINT `FK_system_config_system_group` FOREIGN KEY (`system_group_id`) REFERENCES `system_group` (`id`) ON DELETE NO ACTION ON UPDATE NO ACTION,
  ADD CONSTRAINT `FK_system_config_system_section` FOREIGN KEY (`system_section_id`) REFERENCES `system_section` (`id`) ON DELETE NO ACTION ON UPDATE NO ACTION;

--
-- Constraints for table `users`
--
ALTER TABLE `users`
  ADD CONSTRAINT `users_ibfk_1` FOREIGN KEY (`role_id`) REFERENCES `user_role` (`id`) ON DELETE CASCADE,
  ADD CONSTRAINT `users_ibfk_2` FOREIGN KEY (`state_id`) REFERENCES `state_master` (`id`) ON DELETE CASCADE,
  ADD CONSTRAINT `users_ibfk_3` FOREIGN KEY (`country_id`) REFERENCES `country_master` (`id`) ON DELETE CASCADE;

--
-- Constraints for table `user_purchased_videos`
--
ALTER TABLE `user_purchased_videos`
  ADD CONSTRAINT `user_purchased_videos_ibfk_1` FOREIGN KEY (`user_id`) REFERENCES `users` (`id`) ON DELETE CASCADE,
  ADD CONSTRAINT `user_purchased_videos_ibfk_2` FOREIGN KEY (`subscription_id`) REFERENCES `package_subscription` (`id`) ON DELETE CASCADE,
  ADD CONSTRAINT `user_purchased_videos_ibfk_3` FOREIGN KEY (`video_id`) REFERENCES `videos` (`id`) ON DELETE CASCADE,
  ADD CONSTRAINT `user_purchased_videos_ibfk_4` FOREIGN KEY (`package_id`) REFERENCES `package_subscription` (`id`) ON DELETE CASCADE;

--
-- Constraints for table `user_videos_transaction`
--
ALTER TABLE `user_videos_transaction`
  ADD CONSTRAINT `user_videos_transaction_ibfk_1` FOREIGN KEY (`user_id`) REFERENCES `users` (`id`) ON DELETE CASCADE,
  ADD CONSTRAINT `user_videos_transaction_ibfk_2` FOREIGN KEY (`class_id`) REFERENCES `classes` (`id`) ON DELETE CASCADE,
  ADD CONSTRAINT `user_videos_transaction_ibfk_3` FOREIGN KEY (`video_id`) REFERENCES `videos` (`id`) ON DELETE CASCADE,
  ADD CONSTRAINT `user_videos_transaction_ibfk_6` FOREIGN KEY (`order_id`) REFERENCES `orders` (`id`) ON DELETE CASCADE;
